,ticker,company_qid,item_description,value,label,ingested_at
134,ALATA.PA,Q753684,products,Q5060160,Centipede: Infestation,2026-04-10 08:14:08.375809
135,ALCOX.PA,Q906797,products,Q3335996,naproxcinod,2026-04-10 08:14:08.375809
136,ALPUL.PA,Q921944,products,Q1804779,Farming Simulator,2026-04-10 08:14:08.375809
137,ALPUL.PA,Q921944,products,Q22019750,Vampyr,2026-04-10 08:14:08.375809
138,ALPUL.PA,Q921944,products,Q29257518,The Surge,2026-04-10 08:14:08.375809
139,ALPUL.PA,Q921944,products,Q54577668,A Plague Tale: Innocence,2026-04-10 08:14:08.375809
140,ALPUL.PA,Q921944,products,Q56218638,,2026-04-10 08:14:08.375809
141,ALPUL.PA,Q921944,products,Q56240409,Insurgency: Sandstorm,2026-04-10 08:14:08.375809
142,ALPUL.PA,Q921944,products,Q64494811,The Surge 2,2026-04-10 08:14:08.375809
143,ALPUL.PA,Q921944,products,Q88550122,,2026-04-10 08:14:08.375809
149,ALLAN.PA,Q3217624,products,Q134862,champagne,2026-04-10 08:14:08.375809
153,ALKAL.PA,Q30150948,products,Q25325220,many-core processor,2026-04-10 08:14:08.375809
157,ALNOV.PA,Q85789917,products,Q221681,in vitro experiment,2026-04-10 08:14:08.375809
158,ALDEV.PA,Q98778444,products,Q11460,clothing,2026-04-10 08:14:08.375809
160,ALPWG.PA,Q105508686,products,Q229367,3D printing,2026-04-10 08:14:08.375809
161,ALGIL.PA,Q130387411,products,Q138580,food packaging,2026-04-10 08:14:08.375809
162,ALGIL.PA,Q130387411,products,Q25380418,food packaging,2026-04-10 08:14:08.375809
217,ALATA.PA,Q753684,instance_of,Q210167,video game developer,2026-04-10 08:14:08.375809
218,ALATA.PA,Q753684,instance_of,Q1137109,video game publisher,2026-04-10 08:14:08.375809
219,ALCOX.PA,Q906797,instance_of,Q43229,organization,2026-04-10 08:14:08.375809
220,ALPUL.PA,Q921944,instance_of,Q210167,video game developer,2026-04-10 08:14:08.375809
221,ALPUL.PA,Q921944,instance_of,Q1137109,video game publisher,2026-04-10 08:14:08.375809
222,ALCGM.PA,Q1052675,instance_of,Q43229,organization,2026-04-10 08:14:08.375809
223,ALECP.PA,Q1375196,instance_of,Q1762059,film production company,2026-04-10 08:14:08.375809
224,ALLOG.PA,Q1561242,instance_of,Q43229,organization,2026-04-10 08:14:08.375809
225,ALCLS.PA,Q2943995,instance_of,Q43229,organization,2026-04-10 08:14:08.375809
226,ALLDL.PA,Q3117461,instance_of,Q43229,organization,2026-04-10 08:14:08.375809
227,ALLAN.PA,Q3217624,instance_of,Q43229,organization,2026-04-10 08:14:08.375809
228,ALBFR.PA,Q3483136,instance_of,Q43229,organization,2026-04-10 08:14:08.375809
229,ALVDM.PA,Q3563428,instance_of,Q133744,tour operator,2026-04-10 08:14:08.375809
230,ALVDM.PA,Q3563428,instance_of,Q217107,travel agency,2026-04-10 08:14:08.375809
231,ALVDM.PA,Q3563428,instance_of,Q4830453,business,2026-04-10 08:14:08.375809
232,ALVDM.PA,Q3563428,instance_of,Q135409668,travel company,2026-04-10 08:14:08.375809
233,ALPJT.PA,Q26898059,instance_of,Q43229,organization,2026-04-10 08:14:08.375809
234,ALKAL.PA,Q30150948,instance_of,Q43229,organization,2026-04-10 08:14:08.375809
235,ALKAL.PA,Q30150948,instance_of,Q4830453,business,2026-04-10 08:14:08.375809
236,ALNEV.PA,Q30269146,instance_of,Q4830453,business,2026-04-10 08:14:08.375809
237,ALCRB.PA,Q65158292,instance_of,Q43229,organization,2026-04-10 08:14:08.375809
238,AL2SI.PA,Q79189910,instance_of,Q43229,organization,2026-04-10 08:14:08.375809
239,ALNOV.PA,Q85789917,instance_of,Q43229,organization,2026-04-10 08:14:08.375809
240,ALDEV.PA,Q98778444,instance_of,Q43229,organization,2026-04-10 08:14:08.375809
241,ALDEV.PA,Q98778444,instance_of,Q726870,brick and mortar,2026-04-10 08:14:08.375809
242,ALDEV.PA,Q98778444,instance_of,Q76213285,clothing store chain,2026-04-10 08:14:08.375809
243,ALBOU.PA,Q98931288,instance_of,Q43229,organization,2026-04-10 08:14:08.375809
244,ALPWG.PA,Q105508686,instance_of,Q43229,organization,2026-04-10 08:14:08.375809
245,ALGIL.PA,Q130387411,instance_of,Q43229,organization,2026-04-10 08:14:08.375809
246,ALHG.PA,Q130745255,instance_of,Q43229,organization,2026-04-10 08:14:08.375809
247,ALSTI.PA,Q131271836,instance_of,Q43229,organization,2026-04-10 08:14:08.375809
248,ALDRV.PA,Q131651749,instance_of,Q43229,organization,2026-04-10 08:14:08.375809
249,ALDRV.PA,Q131651749,instance_of,Q783794,company,2026-04-10 08:14:08.375809
250,ALTAI.PA,Q131899002,instance_of,Q43229,organization,2026-04-10 08:14:08.375809
251,ALTAI.PA,Q131899002,instance_of,Q129238,startup company,2026-04-10 08:14:08.375809
298,ALHG.PA,Q130745255,owned_by,BOL.PA,Bolloré,2026-04-10 08:14:08.375809
499,ABI.BR,Q128738,products,Q44,beer,2026-04-10 08:14:08.375809
500,MLHK.PA,Q152815,products,Q12796,firearm,2026-04-10 08:14:08.375809
501,AGFB.BR,Q309245,products,Q193663,magnetic tape,2026-04-10 08:14:08.375809
503,AGS.BR,Q392338,products,Q43183,insurance,2026-04-10 08:14:08.375809
573,SCB.LS,Q75684,instance_of,Q476028,association football club,2026-04-10 08:14:08.375809
574,ABI.BR,Q128738,instance_of,Q43229,organization,2026-04-10 08:14:08.375809
575,ABI.BR,Q128738,instance_of,Q891723,public company,2026-04-10 08:14:08.375809
576,ABI.BR,Q128738,instance_of,Q4830453,business,2026-04-10 08:14:08.375809
577,MLHK.PA,Q152815,instance_of,Q4830453,business,2026-04-10 08:14:08.375809
578,AGFB.BR,Q309245,instance_of,Q167270,trademark,2026-04-10 08:14:08.375809
579,AGFB.BR,Q309245,instance_of,Q4830453,business,2026-04-10 08:14:08.375809
580,ACKB.BR,Q341828,instance_of,Q219577,holding company,2026-04-10 08:14:08.375809
581,AGS.BR,Q392338,instance_of,Q4830453,business,2026-04-10 08:14:08.375809
582,COFB.BR,Q541277,instance_of,Q4830453,business,2026-04-10 08:14:08.375809
583,CFEB.BR,Q1137796,instance_of,Q4830453,business,2026-04-10 08:14:08.375809
584,CFEB.BR,Q1137796,instance_of,Q6881511,enterprise,2026-04-10 08:14:08.375809
585,GKP.OL,Q5617503,instance_of,Q891723,public company,2026-04-10 08:14:08.375809
586,GKP.OL,Q5617503,instance_of,Q4830453,business,2026-04-10 08:14:08.375809
587,ALVIO.PA,Q7824943,instance_of,Q891723,public company,2026-04-10 08:14:08.375809
588,ALVIO.PA,Q7824943,instance_of,Q4830453,business,2026-04-10 08:14:08.375809
589,TINDE.OL,Q11960931,instance_of,Q157963,savings bank,2026-04-10 08:14:08.375809
590,AASB.OL,Q12011657,instance_of,Q157963,savings bank,2026-04-10 08:14:08.375809
591,ALNG.OL,Q16971183,instance_of,Q4830453,business,2026-04-10 08:14:08.375809
592,FFSB.OL,Q64217834,instance_of,Q157963,savings bank,2026-04-10 08:14:08.375809
593,NISB.OL,Q65234124,instance_of,Q157963,savings bank,2026-04-10 08:14:08.375809
594,SB68.OL,Q97365315,instance_of,Q157963,savings bank,2026-04-10 08:14:08.375809
595,INSTA.OL,Q108744241,instance_of,Q4830453,business,2026-04-10 08:14:08.375809
597,EAM.OL,Q115167224,instance_of,Q4830453,business,2026-04-10 08:14:08.375809
600,AZE.BR,Q115167314,instance_of,Q4830453,business,2026-04-10 08:14:08.375809
603,BORR.OL,Q120149817,instance_of,Q6881511,enterprise,2026-04-10 08:14:08.375809
605,ABI.BR,Q128738,part_of,Q773026,Dow Jones Global Titans 50,2026-04-10 08:14:08.375809
615,AASB.OL,Q12011657,part_of,Q130358026,Lokalbank,2026-04-10 08:14:08.375809
617,FFSB.OL,Q64217834,part_of,Q67380517,,2026-04-10 08:14:08.375809
618,NISB.OL,Q65234124,part_of,Q130358026,Lokalbank,2026-04-10 08:14:08.375809
619,SB68.OL,Q97365315,part_of,Q130358026,Lokalbank,2026-04-10 08:14:08.375809
637,CFEB.BR,Q1137796,owned_by,ACKB.BR,Ackermans & van Haaren,2026-04-10 08:14:08.375809
638,CFEB.BR,Q1137796,owned_by,DG.PA,Vinci,2026-04-10 08:14:08.375809
812,BPOST.BR,Q740553,products,Q49845,mail,2026-04-10 08:14:08.375809
825,KBC.BR,Q29560723,products,Q22687,bank,2026-04-10 08:14:08.375809
826,MIKO.BR,Q46012677,products,Q8486,coffee,2026-04-10 08:14:08.375809
887,BPOST.BR,Q740553,instance_of,Q891723,public company,2026-04-10 08:14:08.375809
888,BPOST.BR,Q740553,instance_of,Q1529128,postal service,2026-04-10 08:14:08.375809
889,BPOST.BR,Q740553,instance_of,Q117406600,Belgian state-owned company,2026-04-10 08:14:08.375809
890,BEKB.BR,Q814989,instance_of,Q4830453,business,2026-04-10 08:14:08.375809
891,OBEL.BR,Q917050,instance_of,Q891723,public company,2026-04-10 08:14:08.375809
892,OBEL.BR,Q917050,instance_of,Q4830453,business,2026-04-10 08:14:08.375809
893,GBLB.BR,Q972966,instance_of,Q4830453,business,2026-04-10 08:14:08.375809
894,ELI.BR,Q1131131,instance_of,Q112046,transmission system operator for electricity,2026-04-10 08:14:08.375809
895,ELI.BR,Q1131131,instance_of,Q891723,public company,2026-04-10 08:14:08.375809
896,ELI.BR,Q1131131,instance_of,Q4830453,business,2026-04-10 08:14:08.375809
897,DIE.BR,Q1139707,instance_of,Q4830453,business,2026-04-10 08:14:08.375809
898,JEN.BR,Q1687435,instance_of,Q4830453,business,2026-04-10 08:14:08.375809
899,RECT.BR,Q2135823,instance_of,Q4830453,business,2026-04-10 08:14:08.375809
900,RECT.BR,Q2135823,instance_of,Q6881511,enterprise,2026-04-10 08:14:08.375809
901,DEME.BR,Q2265286,instance_of,Q4830453,business,2026-04-10 08:14:08.375809
902,MELE.BR,Q4043953,instance_of,Q4830453,business,2026-04-10 08:14:08.375809
903,MELE.BR,Q4043953,instance_of,Q6881511,enterprise,2026-04-10 08:14:08.375809
904,DECB.BR,Q5249111,instance_of,Q4830453,business,2026-04-10 08:14:08.375809
905,OBEL.BR,Q24038997,instance_of,Q11371,internet service provider,2026-04-10 08:14:08.375809
906,OBEL.BR,Q24038997,instance_of,Q891723,public company,2026-04-10 08:14:08.375809
907,OBEL.BR,Q24038997,instance_of,Q4830453,business,2026-04-10 08:14:08.375809
908,IBAB.BR,Q28195227,instance_of,Q4830453,business,2026-04-10 08:14:08.375809
909,KBC.BR,Q29560723,instance_of,Q730038,credit institution,2026-04-10 08:14:08.375809
910,KBC.BR,Q29560723,instance_of,Q891723,public company,2026-04-10 08:14:08.375809
911,KBC.BR,Q29560723,instance_of,Q4830453,business,2026-04-10 08:14:08.375809
912,MIKO.BR,Q46012677,instance_of,Q30022,café,2026-04-10 08:14:08.375809
913,MIKO.BR,Q46012677,instance_of,Q2363097,coffee roaster,2026-04-10 08:14:08.375809
914,MIKO.BR,Q46012677,instance_of,Q4830453,business,2026-04-10 08:14:08.375809
915,ARGX.BR,Q63152908,instance_of,Q891723,public company,2026-04-10 08:14:08.375809
916,ARGX.BR,Q63152908,instance_of,Q4830453,business,2026-04-10 08:14:08.375809
917,BANQ.BR,Q104599623,instance_of,Q783794,company,2026-04-10 08:14:08.375809
919,NEXTA.BR,Q115167284,instance_of,Q4830453,business,2026-04-10 08:14:08.375809
920,EKOP.BR,Q115167331,instance_of,Q4830453,business,2026-04-10 08:14:08.375809
928,OBEL.BR,Q917050,part_of,Q912413,France Télécom,2026-04-10 08:14:08.375809
929,OBEL.BR,Q917050,part_of,ORA.PA,,2026-04-10 08:14:08.375809
930,OBEL.BR,Q917050,part_of,Q1453594,FreeMove,2026-04-10 08:14:08.375809
955,OBEL.BR,Q917050,owned_by,ORA.PA,,2026-04-10 08:14:08.375809
966,OBEL.BR,Q24038997,owned_by,ORA.PA,,2026-04-10 08:14:08.375809
968,KBC.BR,Q29560723,owned_by,BLK,BlackRock,2026-04-10 08:14:08.375809
1113,ACH,Q447855,investments,RIO,nan,2026-04-10 08:14:08.375809
1170,AIG,Q212235,products,Q1586573,insurance contract,2026-04-10 08:14:08.375809
1171,ACCO,Q288129,products,Q7397,software,2026-04-10 08:14:08.375809
1173,A,Q393762,products,Q7397,software,2026-04-10 08:14:08.375809
1174,A,Q393762,products,Q3099911,scientific instrument,2026-04-10 08:14:08.375809
1175,A,Q393762,products,Q3101245,Plate reader,2026-04-10 08:14:08.375809
1176,A,Q393762,products,Q105495483,multi-well plate,2026-04-10 08:14:08.375809
1177,ACH,Q447855,products,Q663,aluminium,2026-04-10 08:14:08.375809
1178,PROX.BR,Q566857,products,Q738621,landline telephone,2026-04-10 08:14:08.375809
1179,LOTB.BR,Q590113,products,Q107064986,speculoos biscuit,2026-04-10 08:14:08.375809
1180,ADM,Q632694,products,Q153,ethanol,2026-04-10 08:14:08.375809
1181,ADM,Q632694,products,Q128991,biofuel,2026-04-10 08:14:08.375809
1182,ADM,Q632694,products,Q211439,fodder,2026-04-10 08:14:08.375809
1183,ADM,Q632694,products,Q234901,dried fruit,2026-04-10 08:14:08.375809
1184,ADM,Q632694,products,Q618739,corn syrup,2026-04-10 08:14:08.375809
1185,ADM,Q632694,products,Q626292,sugar substitute,2026-04-10 08:14:08.375809
1186,ADM,Q632694,products,Q11422173,High Fructose Corn Syrup,2026-04-10 08:14:08.375809
1188,UCB.BR,Q902046,products,Q679692,biopharmaceutical,2026-04-10 08:14:08.375809
1191,VIO.BR,Q2527380,products,Q663,aluminium,2026-04-10 08:14:08.375809
1195,SPA.BR,Q3492634,products,Q178921,mineral water,2026-04-10 08:14:08.375809
1196,ABM,Q4650338,products,Q837060,facility management,2026-04-10 08:14:08.375809
1198,ABBV,Q14662364,products,Q12140,medication,2026-04-10 08:14:08.375809
1199,ABBV,Q14662364,products,Q179661,medical treatment,2026-04-10 08:14:08.375809
1203,SYENS.BR,Q123752186,products,Q146393,polyvinylidene fluoride,2026-04-10 08:14:08.375809
1204,SYENS.BR,Q123752186,products,Q181790,composite material,2026-04-10 08:14:08.375809
1205,SYENS.BR,Q123752186,products,Q422649,biopolymer,2026-04-10 08:14:08.375809
1206,SYENS.BR,Q123752186,products,Q1818706,fluoropolymer,2026-04-10 08:14:08.375809
1207,SYENS.BR,Q123752186,products,Q2309453,specialty chemicals,2026-04-10 08:14:08.375809
1208,SYENS.BR,Q123752186,products,Q57305827,biobased material,2026-04-10 08:14:08.375809
1259,AA,Q135325,instance_of,Q778575,conglomerate,2026-04-10 08:14:08.375809
1260,AA,Q135325,instance_of,Q891723,public company,2026-04-10 08:14:08.375809
1261,AA,Q135325,instance_of,Q4830453,business,2026-04-10 08:14:08.375809
1262,AIG,Q212235,instance_of,Q891723,public company,2026-04-10 08:14:08.375809
1263,AIG,Q212235,instance_of,Q4830453,business,2026-04-10 08:14:08.375809
1264,AIG,Q212235,instance_of,Q6881511,enterprise,2026-04-10 08:14:08.375809
1265,ACCO,Q288129,instance_of,Q891723,public company,2026-04-10 08:14:08.375809
1266,ACCO,Q288129,instance_of,Q4830453,business,2026-04-10 08:14:08.375809
1267,ABT,Q306764,instance_of,Q891723,public company,2026-04-10 08:14:08.375809
1268,ABT,Q306764,instance_of,Q4830453,business,2026-04-10 08:14:08.375809
1269,ABT,Q306764,instance_of,Q6881511,enterprise,2026-04-10 08:14:08.375809
1270,ABT,Q306764,instance_of,Q63383584,Indian medical surgical planning and 3D printing company,2026-04-10 08:14:08.375809
1271,A,Q393762,instance_of,Q891723,public company,2026-04-10 08:14:08.375809
1272,A,Q393762,instance_of,Q4830453,business,2026-04-10 08:14:08.375809
1273,A,Q393762,instance_of,Q6881511,enterprise,2026-04-10 08:14:08.375809
1274,ACH,Q447855,instance_of,Q891723,public company,2026-04-10 08:14:08.375809
1275,ACH,Q447855,instance_of,Q4830453,business,2026-04-10 08:14:08.375809
1276,ACH,Q447855,instance_of,Q6881511,enterprise,2026-04-10 08:14:08.375809
1277,ACH,Q447855,instance_of,Q124343324,Chinese state-owned enterprise,2026-04-10 08:14:08.375809
1278,PROX.BR,Q566857,instance_of,Q2401749,telecommunication company,2026-04-10 08:14:08.375809
1279,LOTB.BR,Q590113,instance_of,Q4830453,business,2026-04-10 08:14:08.375809
1280,ADM,Q632694,instance_of,Q891723,public company,2026-04-10 08:14:08.375809
1281,ADM,Q632694,instance_of,Q4830453,business,2026-04-10 08:14:08.375809
1282,ADM,Q632694,instance_of,Q6881511,enterprise,2026-04-10 08:14:08.375809
1283,NYR.BR,Q823010,instance_of,Q891723,public company,2026-04-10 08:14:08.375809
1284,NYR.BR,Q823010,instance_of,Q4830453,business,2026-04-10 08:14:08.375809
1285,UCB.BR,Q902046,instance_of,Q891723,public company,2026-04-10 08:14:08.375809
1286,UCB.BR,Q902046,instance_of,Q4830453,business,2026-04-10 08:14:08.375809
1287,UMI.BR,Q902769,instance_of,Q891723,public company,2026-04-10 08:14:08.375809
1288,SOF.BR,Q1142890,instance_of,Q4830453,business,2026-04-10 08:14:08.375809
1289,SOF.BR,Q1142890,instance_of,Q5225895,public limited company,2026-04-10 08:14:08.375809
1290,SOF.BR,Q1142890,instance_of,Q6881511,enterprise,2026-04-10 08:14:08.375809
1291,VIO.BR,Q2527380,instance_of,Q4830453,business,2026-04-10 08:14:08.375809
1292,ACM,Q2825507,instance_of,Q891723,public company,2026-04-10 08:14:08.375809
1293,ACM,Q2825507,instance_of,Q4830453,business,2026-04-10 08:14:08.375809
1294,ACM,Q2825507,instance_of,Q6881511,enterprise,2026-04-10 08:14:08.375809
1295,ACI,Q2831861,instance_of,Q891723,public company,2026-04-10 08:14:08.375809
1296,ACI,Q2831861,instance_of,Q4830453,business,2026-04-10 08:14:08.375809
1297,ACI,Q2831861,instance_of,Q6881511,enterprise,2026-04-10 08:14:08.375809
1298,ACI,Q2831861,instance_of,Q18043413,supermarket chain,2026-04-10 08:14:08.375809
1299,SHUR.BR,Q3482670,instance_of,Q4830453,business,2026-04-10 08:14:08.375809
1300,SHUR.BR,Q3482670,instance_of,Q132731329,self storage facility chain,2026-04-10 08:14:08.375809
1301,SPA.BR,Q3492634,instance_of,Q891723,public company,2026-04-10 08:14:08.375809
1302,SPA.BR,Q3492634,instance_of,Q4830453,business,2026-04-10 08:14:08.375809
1303,SPA.BR,Q3492634,instance_of,Q6881511,enterprise,2026-04-10 08:14:08.375809
1304,ABM,Q4650338,instance_of,Q891723,public company,2026-04-10 08:14:08.375809
1305,ABM,Q4650338,instance_of,Q4830453,business,2026-04-10 08:14:08.375809
1306,ABG,Q4803735,instance_of,Q891723,public company,2026-04-10 08:14:08.375809
1307,ABG,Q4803735,instance_of,Q4830453,business,2026-04-10 08:14:08.375809
1308,ABBV,Q14662364,instance_of,Q891723,public company,2026-04-10 08:14:08.375809
1309,ABBV,Q14662364,instance_of,Q4830453,business,2026-04-10 08:14:08.375809
1310,ABBV,Q14662364,instance_of,Q131784011,biopharmaceutical company,2026-04-10 08:14:08.375809
1311,VGP.BR,Q86451016,instance_of,Q891723,public company,2026-04-10 08:14:08.375809
1312,VGP.BR,Q86451016,instance_of,Q4830453,business,2026-04-10 08:14:08.375809
1313,VGP.BR,Q86451016,instance_of,Q6881511,enterprise,2026-04-10 08:14:08.375809
1314,NYXH.BR,Q104481279,instance_of,Q4830453,business,2026-04-10 08:14:08.375809
1315,ACHR,Q109369035,instance_of,Q783794,company,2026-04-10 08:14:08.375809
1316,ACHR,Q109369035,instance_of,Q891723,public company,2026-04-10 08:14:08.375809
1317,ACHR,Q109369035,instance_of,Q4830453,business,2026-04-10 08:14:08.375809
1318,SYENS.BR,Q123752186,instance_of,Q891723,public company,2026-04-10 08:14:08.375809
1319,SYENS.BR,Q123752186,instance_of,Q4830453,business,2026-04-10 08:14:08.375809
1320,SYENS.BR,Q123752186,instance_of,Q6881511,enterprise,2026-04-10 08:14:08.375809
1322,AIG,Q212235,part_of,Q242345,S&P 500,2026-04-10 08:14:08.375809
1323,AIG,Q212235,part_of,Q1546793,S&P 100,2026-04-10 08:14:08.375809
1325,ABT,Q306764,part_of,Q242345,S&P 500,2026-04-10 08:14:08.375809
1326,ABT,Q306764,part_of,Q1546793,S&P 100,2026-04-10 08:14:08.375809
1327,A,Q393762,part_of,Q242345,S&P 500,2026-04-10 08:14:08.375809
1331,ADM,Q632694,part_of,Q242345,S&P 500,2026-04-10 08:14:08.375809
1332,ADM,Q632694,part_of,Q11597029,major agricultural‐commodity company,2026-04-10 08:14:08.375809
1344,ABBV,Q14662364,part_of,Q242345,S&P 500,2026-04-10 08:14:08.375809
1345,ABBV,Q14662364,part_of,Q1546793,S&P 100,2026-04-10 08:14:08.375809
1351,AIG,Q212235,owned_by,BLK,BlackRock,2026-04-10 08:14:08.375809
1372,ABBV,Q14662364,owned_by,BLK,BlackRock,2026-04-10 08:14:08.375809
1465,ALK,Q4033665,subsidiaries,ALK,nan,2026-04-10 08:14:08.375809
1541,AES,Q291508,products,Q12725,electricity,2026-04-10 08:14:08.375809
1542,AGCO,Q292292,products,Q39495,tractor,2026-04-10 08:14:08.375809
1544,AEE,Q462984,products,Q12725,electricity,2026-04-10 08:14:08.375809
1546,ALV,Q787044,products,Q99905,airbag,2026-04-10 08:14:08.375809
1548,ALLY,Q2032800,products,Q1210094,mortgage loan,2026-04-10 08:14:08.375809
1549,ALLY,Q2032800,products,Q2073644,brokerage firm,2026-04-10 08:14:08.375809
1550,ALLY,Q2032800,products,Q4385034,personal loan,2026-04-10 08:14:08.375809
1551,ALLY,Q2032800,products,Q10948641,deposit account,2026-04-10 08:14:08.375809
1553,AEO,Q2842931,products,Q11460,clothing,2026-04-10 08:14:08.375809
1559,AFG,Q4743779,products,Q43183,insurance,2026-04-10 08:14:08.375809
1615,AFL,Q26311,instance_of,Q891723,public company,2026-04-10 08:14:08.375809
1616,AFL,Q26311,instance_of,Q4830453,business,2026-04-10 08:14:08.375809
1617,AEM,Q38676,instance_of,Q891723,public company,2026-04-10 08:14:08.375809
1618,AEM,Q38676,instance_of,Q4830453,business,2026-04-10 08:14:08.375809
1619,AEM,Q38676,instance_of,Q6881511,enterprise,2026-04-10 08:14:08.375809
1620,ALB,Q127074,instance_of,Q891723,public company,2026-04-10 08:14:08.375809
1621,ALB,Q127074,instance_of,Q4830453,business,2026-04-10 08:14:08.375809
1622,ALB,Q127074,instance_of,Q6881511,enterprise,2026-04-10 08:14:08.375809
1623,ADT,Q290680,instance_of,Q891723,public company,2026-04-10 08:14:08.375809
1624,ADT,Q290680,instance_of,Q4830453,business,2026-04-10 08:14:08.375809
1625,AES,Q291508,instance_of,Q891723,public company,2026-04-10 08:14:08.375809
1626,AES,Q291508,instance_of,Q4830453,business,2026-04-10 08:14:08.375809
1627,AES,Q291508,instance_of,Q6881511,enterprise,2026-04-10 08:14:08.375809
1628,AGCO,Q292292,instance_of,Q891723,public company,2026-04-10 08:14:08.375809
1629,AGCO,Q292292,instance_of,Q4830453,business,2026-04-10 08:14:08.375809
1630,AGCO,Q292292,instance_of,Q6881511,enterprise,2026-04-10 08:14:08.375809
1631,AMC,Q294721,instance_of,Q891723,public company,2026-04-10 08:14:08.375809
1632,AMC,Q294721,instance_of,Q4830453,business,2026-04-10 08:14:08.375809
1633,AMC,Q294721,instance_of,Q20679540,cinema chain,2026-04-10 08:14:08.375809
1634,AEE,Q462984,instance_of,Q219577,holding company,2026-04-10 08:14:08.375809
1635,AEE,Q462984,instance_of,Q891723,public company,2026-04-10 08:14:08.375809
1636,AM,Q464767,instance_of,Q891723,public company,2026-04-10 08:14:08.375809
1637,AM,Q464767,instance_of,Q4830453,business,2026-04-10 08:14:08.375809
1638,ALV,Q787044,instance_of,Q891723,public company,2026-04-10 08:14:08.375809
1639,ALV,Q787044,instance_of,Q4830453,business,2026-04-10 08:14:08.375809
1640,ALV,Q787044,instance_of,Q21980538,commercial organization,2026-04-10 08:14:08.375809
1641,ALK,Q822614,instance_of,Q46970,airline,2026-04-10 08:14:08.375809
1642,ALK,Q822614,instance_of,Q891723,public company,2026-04-10 08:14:08.375809
1643,ALK,Q822614,instance_of,Q4830453,business,2026-04-10 08:14:08.375809
1644,ALLY,Q2032800,instance_of,Q22687,bank,2026-04-10 08:14:08.375809
1645,ALLY,Q2032800,instance_of,Q730038,credit institution,2026-04-10 08:14:08.375809
1646,ALLY,Q2032800,instance_of,Q891723,public company,2026-04-10 08:14:08.375809
1647,ALLY,Q2032800,instance_of,Q4830453,business,2026-04-10 08:14:08.375809
1648,ALLY,Q2032800,instance_of,Q6881511,enterprise,2026-04-10 08:14:08.375809
1649,ALL,Q2645636,instance_of,Q891723,public company,2026-04-10 08:14:08.375809
1650,ALL,Q2645636,instance_of,Q4830453,business,2026-04-10 08:14:08.375809
1651,ALL,Q2645636,instance_of,Q6881511,enterprise,2026-04-10 08:14:08.375809
1652,AEO,Q2842931,instance_of,Q726870,brick and mortar,2026-04-10 08:14:08.375809
1653,AEO,Q2842931,instance_of,Q891723,public company,2026-04-10 08:14:08.375809
1654,AEO,Q2842931,instance_of,Q4830453,business,2026-04-10 08:14:08.375809
1655,ALK,Q4033665,instance_of,Q219577,holding company,2026-04-10 08:14:08.375809
1656,ALK,Q4033665,instance_of,Q891723,public company,2026-04-10 08:14:08.375809
1657,ALK,Q4033665,instance_of,Q4830453,business,2026-04-10 08:14:08.375809
1658,ALK,Q4033665,instance_of,Q6881511,enterprise,2026-04-10 08:14:08.375809
1659,AIR,Q4649932,instance_of,Q891723,public company,2026-04-10 08:14:08.375809
1660,AIR,Q4649932,instance_of,Q4830453,business,2026-04-10 08:14:08.375809
1661,AKR,Q4671583,instance_of,Q43229,organization,2026-04-10 08:14:08.375809
1662,AKR,Q4671583,instance_of,Q891723,public company,2026-04-10 08:14:08.375809
1663,AL,Q4698062,instance_of,Q891723,public company,2026-04-10 08:14:08.375809
1664,AL,Q4698062,instance_of,Q4830453,business,2026-04-10 08:14:08.375809
1665,AL,Q4698062,instance_of,Q6881511,enterprise,2026-04-10 08:14:08.375809
1666,ALX,Q4718099,instance_of,Q891723,public company,2026-04-10 08:14:08.375809
1667,ALX,Q4718099,instance_of,Q4830453,business,2026-04-10 08:14:08.375809
1668,AFG,Q4743779,instance_of,Q219577,holding company,2026-04-10 08:14:08.375809
1669,AFG,Q4743779,instance_of,Q891723,public company,2026-04-10 08:14:08.375809
1670,AIT,Q4781544,instance_of,Q891723,public company,2026-04-10 08:14:08.375809
1671,AIT,Q4781544,instance_of,Q4830453,business,2026-04-10 08:14:08.375809
1672,AGM,Q5439999,instance_of,Q891723,public company,2026-04-10 08:14:08.375809
1673,AGM,Q5439999,instance_of,Q4830453,business,2026-04-10 08:14:08.375809
1674,ALG,Q21198484,instance_of,Q891723,public company,2026-04-10 08:14:08.375809
1675,ALG,Q21198484,instance_of,Q4830453,business,2026-04-10 08:14:08.375809
1676,AIN,Q23018189,instance_of,Q891723,public company,2026-04-10 08:14:08.375809
1677,AIN,Q23018189,instance_of,Q4830453,business,2026-04-10 08:14:08.375809
1678,AGX,Q111384689,instance_of,Q891723,public company,2026-04-10 08:14:08.375809
1679,AFL,Q26311,part_of,Q242345,S&P 500,2026-04-10 08:14:08.375809
1681,ALB,Q127074,part_of,Q242345,S&P 500,2026-04-10 08:14:08.375809
1683,AES,Q291508,part_of,Q242345,S&P 500,2026-04-10 08:14:08.375809
1686,AEE,Q462984,part_of,Q242345,S&P 500,2026-04-10 08:14:08.375809
1691,ALL,Q2645636,part_of,Q242345,S&P 500,2026-04-10 08:14:08.375809
1693,ALK,Q4033665,part_of,Q242345,S&P 500,2026-04-10 08:14:08.375809
1714,ALK,Q822614,owned_by,ALK,Alaska Air Group,2026-04-10 08:14:08.375809
1784,ASH,Q725634,subsidiaries,VVV,nan,2026-04-10 08:14:08.375809
1858,AMG,Q25775,products,Q4290,investment,2026-04-10 08:14:08.375809
1859,AIV,Q293796,products,Q188507,apartment,2026-04-10 08:14:08.375809
1861,APH,Q474621,products,Q2119531,electrical connector,2026-04-10 08:14:08.375809
1862,ASH,Q725634,products,Q1335161,model car,2026-04-10 08:14:08.375809
1866,AMP,Q2843129,products,Q4290,investment,2026-04-10 08:14:08.375809
1867,ANET,Q2861324,products,Q1546066,networking hardware,2026-04-10 08:14:08.375809
1868,AOS,Q4648219,products,Q16630809,hot water dispenser,2026-04-10 08:14:08.375809
1870,AP,Q4748076,products,Q452648,rolling,2026-04-10 08:14:08.375809
1875,AR,Q39046155,products,Q40858,natural gas,2026-04-10 08:14:08.375809
1933,AMG,Q25775,instance_of,Q891723,public company,2026-04-10 08:14:08.375809
1934,AMG,Q25775,instance_of,Q4830453,business,2026-04-10 08:14:08.375809
1935,AMG,Q25775,instance_of,Q6881511,enterprise,2026-04-10 08:14:08.375809
1936,AIV,Q293796,instance_of,Q891723,public company,2026-04-10 08:14:08.375809
1937,AIV,Q293796,instance_of,Q4830453,business,2026-04-10 08:14:08.375809
1938,AIV,Q293796,instance_of,Q6881511,enterprise,2026-04-10 08:14:08.375809
1939,ANF,Q319344,instance_of,Q891723,public company,2026-04-10 08:14:08.375809
1940,ANF,Q319344,instance_of,Q4830453,business,2026-04-10 08:14:08.375809
1941,ANF,Q319344,instance_of,Q76213285,clothing store chain,2026-04-10 08:14:08.375809
1942,APH,Q474621,instance_of,Q891723,public company,2026-04-10 08:14:08.375809
1943,APH,Q474621,instance_of,Q4830453,business,2026-04-10 08:14:08.375809
1944,ASH,Q725634,instance_of,Q891723,public company,2026-04-10 08:14:08.375809
1945,ASH,Q725634,instance_of,Q4830453,business,2026-04-10 08:14:08.375809
1946,ASH,Q725634,instance_of,Q6881511,enterprise,2026-04-10 08:14:08.375809
1947,AN,Q784804,instance_of,Q786803,car dealership,2026-04-10 08:14:08.375809
1948,AN,Q784804,instance_of,Q891723,public company,2026-04-10 08:14:08.375809
1949,AN,Q784804,instance_of,Q4830453,business,2026-04-10 08:14:08.375809
1950,ALSN,Q2036530,instance_of,Q891723,public company,2026-04-10 08:14:08.375809
1951,ALSN,Q2036530,instance_of,Q4830453,business,2026-04-10 08:14:08.375809
1952,AMR,Q2839509,instance_of,Q891723,public company,2026-04-10 08:14:08.375809
1953,AMR,Q2839509,instance_of,Q4830453,business,2026-04-10 08:14:08.375809
1954,AMP,Q2843129,instance_of,Q891723,public company,2026-04-10 08:14:08.375809
1955,AMP,Q2843129,instance_of,Q4830453,business,2026-04-10 08:14:08.375809
1956,AMP,Q2843129,instance_of,Q6881511,enterprise,2026-04-10 08:14:08.375809
1957,ANET,Q2861324,instance_of,Q891723,public company,2026-04-10 08:14:08.375809
1958,ANET,Q2861324,instance_of,Q4830453,business,2026-04-10 08:14:08.375809
1959,AOS,Q4648219,instance_of,Q891723,public company,2026-04-10 08:14:08.375809
1960,AOS,Q4648219,instance_of,Q4830453,business,2026-04-10 08:14:08.375809
1961,AMT,Q4745263,instance_of,Q891723,public company,2026-04-10 08:14:08.375809
1962,AMT,Q4745263,instance_of,Q4830453,business,2026-04-10 08:14:08.375809
1963,AMT,Q4745263,instance_of,Q6881511,enterprise,2026-04-10 08:14:08.375809
1964,AP,Q4748076,instance_of,Q891723,public company,2026-04-10 08:14:08.375809
1965,AP,Q4748076,instance_of,Q4830453,business,2026-04-10 08:14:08.375809
1966,AJG,Q4799191,instance_of,Q891723,public company,2026-04-10 08:14:08.375809
1967,AJG,Q4799191,instance_of,Q4830453,business,2026-04-10 08:14:08.375809
1968,AIZ,Q4810399,instance_of,Q891723,public company,2026-04-10 08:14:08.375809
1969,AIZ,Q4810399,instance_of,Q4830453,business,2026-04-10 08:14:08.375809
1970,AORT,Q5190505,instance_of,Q891723,public company,2026-04-10 08:14:08.375809
1971,AORT,Q5190505,instance_of,Q4830453,business,2026-04-10 08:14:08.375809
1972,AMWL,Q16983204,instance_of,Q891723,public company,2026-04-10 08:14:08.375809
1973,AMWL,Q16983204,instance_of,Q4830453,business,2026-04-10 08:14:08.375809
1974,AR,Q39046155,instance_of,Q891723,public company,2026-04-10 08:14:08.375809
1975,AR,Q39046155,instance_of,Q4830453,business,2026-04-10 08:14:08.375809
1976,APAM,Q41590812,instance_of,Q182103,pension fund,2026-04-10 08:14:08.375809
1977,APAM,Q41590812,instance_of,Q891723,public company,2026-04-10 08:14:08.375809
1978,APAM,Q41590812,instance_of,Q4830453,business,2026-04-10 08:14:08.375809
1979,ARE,Q48739877,instance_of,Q891723,public company,2026-04-10 08:14:08.375809
1980,ARE,Q48739877,instance_of,Q4830453,business,2026-04-10 08:14:08.375809
1981,ALIT,Q65091232,instance_of,Q891723,public company,2026-04-10 08:14:08.375809
1982,AMPY,Q96371983,instance_of,Q891723,public company,2026-04-10 08:14:08.375809
1983,AMR,Q96375437,instance_of,Q891723,public company,2026-04-10 08:14:08.375809
1984,AMR,Q96375437,instance_of,Q4830453,business,2026-04-10 08:14:08.375809
1985,ASAN,Q111411592,instance_of,Q891723,public company,2026-04-10 08:14:08.375809
1986,ASAN,Q111411592,instance_of,Q4830453,business,2026-04-10 08:14:08.375809
1987,AMRC,Q124723674,instance_of,Q4830453,business,2026-04-10 08:14:08.375809
1991,APH,Q474621,part_of,Q242345,S&P 500,2026-04-10 08:14:08.375809
1996,AMP,Q2843129,part_of,Q242345,S&P 500,2026-04-10 08:14:08.375809
1997,ANET,Q2861324,part_of,Q242345,S&P 500,2026-04-10 08:14:08.375809
1998,AOS,Q4648219,part_of,Q242345,S&P 500,2026-04-10 08:14:08.375809
1999,AMT,Q4745263,part_of,Q242345,S&P 500,2026-04-10 08:14:08.375809
2000,AMT,Q4745263,part_of,Q1546793,S&P 100,2026-04-10 08:14:08.375809
2002,AJG,Q4799191,part_of,Q242345,S&P 500,2026-04-10 08:14:08.375809
2003,AIZ,Q4810399,part_of,Q242345,S&P 500,2026-04-10 08:14:08.375809
2008,ARE,Q48739877,part_of,Q242345,S&P 500,2026-04-10 08:14:08.375809
2203,AWK,Q467238,products,Q283,water,2026-04-10 08:14:08.375809
2204,BAC,Q487907,products,Q43183,insurance,2026-04-10 08:14:08.375809
2205,BAC,Q487907,products,Q182076,credit,2026-04-10 08:14:08.375809
2206,BAC,Q487907,products,Q837171,financial services,2026-04-10 08:14:08.375809
2207,BAC,Q487907,products,Q873442,asset management,2026-04-10 08:14:08.375809
2208,APO,Q619121,products,Q5978114,private equity fund,2026-04-10 08:14:08.375809
2209,ARMK,Q625708,products,Q1813651,managed services,2026-04-10 08:14:08.375809
2210,AWI,Q689446,products,Q221706,ceiling,2026-04-10 08:14:08.375809
2213,ASR,Q1407601,products,Q1248784,airport,2026-04-10 08:14:08.375809
2216,ASB,Q4809155,products,Q1548025,retail banking,2026-04-10 08:14:08.375809
2217,ATO,Q4817084,products,Q40858,natural gas,2026-04-10 08:14:08.375809
2219,AVA,Q4828988,products,Q12725,electricity,2026-04-10 08:14:08.375809
2220,AX,Q4937270,products,Q188506,online banking,2026-04-10 08:14:08.375809
2227,ARLO,Q60740820,products,Q334415,security camera,2026-04-10 08:14:08.375809
2279,AXP,Q194360,instance_of,Q43229,organization,2026-04-10 08:14:08.375809
2280,AXP,Q194360,instance_of,Q161726,multinational corporation,2026-04-10 08:14:08.375809
2281,AXP,Q194360,instance_of,Q891723,public company,2026-04-10 08:14:08.375809
2282,AXP,Q194360,instance_of,Q4830453,business,2026-04-10 08:14:08.375809
2283,AXP,Q194360,instance_of,Q5038204,card association,2026-04-10 08:14:08.375809
2284,APD,Q407744,instance_of,Q891723,public company,2026-04-10 08:14:08.375809
2285,APD,Q407744,instance_of,Q4830453,business,2026-04-10 08:14:08.375809
2286,APD,Q407744,instance_of,Q6881511,enterprise,2026-04-10 08:14:08.375809
2287,AWK,Q467238,instance_of,Q891723,public company,2026-04-10 08:14:08.375809
2288,AWK,Q467238,instance_of,Q4830453,business,2026-04-10 08:14:08.375809
2289,AWK,Q467238,instance_of,Q6881511,enterprise,2026-04-10 08:14:08.375809
2290,BAC,Q487907,instance_of,Q22687,bank,2026-04-10 08:14:08.375809
2291,BAC,Q487907,instance_of,Q730038,credit institution,2026-04-10 08:14:08.375809
2292,BAC,Q487907,instance_of,Q4830453,business,2026-04-10 08:14:08.375809
2293,BAC,Q487907,instance_of,Q6881511,enterprise,2026-04-10 08:14:08.375809
2294,APO,Q619121,instance_of,Q891723,public company,2026-04-10 08:14:08.375809
2295,APO,Q619121,instance_of,Q4830453,business,2026-04-10 08:14:08.375809
2296,APO,Q619121,instance_of,Q5418962,private equity firm,2026-04-10 08:14:08.375809
2297,APO,Q619121,instance_of,Q6881511,enterprise,2026-04-10 08:14:08.375809
2298,ARMK,Q625708,instance_of,Q891723,public company,2026-04-10 08:14:08.375809
2299,ARMK,Q625708,instance_of,Q4830453,business,2026-04-10 08:14:08.375809
2300,AWI,Q689446,instance_of,Q891723,public company,2026-04-10 08:14:08.375809
2301,AWI,Q689446,instance_of,Q4830453,business,2026-04-10 08:14:08.375809
2302,AVY,Q790650,instance_of,Q891723,public company,2026-04-10 08:14:08.375809
2303,ATI,Q1361648,instance_of,Q891723,public company,2026-04-10 08:14:08.375809
2304,ATI,Q1361648,instance_of,Q4830453,business,2026-04-10 08:14:08.375809
2305,ATI,Q1361648,instance_of,Q6881511,enterprise,2026-04-10 08:14:08.375809
2306,ASR,Q1407601,instance_of,Q891723,public company,2026-04-10 08:14:08.375809
2307,ASR,Q1407601,instance_of,Q4830453,business,2026-04-10 08:14:08.375809
2308,ARW,Q2059537,instance_of,Q891723,public company,2026-04-10 08:14:08.375809
2309,ARW,Q2059537,instance_of,Q4830453,business,2026-04-10 08:14:08.375809
2310,ARES,Q4789079,instance_of,Q891723,public company,2026-04-10 08:14:08.375809
2311,ARES,Q4789079,instance_of,Q4830453,business,2026-04-10 08:14:08.375809
2312,ASB,Q4809155,instance_of,Q891723,public company,2026-04-10 08:14:08.375809
2313,ASB,Q4809155,instance_of,Q4830453,business,2026-04-10 08:14:08.375809
2314,ATO,Q4817084,instance_of,Q891723,public company,2026-04-10 08:14:08.375809
2315,ATO,Q4817084,instance_of,Q4830453,business,2026-04-10 08:14:08.375809
2316,AVB,Q4827537,instance_of,Q697852,real estate investment trust,2026-04-10 08:14:08.375809
2317,AVB,Q4827537,instance_of,Q891723,public company,2026-04-10 08:14:08.375809
2318,AVA,Q4828988,instance_of,Q891723,public company,2026-04-10 08:14:08.375809
2319,AVA,Q4828988,instance_of,Q4830453,business,2026-04-10 08:14:08.375809
2320,AX,Q4937270,instance_of,Q891723,public company,2026-04-10 08:14:08.375809
2321,AX,Q4937270,instance_of,Q4830453,business,2026-04-10 08:14:08.375809
2322,AUB,Q5453249,instance_of,Q22687,bank,2026-04-10 08:14:08.375809
2323,AVNT,Q7226106,instance_of,Q891723,public company,2026-04-10 08:14:08.375809
2324,AVNT,Q7226106,instance_of,Q4830453,business,2026-04-10 08:14:08.375809
2325,ATEN,Q16157155,instance_of,Q891723,public company,2026-04-10 08:14:08.375809
2326,ATEN,Q16157155,instance_of,Q4830453,business,2026-04-10 08:14:08.375809
2327,AWR,Q16974884,instance_of,Q891723,public company,2026-04-10 08:14:08.375809
2328,AWR,Q16974884,instance_of,Q4830453,business,2026-04-10 08:14:08.375809
2329,ATR,Q30273389,instance_of,Q891723,public company,2026-04-10 08:14:08.375809
2330,ATR,Q30273389,instance_of,Q4830453,business,2026-04-10 08:14:08.375809
2331,AVNS,Q56276948,instance_of,Q891723,public company,2026-04-10 08:14:08.375809
2332,AVNS,Q56276948,instance_of,Q4830453,business,2026-04-10 08:14:08.375809
2333,ARLO,Q60740820,instance_of,Q431289,brand,2026-04-10 08:14:08.375809
2334,ARLO,Q60740820,instance_of,Q891723,public company,2026-04-10 08:14:08.375809
2335,ARLO,Q60740820,instance_of,Q4830453,business,2026-04-10 08:14:08.375809
2336,AVTR,Q104842834,instance_of,Q891723,public company,2026-04-10 08:14:08.375809
2337,AVTR,Q104842834,instance_of,Q4830453,business,2026-04-10 08:14:08.375809
2338,AXP,Q194360,part_of,Q180816,Dow Jones Industrial Average,2026-04-10 08:14:08.375809
2339,AXP,Q194360,part_of,Q242345,S&P 500,2026-04-10 08:14:08.375809
2340,AXP,Q194360,part_of,Q1546793,S&P 100,2026-04-10 08:14:08.375809
2341,APD,Q407744,part_of,Q242345,S&P 500,2026-04-10 08:14:08.375809
2342,AWK,Q467238,part_of,Q242345,S&P 500,2026-04-10 08:14:08.375809
2343,BAC,Q487907,part_of,Q242345,S&P 500,2026-04-10 08:14:08.375809
2344,BAC,Q487907,part_of,Q1546793,S&P 100,2026-04-10 08:14:08.375809
2348,AVY,Q790650,part_of,Q242345,S&P 500,2026-04-10 08:14:08.375809
2354,ATO,Q4817084,part_of,Q242345,S&P 500,2026-04-10 08:14:08.375809
2355,AVB,Q4827537,part_of,Q242345,S&P 500,2026-04-10 08:14:08.375809
2366,AXP,Q194360,owned_by,BRK.A,Berkshire Hathaway,2026-04-10 08:14:08.375809
2367,AXP,Q194360,owned_by,BLK,BlackRock,2026-04-10 08:14:08.375809
2371,BAC,Q487907,owned_by,BRK.A,Berkshire Hathaway,2026-04-10 08:14:08.375809
2372,BAC,Q487907,owned_by,BLK,BlackRock,2026-04-10 08:14:08.375809
2589,BA,Q66,products,Q179,Boeing 747,2026-04-10 08:14:08.375809
2590,BA,Q66,products,Q6387,Boeing 737,2026-04-10 08:14:08.375809
2591,BA,Q66,products,Q6394,Boeing 707,2026-04-10 08:14:08.375809
2592,BA,Q66,products,Q6401,Boeing 717,2026-04-10 08:14:08.375809
2593,BA,Q66,products,Q6409,Boeing 727,2026-04-10 08:14:08.375809
2594,BA,Q66,products,Q6418,Boeing 757,2026-04-10 08:14:08.375809
2595,BA,Q66,products,Q6423,Boeing 767,2026-04-10 08:14:08.375809
2596,BA,Q66,products,Q6425,Boeing 777,2026-04-10 08:14:08.375809
2597,BA,Q66,products,Q6428,Boeing 787 Dreamliner,2026-04-10 08:14:08.375809
2598,BA,Q66,products,Q29251,McDonnell Douglas F-15 Eagle,2026-04-10 08:14:08.375809
2599,BA,Q66,products,Q46397,McDonnell Douglas F/A-18 Hornet,2026-04-10 08:14:08.375809
2600,BA,Q66,products,Q171468,Hughes AH-64 Apache,2026-04-10 08:14:08.375809
2601,BA,Q66,products,Q209613,Boeing CH-47 Chinook,2026-04-10 08:14:08.375809
2602,BA,Q66,products,Q211369,Boeing C-17 Globemaster III,2026-04-10 08:14:08.375809
2603,BA,Q66,products,Q211485,space technology,2026-04-10 08:14:08.375809
2604,BA,Q66,products,Q611401,Boeing P-8 Poseidon,2026-04-10 08:14:08.375809
2605,BA,Q66,products,Q833212,Boeing 720,2026-04-10 08:14:08.375809
2606,BCS,Q245343,products,Q848507,commercial bank,2026-04-10 08:14:08.375809
2607,BB,Q502121,products,Q7397,software,2026-04-10 08:14:08.375809
2608,BB,Q502121,products,Q17517,mobile phone,2026-04-10 08:14:08.375809
2609,BB,Q502121,products,Q1780509,telecommunications device,2026-04-10 08:14:08.375809
2610,BBY,Q533415,products,Q581105,consumer electronics,2026-04-10 08:14:08.375809
2615,BBVA,Q806189,products,Q837171,financial services,2026-04-10 08:14:08.375809
2616,BDC,Q815327,products,Q1751466,coaxial,2026-04-10 08:14:08.375809
2618,BC,Q994153,products,Q768186,sports equipment,2026-04-10 08:14:08.375809
2619,BBW,Q1002992,products,Q682582,stuffed toy,2026-04-10 08:14:08.375809
2622,BALL,Q4034815,products,Q289340,Mason jar,2026-04-10 08:14:08.375809
2625,AZO,Q4826087,products,Q6405028,automotive part,2026-04-10 08:14:08.375809
2626,BDN,Q4957288,products,Q182060,office,2026-04-10 08:14:08.375809
2628,BCE,Q24525746,products,Q738621,landline telephone,2026-04-10 08:14:08.375809
2629,BE,Q29526078,products,Q885321,Bloom Energy Server,2026-04-10 08:14:08.375809
2630,BGS,Q54953653,products,Q1140151,Crisco,2026-04-10 08:14:08.375809
2631,BGS,Q54953653,products,Q3122865,Green Giant,2026-04-10 08:14:08.375809
2632,BGS,Q54953653,products,Q5124852,Clabber Girl,2026-04-10 08:14:08.375809
2633,BGS,Q54953653,products,Q6800141,McCann's Steel Cut Irish Oatmeal,2026-04-10 08:14:08.375809
2634,BGS,Q54953653,products,Q6929737,Mrs. Dash,2026-04-10 08:14:08.375809
2635,BGS,Q54953653,products,Q7546868,SnackWell's,2026-04-10 08:14:08.375809
2636,BGS,Q54953653,products,Q7576908,Spice Islands,2026-04-10 08:14:08.375809
2637,BGS,Q54953653,products,Q10752167,Cream of Wheat,2026-04-10 08:14:08.375809
2638,BGS,Q54953653,products,Q17035266,Trappey's Hot Sauce,2026-04-10 08:14:08.375809
2639,BGS,Q54953653,products,Q25045212,Molly McButter,2026-04-10 08:14:08.375809
2640,BGS,Q54953653,products,Q56274033,Durkee,2026-04-10 08:14:08.375809
2695,BA,Q66,instance_of,Q891723,public company,2026-04-10 08:14:08.375809
2696,BA,Q66,instance_of,Q936518,aerospace manufacturer,2026-04-10 08:14:08.375809
2697,BA,Q66,instance_of,Q2995256,rail vehicle manufacturer,2026-04-10 08:14:08.375809
2698,BCS,Q245343,instance_of,Q22687,bank,2026-04-10 08:14:08.375809
2699,BCS,Q245343,instance_of,Q568041,universal bank,2026-04-10 08:14:08.375809
2700,BCS,Q245343,instance_of,Q891723,public company,2026-04-10 08:14:08.375809
2701,BCS,Q245343,instance_of,Q4830453,business,2026-04-10 08:14:08.375809
2702,BB,Q502121,instance_of,Q891723,public company,2026-04-10 08:14:08.375809
2703,BB,Q502121,instance_of,Q1058914,software company,2026-04-10 08:14:08.375809
2704,BB,Q502121,instance_of,Q4830453,business,2026-04-10 08:14:08.375809
2705,BBY,Q533415,instance_of,Q507619,retail chain,2026-04-10 08:14:08.375809
2706,BBY,Q533415,instance_of,Q891723,public company,2026-04-10 08:14:08.375809
2707,BBY,Q533415,instance_of,Q4830453,business,2026-04-10 08:14:08.375809
2708,BBY,Q533415,instance_of,Q6881511,enterprise,2026-04-10 08:14:08.375809
2709,BEN,Q744683,instance_of,Q891723,public company,2026-04-10 08:14:08.375809
2710,BEN,Q744683,instance_of,Q4830453,business,2026-04-10 08:14:08.375809
2711,BEN,Q744683,instance_of,Q6881511,enterprise,2026-04-10 08:14:08.375809
2712,BAX,Q761965,instance_of,Q891723,public company,2026-04-10 08:14:08.375809
2713,BAX,Q761965,instance_of,Q4830453,business,2026-04-10 08:14:08.375809
2714,BBT,Q795486,instance_of,Q22687,bank,2026-04-10 08:14:08.375809
2715,TFC,Q795486,instance_of,Q22687,bank,2026-04-10 08:14:08.375809
2716,BBT,Q795486,instance_of,Q891723,public company,2026-04-10 08:14:08.375809
2717,TFC,Q795486,instance_of,Q891723,public company,2026-04-10 08:14:08.375809
2718,BBT,Q795486,instance_of,Q2512624,bank holding company,2026-04-10 08:14:08.375809
2719,TFC,Q795486,instance_of,Q2512624,bank holding company,2026-04-10 08:14:08.375809
2720,BBT,Q795486,instance_of,Q4830453,business,2026-04-10 08:14:08.375809
2721,TFC,Q795486,instance_of,Q4830453,business,2026-04-10 08:14:08.375809
2722,BBT,Q795486,instance_of,Q6881511,enterprise,2026-04-10 08:14:08.375809
2723,TFC,Q795486,instance_of,Q6881511,enterprise,2026-04-10 08:14:08.375809
2724,BBVA,Q806189,instance_of,Q22687,bank,2026-04-10 08:14:08.375809
2725,BBVA,Q806189,instance_of,Q891723,public company,2026-04-10 08:14:08.375809
2726,BBVA,Q806189,instance_of,Q4830453,business,2026-04-10 08:14:08.375809
2727,BBVA,Q806189,instance_of,Q6881511,enterprise,2026-04-10 08:14:08.375809
2728,BDC,Q815327,instance_of,Q891723,public company,2026-04-10 08:14:08.375809
2729,BDC,Q815327,instance_of,Q4830453,business,2026-04-10 08:14:08.375809
2730,BAH,Q893221,instance_of,Q891723,public company,2026-04-10 08:14:08.375809
2731,BAH,Q893221,instance_of,Q4830453,business,2026-04-10 08:14:08.375809
2732,BC,Q994153,instance_of,Q778575,conglomerate,2026-04-10 08:14:08.375809
2733,BC,Q994153,instance_of,Q891723,public company,2026-04-10 08:14:08.375809
2734,BBW,Q1002992,instance_of,Q891723,public company,2026-04-10 08:14:08.375809
2735,BBW,Q1002992,instance_of,Q4830453,business,2026-04-10 08:14:08.375809
2736,BCO,Q2902305,instance_of,Q891723,public company,2026-04-10 08:14:08.375809
2737,BCO,Q2902305,instance_of,Q1116826,private security company,2026-04-10 08:14:08.375809
2738,BCO,Q2902305,instance_of,Q4830453,business,2026-04-10 08:14:08.375809
2739,BCC,Q2909088,instance_of,Q891723,public company,2026-04-10 08:14:08.375809
2740,BCC,Q2909088,instance_of,Q4830453,business,2026-04-10 08:14:08.375809
2741,BALL,Q4034815,instance_of,Q891723,public company,2026-04-10 08:14:08.375809
2742,BALL,Q4034815,instance_of,Q4830453,business,2026-04-10 08:14:08.375809
2743,BALL,Q4034815,instance_of,Q6881511,enterprise,2026-04-10 08:14:08.375809
2744,AYI,Q4677870,instance_of,Q891723,public company,2026-04-10 08:14:08.375809
2745,AYI,Q4677870,instance_of,Q4830453,business,2026-04-10 08:14:08.375809
2746,AXR,Q4748634,instance_of,Q891723,public company,2026-04-10 08:14:08.375809
2747,AXR,Q4748634,instance_of,Q4830453,business,2026-04-10 08:14:08.375809
2748,AZO,Q4826087,instance_of,Q891723,public company,2026-04-10 08:14:08.375809
2749,AZO,Q4826087,instance_of,Q132180130,car parts shop chain,2026-04-10 08:14:08.375809
2750,BDN,Q4957288,instance_of,Q891723,public company,2026-04-10 08:14:08.375809
2751,BDN,Q4957288,instance_of,Q4830453,business,2026-04-10 08:14:08.375809
2752,AXS,Q16836218,instance_of,Q891723,public company,2026-04-10 08:14:08.375809
2753,AXS,Q16836218,instance_of,Q4830453,business,2026-04-10 08:14:08.375809
2754,BCE,Q24525746,instance_of,Q219577,holding company,2026-04-10 08:14:08.375809
2755,BCE,Q24525746,instance_of,Q891723,public company,2026-04-10 08:14:08.375809
2756,BE,Q29526078,instance_of,Q891723,public company,2026-04-10 08:14:08.375809
2757,BE,Q29526078,instance_of,Q4830453,business,2026-04-10 08:14:08.375809
2758,BGS,Q54953653,instance_of,Q783794,company,2026-04-10 08:14:08.375809
2759,BGS,Q54953653,instance_of,Q891723,public company,2026-04-10 08:14:08.375809
2760,BALY,Q65062134,instance_of,Q891723,public company,2026-04-10 08:14:08.375809
2761,BALY,Q65062134,instance_of,Q3550859,online gambling,2026-04-10 08:14:08.375809
2762,BBAI,Q124545138,instance_of,Q4830453,business,2026-04-10 08:14:08.375809
2763,BA,Q66,part_of,Q180816,Dow Jones Industrial Average,2026-04-10 08:14:08.375809
2764,BA,Q66,part_of,Q242345,S&P 500,2026-04-10 08:14:08.375809
2765,BA,Q66,part_of,Q773026,Dow Jones Global Titans 50,2026-04-10 08:14:08.375809
2766,BA,Q66,part_of,Q1266453,competition between Airbus and Boeing,2026-04-10 08:14:08.375809
2767,BA,Q66,part_of,Q1546793,S&P 100,2026-04-10 08:14:08.375809
2768,BA,Q66,part_of,Q134661623,list of companies involved in the Gaza war,2026-04-10 08:14:08.375809
2769,BCS,Q245343,part_of,Q466496,FTSE 100 Index,2026-04-10 08:14:08.375809
2770,BCS,Q245343,part_of,Q134661623,list of companies involved in the Gaza war,2026-04-10 08:14:08.375809
2771,BB,Q502121,part_of,Q503065,S&P/TSX 60,2026-04-10 08:14:08.375809
2772,BBY,Q533415,part_of,Q242345,S&P 500,2026-04-10 08:14:08.375809
2773,BEN,Q744683,part_of,Q242345,S&P 500,2026-04-10 08:14:08.375809
2774,BAX,Q761965,part_of,Q242345,S&P 500,2026-04-10 08:14:08.375809
2775,BBT,Q795486,part_of,Q242345,S&P 500,2026-04-10 08:14:08.375809
2776,TFC,Q795486,part_of,Q242345,S&P 500,2026-04-10 08:14:08.375809
2777,BBVA,Q806189,part_of,Q938032,IBEX 35,2026-04-10 08:14:08.375809
2784,BALL,Q4034815,part_of,Q242345,S&P 500,2026-04-10 08:14:08.375809
2787,AZO,Q4826087,part_of,Q242345,S&P 500,2026-04-10 08:14:08.375809
2795,BA,Q66,owned_by,BLK,BlackRock,2026-04-10 08:14:08.375809
2797,BA,Q66,owned_by,TROW,T. Rowe Price,2026-04-10 08:14:08.375809
2936,BLK,Q219635,investments,WAB,nan,2026-04-10 08:14:08.375809
2937,BLK,Q219635,investments,RIO,nan,2026-04-10 08:14:08.375809
2938,BLK,Q219635,investments,VIV.PA,nan,2026-04-10 08:14:08.375809
2996,BP,Q152057,products,Q22656,petroleum,2026-04-10 08:14:08.375809
2997,BLK,Q219635,products,Q189447,risk management,2026-04-10 08:14:08.375809
2998,BLK,Q219635,products,Q791974,mutual fund,2026-04-10 08:14:08.375809
2999,BLK,Q219635,products,Q873442,asset management,2026-04-10 08:14:08.375809
3000,BLK,Q219635,products,Q1195348,index fund,2026-04-10 08:14:08.375809
3001,BLK,Q219635,products,Q59542260,Exchange-Traded Funds (ETFs): Issues for Congress,2026-04-10 08:14:08.375809
3008,BIO,Q2904022,products,Q105495483,multi-well plate,2026-04-10 08:14:08.375809
3010,BKU,Q4855887,products,Q1548025,retail banking,2026-04-10 08:14:08.375809
3011,BOH,Q4856124,products,Q22687,bank,2026-04-10 08:14:08.375809
3017,BKE,Q4983306,products,Q11460,clothing,2026-04-10 08:14:08.375809
3075,BP,Q152057,instance_of,Q891723,public company,2026-04-10 08:14:08.375809
3076,BP,Q152057,instance_of,Q4830453,business,2026-04-10 08:14:08.375809
3077,BP,Q152057,instance_of,Q6881511,enterprise,2026-04-10 08:14:08.375809
3078,BP,Q152057,instance_of,Q14941854,oil company,2026-04-10 08:14:08.375809
3079,BLK,Q219635,instance_of,Q783794,company,2026-04-10 08:14:08.375809
3080,BLK,Q219635,instance_of,Q891723,public company,2026-04-10 08:14:08.375809
3081,BLK,Q219635,instance_of,Q4830453,business,2026-04-10 08:14:08.375809
3082,BF.B,Q392221,instance_of,Q43229,organization,2026-04-10 08:14:08.375809
3083,BF.B,Q392221,instance_of,Q891723,public company,2026-04-10 08:14:08.375809
3084,BF.B,Q392221,instance_of,Q4830453,business,2026-04-10 08:14:08.375809
3085,BK,Q589288,instance_of,Q730038,credit institution,2026-04-10 08:14:08.375809
3086,BK,Q589288,instance_of,Q891723,public company,2026-04-10 08:14:08.375809
3087,BK,Q589288,instance_of,Q4830453,business,2026-04-10 08:14:08.375809
3088,BK,Q589288,instance_of,Q6881511,enterprise,2026-04-10 08:14:08.375809
3089,BMO,Q806693,instance_of,Q22687,bank,2026-04-10 08:14:08.375809
3090,BDX,Q813780,instance_of,Q891723,public company,2026-04-10 08:14:08.375809
3091,BDX,Q813780,instance_of,Q4830453,business,2026-04-10 08:14:08.375809
3092,BDX,Q813780,instance_of,Q63383584,Indian medical surgical planning and 3D printing company,2026-04-10 08:14:08.375809
3093,BKH,Q880296,instance_of,Q891723,public company,2026-04-10 08:14:08.375809
3094,BKH,Q880296,instance_of,Q4830453,business,2026-04-10 08:14:08.375809
3095,BKH,Q880296,instance_of,Q6881511,enterprise,2026-04-10 08:14:08.375809
3096,BHC,Q1700871,instance_of,Q891723,public company,2026-04-10 08:14:08.375809
3097,BHC,Q1700871,instance_of,Q4830453,business,2026-04-10 08:14:08.375809
3098,BHC,Q1700871,instance_of,Q19644607,pharmaceutical company,2026-04-10 08:14:08.375809
3099,BIO,Q2904022,instance_of,Q891723,public company,2026-04-10 08:14:08.375809
3100,BIO,Q2904022,instance_of,Q4830453,business,2026-04-10 08:14:08.375809
3101,BJ,Q4835754,instance_of,Q507619,retail chain,2026-04-10 08:14:08.375809
3102,BJ,Q4835754,instance_of,Q891723,public company,2026-04-10 08:14:08.375809
3103,BJ,Q4835754,instance_of,Q18043413,supermarket chain,2026-04-10 08:14:08.375809
3104,BKU,Q4855887,instance_of,Q891723,public company,2026-04-10 08:14:08.375809
3105,BKU,Q4855887,instance_of,Q4830453,business,2026-04-10 08:14:08.375809
3106,BOH,Q4856124,instance_of,Q891723,public company,2026-04-10 08:14:08.375809
3107,BOH,Q4856124,instance_of,Q4830453,business,2026-04-10 08:14:08.375809
3108,BHE,Q4886950,instance_of,Q891723,public company,2026-04-10 08:14:08.375809
3109,BHE,Q4886950,instance_of,Q4830453,business,2026-04-10 08:14:08.375809
3110,BHE,Q4886950,instance_of,Q6881511,enterprise,2026-04-10 08:14:08.375809
3111,BH,Q4906978,instance_of,Q778575,conglomerate,2026-04-10 08:14:08.375809
3112,BH,Q4906978,instance_of,Q891723,public company,2026-04-10 08:14:08.375809
3113,BH,Q4906978,instance_of,Q4830453,business,2026-04-10 08:14:08.375809
3114,BFAM,Q4967421,instance_of,Q507619,retail chain,2026-04-10 08:14:08.375809
3115,BFAM,Q4967421,instance_of,Q891723,public company,2026-04-10 08:14:08.375809
3116,BFAM,Q4967421,instance_of,Q6881511,enterprise,2026-04-10 08:14:08.375809
3117,BR,Q4972280,instance_of,Q891723,public company,2026-04-10 08:14:08.375809
3118,BR,Q4972280,instance_of,Q4830453,business,2026-04-10 08:14:08.375809
3119,BKD,Q4974387,instance_of,Q43229,organization,2026-04-10 08:14:08.375809
3120,BKD,Q4974387,instance_of,Q891723,public company,2026-04-10 08:14:08.375809
3121,BKD,Q4974387,instance_of,Q4830453,business,2026-04-10 08:14:08.375809
3122,BKE,Q4983306,instance_of,Q891723,public company,2026-04-10 08:14:08.375809
3123,BKE,Q4983306,instance_of,Q4830453,business,2026-04-10 08:14:08.375809
3124,BROS,Q5317253,instance_of,Q891723,public company,2026-04-10 08:14:08.375809
3125,BROS,Q5317253,instance_of,Q4830453,business,2026-04-10 08:14:08.375809
3126,BROS,Q5317253,instance_of,Q76212517,café chain,2026-04-10 08:14:08.375809
3127,BILL,Q18205529,instance_of,Q891723,public company,2026-04-10 08:14:08.375809
3128,BILL,Q18205529,instance_of,Q4830453,business,2026-04-10 08:14:08.375809
3129,BLDR,Q27686100,instance_of,Q507619,retail chain,2026-04-10 08:14:08.375809
3130,BLDR,Q27686100,instance_of,Q891723,public company,2026-04-10 08:14:08.375809
3131,BLDR,Q27686100,instance_of,Q4830453,business,2026-04-10 08:14:08.375809
3132,BKSY,Q56314218,instance_of,Q4830453,business,2026-04-10 08:14:08.375809
3133,BHR,Q63862184,instance_of,Q891723,public company,2026-04-10 08:14:08.375809
3134,BHR,Q63862184,instance_of,Q4830453,business,2026-04-10 08:14:08.375809
3135,BKKT,Q83768717,instance_of,Q11691,stock exchange,2026-04-10 08:14:08.375809
3136,BKKT,Q83768717,instance_of,Q891723,public company,2026-04-10 08:14:08.375809
3137,BKKT,Q83768717,instance_of,Q4830453,business,2026-04-10 08:14:08.375809
3138,BLD,Q106253502,instance_of,Q891723,public company,2026-04-10 08:14:08.375809
3139,BP,Q152057,part_of,Q466496,FTSE 100 Index,2026-04-10 08:14:08.375809
3140,BP,Q152057,part_of,Q773026,Dow Jones Global Titans 50,2026-04-10 08:14:08.375809
3141,BP,Q152057,part_of,Q1165860,Seven Sisters,2026-04-10 08:14:08.375809
3142,BLK,Q219635,part_of,Q242345,S&P 500,2026-04-10 08:14:08.375809
3143,BLK,Q219635,part_of,Q1546793,S&P 100,2026-04-10 08:14:08.375809
3144,BLK,Q219635,part_of,Q134661623,list of companies involved in the Gaza war,2026-04-10 08:14:08.375809
3145,BF.B,Q392221,part_of,Q242345,S&P 500,2026-04-10 08:14:08.375809
3146,BK,Q589288,part_of,Q242345,S&P 500,2026-04-10 08:14:08.375809
3147,BK,Q589288,part_of,Q1546793,S&P 100,2026-04-10 08:14:08.375809
3149,BDX,Q813780,part_of,Q242345,S&P 500,2026-04-10 08:14:08.375809
3152,BIO,Q2904022,part_of,Q242345,S&P 500,2026-04-10 08:14:08.375809
3158,BFAM,Q4967421,part_of,Q921581,Russell 1000 Index,2026-04-10 08:14:08.375809
3159,BFAM,Q4967421,part_of,Q1969854,Natur-Aktien-Index,2026-04-10 08:14:08.375809
3160,BR,Q4972280,part_of,Q242345,S&P 500,2026-04-10 08:14:08.375809
3165,BLDR,Q27686100,part_of,Q242345,S&P 500,2026-04-10 08:14:08.375809
3171,BLK,Q219635,owned_by,BLK,BlackRock,2026-04-10 08:14:08.375809
3330,BX,Q880942,subsidiaries,HLT,nan,2026-04-10 08:14:08.375809
3357,BRK.A,Q217583,investments,IBM,nan,2026-04-10 08:14:08.375809
3358,BRK.B,Q217583,investments,IBM,nan,2026-04-10 08:14:08.375809
3359,BRK.A,Q217583,investments,AXP,nan,2026-04-10 08:14:08.375809
3360,BRK.B,Q217583,investments,AXP,nan,2026-04-10 08:14:08.375809
3361,BRK.A,Q217583,investments,MCO,nan,2026-04-10 08:14:08.375809
3362,BRK.B,Q217583,investments,MCO,nan,2026-04-10 08:14:08.375809
3363,BRK.A,Q217583,investments,USB,nan,2026-04-10 08:14:08.375809
3364,BRK.B,Q217583,investments,USB,nan,2026-04-10 08:14:08.375809
3365,BRK.A,Q217583,investments,WFC,nan,2026-04-10 08:14:08.375809
3366,BRK.B,Q217583,investments,WFC,nan,2026-04-10 08:14:08.375809
3369,BRK.A,Q217583,investments,PSX,nan,2026-04-10 08:14:08.375809
3370,BRK.B,Q217583,investments,PSX,nan,2026-04-10 08:14:08.375809
3371,BRK.A,Q217583,investments,CHTR,nan,2026-04-10 08:14:08.375809
3372,BRK.B,Q217583,investments,CHTR,nan,2026-04-10 08:14:08.375809
3373,BRK.A,Q217583,investments,KO,nan,2026-04-10 08:14:08.375809
3374,BRK.B,Q217583,investments,KO,nan,2026-04-10 08:14:08.375809
3441,C,Q181114,products,Q1420,car,2026-04-10 08:14:08.375809
3442,C,Q181114,products,Q43193,truck,2026-04-10 08:14:08.375809
3443,C,Q181114,products,Q6405028,automotive part,2026-04-10 08:14:08.375809
3446,C,Q219508,products,Q43183,insurance,2026-04-10 08:14:08.375809
3447,C,Q219508,products,Q1814021,bank credit,2026-04-10 08:14:08.375809
3448,C,Q219508,products,Q2638043,,2026-04-10 08:14:08.375809
3453,BX,Q880942,products,Q476115,private equity,2026-04-10 08:14:08.375809
3454,BX,Q880942,products,Q4736525,alternative investment,2026-04-10 08:14:08.375809
3469,BRX,Q17512182,products,Q11315,shopping center,2026-04-10 08:14:08.375809
3470,BRCC,Q64005031,products,Q8486,coffee,2026-04-10 08:14:08.375809
3524,C,Q181114,instance_of,Q786820,automobile manufacturer,2026-04-10 08:14:08.375809
3525,C,Q181114,instance_of,Q4830453,business,2026-04-10 08:14:08.375809
3526,C,Q181114,instance_of,Q6881511,enterprise,2026-04-10 08:14:08.375809
3527,BRK.A,Q217583,instance_of,Q219577,holding company,2026-04-10 08:14:08.375809
3528,BRK.B,Q217583,instance_of,Q219577,holding company,2026-04-10 08:14:08.375809
3529,BRK.A,Q217583,instance_of,Q783794,company,2026-04-10 08:14:08.375809
3530,BRK.B,Q217583,instance_of,Q783794,company,2026-04-10 08:14:08.375809
3531,BRK.A,Q217583,instance_of,Q891723,public company,2026-04-10 08:14:08.375809
3532,BRK.B,Q217583,instance_of,Q891723,public company,2026-04-10 08:14:08.375809
3533,BRK.A,Q217583,instance_of,Q4830453,business,2026-04-10 08:14:08.375809
3534,BRK.B,Q217583,instance_of,Q4830453,business,2026-04-10 08:14:08.375809
3535,BRK.A,Q217583,instance_of,Q6881511,enterprise,2026-04-10 08:14:08.375809
3536,BRK.B,Q217583,instance_of,Q6881511,enterprise,2026-04-10 08:14:08.375809
3537,C,Q219508,instance_of,Q43229,organization,2026-04-10 08:14:08.375809
3538,C,Q219508,instance_of,Q219577,holding company,2026-04-10 08:14:08.375809
3539,C,Q219508,instance_of,Q730038,credit institution,2026-04-10 08:14:08.375809
3540,C,Q219508,instance_of,Q891723,public company,2026-04-10 08:14:08.375809
3541,C,Q219508,instance_of,Q4830453,business,2026-04-10 08:14:08.375809
3542,C,Q219508,instance_of,Q6881511,enterprise,2026-04-10 08:14:08.375809
3543,BMY,Q266423,instance_of,Q891723,public company,2026-04-10 08:14:08.375809
3544,BMY,Q266423,instance_of,Q6881511,enterprise,2026-04-10 08:14:08.375809
3545,BMY,Q266423,instance_of,Q131784011,biopharmaceutical company,2026-04-10 08:14:08.375809
3546,BW,Q797609,instance_of,Q891723,public company,2026-04-10 08:14:08.375809
3547,BW,Q797609,instance_of,Q4830453,business,2026-04-10 08:14:08.375809
3548,BW,Q797609,instance_of,Q6881511,enterprise,2026-04-10 08:14:08.375809
3549,BWA,Q825943,instance_of,Q891723,public company,2026-04-10 08:14:08.375809
3550,BWA,Q825943,instance_of,Q4830453,business,2026-04-10 08:14:08.375809
3551,BWA,Q825943,instance_of,Q6881511,enterprise,2026-04-10 08:14:08.375809
3552,BTI,Q856411,instance_of,Q43229,organization,2026-04-10 08:14:08.375809
3553,BTI,Q856411,instance_of,Q891723,public company,2026-04-10 08:14:08.375809
3554,BTI,Q856411,instance_of,Q13235160,manufacturer,2026-04-10 08:14:08.375809
3555,BX,Q880942,instance_of,Q891723,public company,2026-04-10 08:14:08.375809
3556,BX,Q880942,instance_of,Q4230006,asset management company,2026-04-10 08:14:08.375809
3557,BX,Q880942,instance_of,Q4830453,business,2026-04-10 08:14:08.375809
3558,BX,Q880942,instance_of,Q6881511,enterprise,2026-04-10 08:14:08.375809
3559,BSX,Q894585,instance_of,Q891723,public company,2026-04-10 08:14:08.375809
3560,BSX,Q894585,instance_of,Q4830453,business,2026-04-10 08:14:08.375809
3561,BSX,Q894585,instance_of,Q6881511,enterprise,2026-04-10 08:14:08.375809
3562,BSX,Q894585,instance_of,Q63383584,Indian medical surgical planning and 3D printing company,2026-04-10 08:14:08.375809
3563,BRC,Q897097,instance_of,Q891723,public company,2026-04-10 08:14:08.375809
3564,BRC,Q897097,instance_of,Q4830453,business,2026-04-10 08:14:08.375809
3565,CACI,Q1022711,instance_of,Q167037,corporation,2026-04-10 08:14:08.375809
3566,CACI,Q1022711,instance_of,Q891723,public company,2026-04-10 08:14:08.375809
3567,BTU,Q1785549,instance_of,Q891723,public company,2026-04-10 08:14:08.375809
3568,BTU,Q1785549,instance_of,Q4830453,business,2026-04-10 08:14:08.375809
3569,BTU,Q1785549,instance_of,Q6881511,enterprise,2026-04-10 08:14:08.375809
3570,BYD,Q2923022,instance_of,Q891723,public company,2026-04-10 08:14:08.375809
3571,BYD,Q2923022,instance_of,Q4830453,business,2026-04-10 08:14:08.375809
3572,BYD,Q2923022,instance_of,Q6881511,enterprise,2026-04-10 08:14:08.375809
3573,BWXT,Q4836852,instance_of,Q891723,public company,2026-04-10 08:14:08.375809
3574,BWXT,Q4836852,instance_of,Q4830453,business,2026-04-10 08:14:08.375809
3575,BXP,Q4844439,instance_of,Q891723,public company,2026-04-10 08:14:08.375809
3576,BXP,Q4844439,instance_of,Q4830453,business,2026-04-10 08:14:08.375809
3577,BNED,Q4861508,instance_of,Q783794,company,2026-04-10 08:14:08.375809
3578,BNED,Q4861508,instance_of,Q4830453,business,2026-04-10 08:14:08.375809
3579,BZH,Q4878288,instance_of,Q891723,public company,2026-04-10 08:14:08.375809
3580,BZH,Q4878288,instance_of,Q4830453,business,2026-04-10 08:14:08.375809
3581,BXC,Q4928758,instance_of,Q891723,public company,2026-04-10 08:14:08.375809
3582,BXC,Q4928758,instance_of,Q4830453,business,2026-04-10 08:14:08.375809
3583,BOX,Q4951483,instance_of,Q35127,website,2026-04-10 08:14:08.375809
3584,BOX,Q4951483,instance_of,Q891723,public company,2026-04-10 08:14:08.375809
3585,BOX,Q4951483,instance_of,Q4830453,business,2026-04-10 08:14:08.375809
3586,BOX,Q4951483,instance_of,Q6881511,enterprise,2026-04-10 08:14:08.375809
3587,BRO,Q4976010,instance_of,Q891723,public company,2026-04-10 08:14:08.375809
3588,BRO,Q4976010,instance_of,Q4830453,business,2026-04-10 08:14:08.375809
3589,BY,Q6824994,instance_of,Q891723,public company,2026-04-10 08:14:08.375809
3590,BY,Q6824994,instance_of,Q4830453,business,2026-04-10 08:14:08.375809
3591,CABO,Q11301445,instance_of,Q11371,internet service provider,2026-04-10 08:14:08.375809
3592,CABO,Q11301445,instance_of,Q891723,public company,2026-04-10 08:14:08.375809
3593,CABO,Q11301445,instance_of,Q2401749,telecommunication company,2026-04-10 08:14:08.375809
3594,CABO,Q11301445,instance_of,Q4830453,business,2026-04-10 08:14:08.375809
3595,BRX,Q17512182,instance_of,Q891723,public company,2026-04-10 08:14:08.375809
3596,BRX,Q17512182,instance_of,Q4830453,business,2026-04-10 08:14:08.375809
3597,BRCC,Q64005031,instance_of,Q891723,public company,2026-04-10 08:14:08.375809
3598,BRCC,Q64005031,instance_of,Q2363097,coffee roaster,2026-04-10 08:14:08.375809
3599,BRCC,Q64005031,instance_of,Q4830453,business,2026-04-10 08:14:08.375809
3600,BMNR,Q137983503,instance_of,Q4830453,business,2026-04-10 08:14:08.375809
3602,BRK.A,Q217583,part_of,Q242345,S&P 500,2026-04-10 08:14:08.375809
3603,BRK.B,Q217583,part_of,Q242345,S&P 500,2026-04-10 08:14:08.375809
3604,BRK.A,Q217583,part_of,Q1546793,S&P 100,2026-04-10 08:14:08.375809
3605,BRK.B,Q217583,part_of,Q1546793,S&P 100,2026-04-10 08:14:08.375809
3606,C,Q219508,part_of,Q242345,S&P 500,2026-04-10 08:14:08.375809
3607,C,Q219508,part_of,Q773026,Dow Jones Global Titans 50,2026-04-10 08:14:08.375809
3608,C,Q219508,part_of,Q1546793,S&P 100,2026-04-10 08:14:08.375809
3609,BMY,Q266423,part_of,Q242345,S&P 500,2026-04-10 08:14:08.375809
3610,BMY,Q266423,part_of,Q1546793,S&P 100,2026-04-10 08:14:08.375809
3612,BWA,Q825943,part_of,Q242345,S&P 500,2026-04-10 08:14:08.375809
3613,BTI,Q856411,part_of,Q466496,FTSE 100 Index,2026-04-10 08:14:08.375809
3614,BTI,Q856411,part_of,Q773026,Dow Jones Global Titans 50,2026-04-10 08:14:08.375809
3616,BSX,Q894585,part_of,Q242345,S&P 500,2026-04-10 08:14:08.375809
3622,BXP,Q4844439,part_of,Q242345,S&P 500,2026-04-10 08:14:08.375809
3627,BRO,Q4976010,part_of,Q242345,S&P 500,2026-04-10 08:14:08.375809
3633,C,Q181114,owned_by,STLAM.MI,Stellantis,2026-04-10 08:14:08.375809
3644,C,Q219508,owned_by,BLK,BlackRock,2026-04-10 08:14:08.375809
3837,CI,Q642271,products,Q334911,health insurance,2026-04-10 08:14:08.375809
3839,CBT,Q750124,products,Q190878,activated carbon,2026-04-10 08:14:08.375809
3841,CF,Q905806,products,Q83323,fertilizer,2026-04-10 08:14:08.375809
3842,CBRE,Q1023013,products,Q1520439,commercial property,2026-04-10 08:14:08.375809
3845,CHH,Q1075788,products,Q27686,hotel,2026-04-10 08:14:08.375809
3846,CHH,Q1075788,products,Q171947,franchising,2026-04-10 08:14:08.375809
3849,CAL,Q4112833,products,Q161928,footwear,2026-04-10 08:14:08.375809
3850,BURL,Q4999220,products,Q2549179,department store chain,2026-04-10 08:14:08.375809
3851,CBL,Q5009135,products,Q11315,shopping center,2026-04-10 08:14:08.375809
3852,CALX,Q5021439,products,Q1546066,networking hardware,2026-04-10 08:14:08.375809
3856,CHPT,Q5176149,products,Q2140665,charging station,2026-04-10 08:14:08.375809
3857,CHPT,Q5176149,products,Q37929123,electric vehicle charging network,2026-04-10 08:14:08.375809
3861,CAVA,Q85751038,products,Q28803,sandwich,2026-04-10 08:14:08.375809
3929,CAT,Q459965,instance_of,Q891723,public company,2026-04-10 08:14:08.375809
3930,CAT,Q459965,instance_of,Q4830453,business,2026-04-10 08:14:08.375809
3931,CAT,Q459965,instance_of,Q6881511,enterprise,2026-04-10 08:14:08.375809
3932,CE,Q547450,instance_of,Q891723,public company,2026-04-10 08:14:08.375809
3933,CE,Q547450,instance_of,Q4830453,business,2026-04-10 08:14:08.375809
3934,CI,Q642271,instance_of,Q891723,public company,2026-04-10 08:14:08.375809
3935,CI,Q642271,instance_of,Q4830453,business,2026-04-10 08:14:08.375809
3936,CI,Q642271,instance_of,Q6881511,enterprise,2026-04-10 08:14:08.375809
3937,CARR,Q731912,instance_of,Q891723,public company,2026-04-10 08:14:08.375809
3938,CARR,Q731912,instance_of,Q4830453,business,2026-04-10 08:14:08.375809
3939,CBT,Q750124,instance_of,Q891723,public company,2026-04-10 08:14:08.375809
3940,CBT,Q750124,instance_of,Q4830453,business,2026-04-10 08:14:08.375809
3941,CAH,Q902397,instance_of,Q891723,public company,2026-04-10 08:14:08.375809
3942,CAH,Q902397,instance_of,Q4830453,business,2026-04-10 08:14:08.375809
3943,CAH,Q902397,instance_of,Q6881511,enterprise,2026-04-10 08:14:08.375809
3944,CAH,Q902397,instance_of,Q63383584,Indian medical surgical planning and 3D printing company,2026-04-10 08:14:08.375809
3945,CF,Q905806,instance_of,Q891723,public company,2026-04-10 08:14:08.375809
3946,CF,Q905806,instance_of,Q4830453,business,2026-04-10 08:14:08.375809
3947,CBRE,Q1023013,instance_of,Q891723,public company,2026-04-10 08:14:08.375809
3948,CBRE,Q1023013,instance_of,Q4830453,business,2026-04-10 08:14:08.375809
3949,CBRE,Q1023013,instance_of,Q6881511,enterprise,2026-04-10 08:14:08.375809
3950,CCJ,Q1028449,instance_of,Q891723,public company,2026-04-10 08:14:08.375809
3951,CCJ,Q1028449,instance_of,Q4830453,business,2026-04-10 08:14:08.375809
3952,CCL,Q1044059,instance_of,Q498289,dual-listed company,2026-04-10 08:14:08.375809
3953,CCL,Q1044059,instance_of,Q891723,public company,2026-04-10 08:14:08.375809
3954,CCL,Q1044059,instance_of,Q946499,cruise line,2026-04-10 08:14:08.375809
3955,CCL,Q1044059,instance_of,Q4830453,business,2026-04-10 08:14:08.375809
3956,CHH,Q1075788,instance_of,Q891723,public company,2026-04-10 08:14:08.375809
3957,CHH,Q1075788,instance_of,Q1631129,hotel chain,2026-04-10 08:14:08.375809
3958,CHH,Q1075788,instance_of,Q4830453,business,2026-04-10 08:14:08.375809
3959,CB,Q1089060,instance_of,Q891723,public company,2026-04-10 08:14:08.375809
3960,CB,Q1089060,instance_of,Q4830453,business,2026-04-10 08:14:08.375809
3961,CAG,Q1123399,instance_of,Q891723,public company,2026-04-10 08:14:08.375809
3962,CAG,Q1123399,instance_of,Q4830453,business,2026-04-10 08:14:08.375809
3963,CAL,Q4112833,instance_of,Q891723,public company,2026-04-10 08:14:08.375809
3964,CAL,Q4112833,instance_of,Q4830453,business,2026-04-10 08:14:08.375809
3965,BURL,Q4999220,instance_of,Q891723,public company,2026-04-10 08:14:08.375809
3966,BURL,Q4999220,instance_of,Q4830453,business,2026-04-10 08:14:08.375809
3967,CBL,Q5009135,instance_of,Q43229,organization,2026-04-10 08:14:08.375809
3968,CBL,Q5009135,instance_of,Q891723,public company,2026-04-10 08:14:08.375809
3969,CBL,Q5009135,instance_of,Q4830453,business,2026-04-10 08:14:08.375809
3970,CALX,Q5021439,instance_of,Q891723,public company,2026-04-10 08:14:08.375809
3971,CALX,Q5021439,instance_of,Q4830453,business,2026-04-10 08:14:08.375809
3972,CARS,Q5046846,instance_of,Q35127,website,2026-04-10 08:14:08.375809
3973,CARS,Q5046846,instance_of,Q891723,public company,2026-04-10 08:14:08.375809
3974,CARS,Q5046846,instance_of,Q4830453,business,2026-04-10 08:14:08.375809
3975,CCO,Q5130656,instance_of,Q891723,public company,2026-04-10 08:14:08.375809
3976,CCO,Q5130656,instance_of,Q4830453,business,2026-04-10 08:14:08.375809
3977,CBU,Q5154635,instance_of,Q22687,bank,2026-04-10 08:14:08.375809
3978,CBU,Q5154635,instance_of,Q650241,financial institution,2026-04-10 08:14:08.375809
3979,CBU,Q5154635,instance_of,Q891723,public company,2026-04-10 08:14:08.375809
3980,CBU,Q5154635,instance_of,Q4830453,business,2026-04-10 08:14:08.375809
3981,CHPT,Q5176149,instance_of,Q891723,public company,2026-04-10 08:14:08.375809
3982,CHPT,Q5176149,instance_of,Q4830453,business,2026-04-10 08:14:08.375809
3983,CCI,Q5189320,instance_of,Q43229,organization,2026-04-10 08:14:08.375809
3984,CCI,Q5189320,instance_of,Q697852,real estate investment trust,2026-04-10 08:14:08.375809
3985,CCI,Q5189320,instance_of,Q783794,company,2026-04-10 08:14:08.375809
3986,CCI,Q5189320,instance_of,Q891723,public company,2026-04-10 08:14:08.375809
3987,CATO,Q16956136,instance_of,Q891723,public company,2026-04-10 08:14:08.375809
3988,CATO,Q16956136,instance_of,Q4830453,business,2026-04-10 08:14:08.375809
3989,CC,Q20630716,instance_of,Q891723,public company,2026-04-10 08:14:08.375809
3990,CC,Q20630716,instance_of,Q4830453,business,2026-04-10 08:14:08.375809
3991,CAVA,Q85751038,instance_of,Q4830453,business,2026-04-10 08:14:08.375809
3992,CAVA,Q85751038,instance_of,Q18534542,restaurant chain,2026-04-10 08:14:08.375809
3993,CAT,Q459965,part_of,Q180816,Dow Jones Industrial Average,2026-04-10 08:14:08.375809
3994,CAT,Q459965,part_of,Q242345,S&P 500,2026-04-10 08:14:08.375809
3995,CAT,Q459965,part_of,Q1546793,S&P 100,2026-04-10 08:14:08.375809
3996,CAT,Q459965,part_of,Q134661623,list of companies involved in the Gaza war,2026-04-10 08:14:08.375809
3997,CE,Q547450,part_of,Q595622,MDAX,2026-04-10 08:14:08.375809
3998,CE,Q547450,part_of,Q7386995,S&P 600,2026-04-10 08:14:08.375809
3999,CI,Q642271,part_of,Q242345,S&P 500,2026-04-10 08:14:08.375809
4000,CARR,Q731912,part_of,Q242345,S&P 500,2026-04-10 08:14:08.375809
4002,CAH,Q902397,part_of,Q242345,S&P 500,2026-04-10 08:14:08.375809
4003,CF,Q905806,part_of,Q242345,S&P 500,2026-04-10 08:14:08.375809
4004,CBRE,Q1023013,part_of,Q242345,S&P 500,2026-04-10 08:14:08.375809
4005,CBRE,Q1023013,part_of,Q65943083,Big 4 Commercial Real Estate,2026-04-10 08:14:08.375809
4007,CCL,Q1044059,part_of,Q242345,S&P 500,2026-04-10 08:14:08.375809
4008,CCL,Q1044059,part_of,Q466496,FTSE 100 Index,2026-04-10 08:14:08.375809
4010,CB,Q1089060,part_of,Q242345,S&P 500,2026-04-10 08:14:08.375809
4011,CAG,Q1123399,part_of,Q242345,S&P 500,2026-04-10 08:14:08.375809
4020,CCI,Q5189320,part_of,Q242345,S&P 500,2026-04-10 08:14:08.375809
4024,CAT,Q459965,owned_by,BLK,BlackRock,2026-04-10 08:14:08.375809
4026,CAT,Q459965,owned_by,STT,State Street Corporation,2026-04-10 08:14:08.375809
4136,CPA,Q5168189,subsidiaries,CPA,nan,2026-04-10 08:14:08.375809
4213,CDE,Q386193,products,Q1090,silver,2026-04-10 08:14:08.375809
4214,CMG,Q465751,products,Q29359,Tex-Mex,2026-04-10 08:14:08.375809
4215,CL,Q609466,products,Q35855,toothpaste,2026-04-10 08:14:08.375809
4216,CL,Q609466,products,Q134205,toothbrush,2026-04-10 08:14:08.375809
4217,CL,Q609466,products,Q518968,mouthwash,2026-04-10 08:14:08.375809
4220,CIEN,Q1091783,products,Q1546066,networking hardware,2026-04-10 08:14:08.375809
4222,CMS,Q5013012,products,Q12725,electricity,2026-04-10 08:14:08.375809
4226,CHD,Q5116536,products,Q910284,laundry detergent,2026-04-10 08:14:08.375809
4227,CFG,Q5122694,products,Q837171,financial services,2026-04-10 08:14:08.375809
4229,CLW,Q5130952,products,Q14934005,paperboard,2026-04-10 08:14:08.375809
4230,CLF,Q5133094,products,Q11427,steel,2026-04-10 08:14:08.375809
4232,CMP,Q5156101,products,Q265414,magnesium chloride,2026-04-10 08:14:08.375809
4236,CHWY,Q28130158,products,Q6648982,pet food,2026-04-10 08:14:08.375809
4288,CMI,Q173476,instance_of,Q891723,public company,2026-04-10 08:14:08.375809
4289,CMI,Q173476,instance_of,Q4830453,business,2026-04-10 08:14:08.375809
4290,CMI,Q173476,instance_of,Q6881511,enterprise,2026-04-10 08:14:08.375809
4291,CLS,Q225440,instance_of,Q891723,public company,2026-04-10 08:14:08.375809
4292,CLS,Q225440,instance_of,Q4830453,business,2026-04-10 08:14:08.375809
4293,CDE,Q386193,instance_of,Q891723,public company,2026-04-10 08:14:08.375809
4294,CDE,Q386193,instance_of,Q4830453,business,2026-04-10 08:14:08.375809
4295,CMG,Q465751,instance_of,Q43229,organization,2026-04-10 08:14:08.375809
4296,CMG,Q465751,instance_of,Q891723,public company,2026-04-10 08:14:08.375809
4297,CMG,Q465751,instance_of,Q4830453,business,2026-04-10 08:14:08.375809
4298,CMG,Q465751,instance_of,Q6881511,enterprise,2026-04-10 08:14:08.375809
4299,CMG,Q465751,instance_of,Q18534542,restaurant chain,2026-04-10 08:14:08.375809
4300,CL,Q609466,instance_of,Q891723,public company,2026-04-10 08:14:08.375809
4301,CL,Q609466,instance_of,Q4830453,business,2026-04-10 08:14:08.375809
4302,CM,Q666694,instance_of,Q22687,bank,2026-04-10 08:14:08.375809
4303,CM,Q666694,instance_of,Q650241,financial institution,2026-04-10 08:14:08.375809
4304,CM,Q666694,instance_of,Q730038,credit institution,2026-04-10 08:14:08.375809
4305,CM,Q666694,instance_of,Q891723,public company,2026-04-10 08:14:08.375809
4306,CM,Q666694,instance_of,Q4830453,business,2026-04-10 08:14:08.375809
4307,CLX,Q910368,instance_of,Q891723,public company,2026-04-10 08:14:08.375809
4308,CLX,Q910368,instance_of,Q4830453,business,2026-04-10 08:14:08.375809
4309,CIEN,Q1091783,instance_of,Q891723,public company,2026-04-10 08:14:08.375809
4310,CIEN,Q1091783,instance_of,Q4830453,business,2026-04-10 08:14:08.375809
4311,CIEN,Q1091783,instance_of,Q6881511,enterprise,2026-04-10 08:14:08.375809
4312,CMRE,Q1136433,instance_of,Q891723,public company,2026-04-10 08:14:08.375809
4313,CMRE,Q1136433,instance_of,Q4830453,business,2026-04-10 08:14:08.375809
4314,CMS,Q5013012,instance_of,Q43229,organization,2026-04-10 08:14:08.375809
4315,CMS,Q5013012,instance_of,Q891723,public company,2026-04-10 08:14:08.375809
4316,CMS,Q5013012,instance_of,Q4830453,business,2026-04-10 08:14:08.375809
4317,CNA,Q5013072,instance_of,Q891723,public company,2026-04-10 08:14:08.375809
4318,CNA,Q5013072,instance_of,Q4830453,business,2026-04-10 08:14:08.375809
4319,CNC,Q5059102,instance_of,Q891723,public company,2026-04-10 08:14:08.375809
4320,CNC,Q5059102,instance_of,Q4830453,business,2026-04-10 08:14:08.375809
4321,CHGG,Q5089544,instance_of,Q891723,public company,2026-04-10 08:14:08.375809
4322,CHGG,Q5089544,instance_of,Q1194970,dot-com company,2026-04-10 08:14:08.375809
4323,CHGG,Q5089544,instance_of,Q18388277,technology company,2026-04-10 08:14:08.375809
4324,CHD,Q5116536,instance_of,Q891723,public company,2026-04-10 08:14:08.375809
4325,CHD,Q5116536,instance_of,Q4830453,business,2026-04-10 08:14:08.375809
4326,CHD,Q5116536,instance_of,Q6881511,enterprise,2026-04-10 08:14:08.375809
4327,CFG,Q5122694,instance_of,Q22687,bank,2026-04-10 08:14:08.375809
4328,CFG,Q5122694,instance_of,Q891723,public company,2026-04-10 08:14:08.375809
4329,CFG,Q5122694,instance_of,Q4830453,business,2026-04-10 08:14:08.375809
4330,CLH,Q5130494,instance_of,Q891723,public company,2026-04-10 08:14:08.375809
4331,CLH,Q5130494,instance_of,Q4830453,business,2026-04-10 08:14:08.375809
4332,CLW,Q5130952,instance_of,Q891723,public company,2026-04-10 08:14:08.375809
4333,CLW,Q5130952,instance_of,Q4830453,business,2026-04-10 08:14:08.375809
4334,CLF,Q5133094,instance_of,Q891723,public company,2026-04-10 08:14:08.375809
4335,CLF,Q5133094,instance_of,Q4830453,business,2026-04-10 08:14:08.375809
4336,CMC,Q5152510,instance_of,Q891723,public company,2026-04-10 08:14:08.375809
4337,CMC,Q5152510,instance_of,Q4830453,business,2026-04-10 08:14:08.375809
4338,CMC,Q5152510,instance_of,Q6881511,enterprise,2026-04-10 08:14:08.375809
4339,CMP,Q5156101,instance_of,Q891723,public company,2026-04-10 08:14:08.375809
4340,CMP,Q5156101,instance_of,Q4830453,business,2026-04-10 08:14:08.375809
4341,CPA,Q5168189,instance_of,Q43229,organization,2026-04-10 08:14:08.375809
4342,CPA,Q5168189,instance_of,Q891723,public company,2026-04-10 08:14:08.375809
4343,CLB,Q5170174,instance_of,Q891723,public company,2026-04-10 08:14:08.375809
4344,CLB,Q5170174,instance_of,Q4830453,business,2026-04-10 08:14:08.375809
4345,CLB,Q5170174,instance_of,Q6881511,enterprise,2026-04-10 08:14:08.375809
4346,CFR,Q5506152,instance_of,Q22687,bank,2026-04-10 08:14:08.375809
4347,CFR,Q5506152,instance_of,Q650241,financial institution,2026-04-10 08:14:08.375809
4348,CFR,Q5506152,instance_of,Q891723,public company,2026-04-10 08:14:08.375809
4349,CFR,Q5506152,instance_of,Q4830453,business,2026-04-10 08:14:08.375809
4350,CHWY,Q28130158,instance_of,Q891723,public company,2026-04-10 08:14:08.375809
4351,CHWY,Q28130158,instance_of,Q4382945,online shop,2026-04-10 08:14:08.375809
4352,CHWY,Q28130158,instance_of,Q4830453,business,2026-04-10 08:14:08.375809
4353,CHWY,Q28130158,instance_of,Q6881511,enterprise,2026-04-10 08:14:08.375809
4354,CNS,Q115056594,instance_of,Q891723,public company,2026-04-10 08:14:08.375809
4355,CMI,Q173476,part_of,Q242345,S&P 500,2026-04-10 08:14:08.375809
4358,CMG,Q465751,part_of,Q242345,S&P 500,2026-04-10 08:14:08.375809
4359,CL,Q609466,part_of,Q242345,S&P 500,2026-04-10 08:14:08.375809
4360,CL,Q609466,part_of,Q1546793,S&P 100,2026-04-10 08:14:08.375809
4362,CLX,Q910368,part_of,Q242345,S&P 500,2026-04-10 08:14:08.375809
4365,CMS,Q5013012,part_of,Q242345,S&P 500,2026-04-10 08:14:08.375809
4367,CNC,Q5059102,part_of,Q242345,S&P 500,2026-04-10 08:14:08.375809
4369,CHD,Q5116536,part_of,Q242345,S&P 500,2026-04-10 08:14:08.375809
4370,CFG,Q5122694,part_of,Q242345,S&P 500,2026-04-10 08:14:08.375809
4391,CNA,Q5013072,owned_by,L,Loews Corporation,2026-04-10 08:14:08.375809
4624,COP,Q214763,products,Q39558,gasoline,2026-04-10 08:14:08.375809
4625,COR,Q470156,products,Q12140,medication,2026-04-10 08:14:08.375809
4631,CNQ,Q1032229,products,Q22656,petroleum,2026-04-10 08:14:08.375809
4632,COF,Q1034654,products,Q1548025,retail banking,2026-04-10 08:14:08.375809
4633,CNP,Q1053560,products,Q12725,electricity,2026-04-10 08:14:08.375809
4639,CPK,Q5092882,products,Q40858,natural gas,2026-04-10 08:14:08.375809
4640,CNO,Q5162777,products,Q43183,insurance,2026-04-10 08:14:08.375809
4643,CPAY,Q16838618,products,Q1164942,fuel card,2026-04-10 08:14:08.375809
4647,CRC,Q60742531,products,Q22656,petroleum,2026-04-10 08:14:08.375809
4649,CNX,Q65066950,products,Q890794,hydraulic fracturing,2026-04-10 08:14:08.375809
4650,CNX,Q65066950,products,Q955546,coalbed methane,2026-04-10 08:14:08.375809
4651,CNX,Q65066950,products,Q16000243,Natural gas pipeline system in the United States,2026-04-10 08:14:08.375809
4652,CNX,Q65066950,products,Q29584413,extraction of natural gas,2026-04-10 08:14:08.375809
4707,COP,Q214763,instance_of,Q891723,public company,2026-04-10 08:14:08.375809
4708,COP,Q214763,instance_of,Q4830453,business,2026-04-10 08:14:08.375809
4709,COP,Q214763,instance_of,Q6881511,enterprise,2026-04-10 08:14:08.375809
4710,COR,Q470156,instance_of,Q891723,public company,2026-04-10 08:14:08.375809
4711,COR,Q470156,instance_of,Q4830453,business,2026-04-10 08:14:08.375809
4712,COR,Q470156,instance_of,Q6881511,enterprise,2026-04-10 08:14:08.375809
4713,COUR,Q499962,instance_of,Q35127,website,2026-04-10 08:14:08.375809
4714,COUR,Q499962,instance_of,Q891723,public company,2026-04-10 08:14:08.375809
4715,COUR,Q499962,instance_of,Q19862851,Massive online open course provider,2026-04-10 08:14:08.375809
4716,COUR,Q499962,instance_of,Q57285129,education company,2026-04-10 08:14:08.375809
4717,CNI,Q624798,instance_of,Q22667,railway,2026-04-10 08:14:08.375809
4718,CNI,Q624798,instance_of,Q249556,railway company,2026-04-10 08:14:08.375809
4719,CNI,Q624798,instance_of,Q740752,transport company,2026-04-10 08:14:08.375809
4720,CNI,Q624798,instance_of,Q891723,public company,2026-04-10 08:14:08.375809
4721,CNI,Q624798,instance_of,Q1428122,Railroad classes (United States),2026-04-10 08:14:08.375809
4722,CNI,Q624798,instance_of,Q4830453,business,2026-04-10 08:14:08.375809
4723,CNI,Q624798,instance_of,Q5189488,Crown corporation,2026-04-10 08:14:08.375809
4724,CNK,Q707530,instance_of,Q891723,public company,2026-04-10 08:14:08.375809
4725,CNK,Q707530,instance_of,Q20679540,cinema chain,2026-04-10 08:14:08.375809
4726,CNP,Q725793,instance_of,Q249556,railway company,2026-04-10 08:14:08.375809
4727,CNP,Q725793,instance_of,Q891723,public company,2026-04-10 08:14:08.375809
4728,CPA,Q849404,instance_of,Q46970,airline,2026-04-10 08:14:08.375809
4729,CPA,Q849404,instance_of,Q891723,public company,2026-04-10 08:14:08.375809
4730,CNQ,Q1032229,instance_of,Q862571,petroleum industry,2026-04-10 08:14:08.375809
4731,CNQ,Q1032229,instance_of,Q891723,public company,2026-04-10 08:14:08.375809
4732,CNQ,Q1032229,instance_of,Q4830453,business,2026-04-10 08:14:08.375809
4733,COF,Q1034654,instance_of,Q730038,credit institution,2026-04-10 08:14:08.375809
4734,COF,Q1034654,instance_of,Q891723,public company,2026-04-10 08:14:08.375809
4735,COF,Q1034654,instance_of,Q4830453,business,2026-04-10 08:14:08.375809
4736,COF,Q1034654,instance_of,Q6881511,enterprise,2026-04-10 08:14:08.375809
4737,CNP,Q1053560,instance_of,Q891723,public company,2026-04-10 08:14:08.375809
4738,CNP,Q1053560,instance_of,Q4830453,business,2026-04-10 08:14:08.375809
4739,CNP,Q1053560,instance_of,Q6881511,enterprise,2026-04-10 08:14:08.375809
4740,COTY,Q1104787,instance_of,Q891723,public company,2026-04-10 08:14:08.375809
4741,COTY.PA,Q1104787,instance_of,Q891723,public company,2026-04-10 08:14:08.375809
4742,COTY,Q1104787,instance_of,Q4830453,business,2026-04-10 08:14:08.375809
4743,COTY.PA,Q1104787,instance_of,Q4830453,business,2026-04-10 08:14:08.375809
4744,COTY,Q1104787,instance_of,Q6881511,enterprise,2026-04-10 08:14:08.375809
4745,COTY.PA,Q1104787,instance_of,Q6881511,enterprise,2026-04-10 08:14:08.375809
4746,CSL,Q5041354,instance_of,Q891723,public company,2026-04-10 08:14:08.375809
4747,CSL,Q5041354,instance_of,Q4830453,business,2026-04-10 08:14:08.375809
4748,CRS,Q5045738,instance_of,Q891723,public company,2026-04-10 08:14:08.375809
4749,CRS,Q5045738,instance_of,Q4830453,business,2026-04-10 08:14:08.375809
4750,CRL,Q5082076,instance_of,Q891723,public company,2026-04-10 08:14:08.375809
4751,CRL,Q5082076,instance_of,Q4830453,business,2026-04-10 08:14:08.375809
4752,CPK,Q5092882,instance_of,Q891723,public company,2026-04-10 08:14:08.375809
4753,CPK,Q5092882,instance_of,Q4830453,business,2026-04-10 08:14:08.375809
4754,CNO,Q5162777,instance_of,Q891723,public company,2026-04-10 08:14:08.375809
4755,CNO,Q5162777,instance_of,Q4830453,business,2026-04-10 08:14:08.375809
4756,CPS,Q5167736,instance_of,Q891723,public company,2026-04-10 08:14:08.375809
4757,CPS,Q5167736,instance_of,Q4830453,business,2026-04-10 08:14:08.375809
4758,CR,Q5182000,instance_of,Q219577,holding company,2026-04-10 08:14:08.375809
4759,CR,Q5182000,instance_of,Q891723,public company,2026-04-10 08:14:08.375809
4760,CR,Q5182000,instance_of,Q4830453,business,2026-04-10 08:14:08.375809
4761,CR,Q5182000,instance_of,Q6881511,enterprise,2026-04-10 08:14:08.375809
4762,CPAY,Q16838618,instance_of,Q891723,public company,2026-04-10 08:14:08.375809
4763,CPAY,Q16838618,instance_of,Q4830453,business,2026-04-10 08:14:08.375809
4764,CPAY,Q16838618,instance_of,Q6881511,enterprise,2026-04-10 08:14:08.375809
4765,COLD,Q24197334,instance_of,Q891723,public company,2026-04-10 08:14:08.375809
4766,COLD,Q24197334,instance_of,Q4830453,business,2026-04-10 08:14:08.375809
4767,CRC,Q47394052,instance_of,Q891723,public company,2026-04-10 08:14:08.375809
4768,CRC,Q47394052,instance_of,Q4830453,business,2026-04-10 08:14:08.375809
4769,COMP,Q48740858,instance_of,Q35127,website,2026-04-10 08:14:08.375809
4770,COMP,Q48740858,instance_of,Q891723,public company,2026-04-10 08:14:08.375809
4771,COMP,Q48740858,instance_of,Q4830453,business,2026-04-10 08:14:08.375809
4772,COMP,Q48740858,instance_of,Q6881511,enterprise,2026-04-10 08:14:08.375809
4773,COMP,Q48740858,instance_of,Q61061942,online real estate database,2026-04-10 08:14:08.375809
4774,CRC,Q60742531,instance_of,Q891723,public company,2026-04-10 08:14:08.375809
4775,CRC,Q60742531,instance_of,Q4830453,business,2026-04-10 08:14:08.375809
4776,CRC,Q60742531,instance_of,Q57655560,corporation,2026-04-10 08:14:08.375809
4777,CNM,Q65066106,instance_of,Q783794,company,2026-04-10 08:14:08.375809
4778,CNX,Q65066950,instance_of,Q891723,public company,2026-04-10 08:14:08.375809
4779,CNX,Q65066950,instance_of,Q4830453,business,2026-04-10 08:14:08.375809
4780,COP,Q214763,part_of,Q242345,S&P 500,2026-04-10 08:14:08.375809
4781,COP,Q214763,part_of,Q1546793,S&P 100,2026-04-10 08:14:08.375809
4782,COR,Q470156,part_of,Q242345,S&P 500,2026-04-10 08:14:08.375809
4789,COF,Q1034654,part_of,Q242345,S&P 500,2026-04-10 08:14:08.375809
4790,COF,Q1034654,part_of,Q1546793,S&P 100,2026-04-10 08:14:08.375809
4791,CNP,Q1053560,part_of,Q242345,S&P 500,2026-04-10 08:14:08.375809
4801,CPAY,Q16838618,part_of,Q242345,S&P 500,2026-04-10 08:14:08.375809
4808,COP,Q214763,owned_by,BLK,BlackRock,2026-04-10 08:14:08.375809
4811,COR,Q470156,owned_by,BLK,BlackRock,2026-04-10 08:14:08.375809
4816,CNI,Q624798,owned_by,BLK,BlackRock,2026-04-10 08:14:08.375809
4822,CNI,Q624798,owned_by,MGF,MFS Investment Management,2026-04-10 08:14:08.375809
4825,CPA,Q849404,owned_by,CPA,Copa Holdings,2026-04-10 08:14:08.375809
4907,DD,Q221062,subsidiaries,DOW,nan,2026-04-10 08:14:08.375809
5065,CVX,Q319642,products,Q2131789,lithium grease,2026-04-10 08:14:08.375809
5066,CVS,Q624375,products,Q334911,health insurance,2026-04-10 08:14:08.375809
5067,D,Q677464,products,Q12725,electricity,2026-04-10 08:14:08.375809
5069,CRM,Q941127,products,Q11660,artificial intelligence,2026-04-10 08:14:08.375809
5070,CRM,Q941127,products,Q483639,cloud computing,2026-04-10 08:14:08.375809
5071,CRM,Q941127,products,Q484847,e-commerce,2026-04-10 08:14:08.375809
5072,CRM,Q941127,products,Q485396,analytics,2026-04-10 08:14:08.375809
5073,CRM,Q941127,products,Q787422,automation technology,2026-04-10 08:14:08.375809
5074,CRM,Q941127,products,Q1142726,intelligent agent,2026-04-10 08:14:08.375809
5075,CRM,Q941127,products,Q1155133,email marketing,2026-04-10 08:14:08.375809
5076,CRM,Q941127,products,Q1254596,software as a service,2026-04-10 08:14:08.375809
5077,CRM,Q941127,products,Q1318054,enterprise software,2026-04-10 08:14:08.375809
5078,CRM,Q941127,products,Q1358071,virtual agent,2026-04-10 08:14:08.375809
5079,CRM,Q941127,products,Q1665471,integration platform,2026-04-10 08:14:08.375809
5080,CRM,Q941127,products,Q2350702,Heroku,2026-04-10 08:14:08.375809
5081,CRM,Q941127,products,Q5597177,data visualization software,2026-04-10 08:14:08.375809
5082,CRM,Q941127,products,Q7100437,Order management system,2026-04-10 08:14:08.375809
5083,CRM,Q941127,products,Q7543013,Small business software,2026-04-10 08:14:08.375809
5084,CRM,Q941127,products,Q17103526,marketing automation,2026-04-10 08:14:08.375809
5085,CRM,Q941127,products,Q22906601,B2B e-commerce,2026-04-10 08:14:08.375809
5086,CRM,Q941127,products,Q48997925,Customer data platform,2026-04-10 08:14:08.375809
5087,CRM,Q941127,products,Q95988573,customer relationship management software,2026-04-10 08:14:08.375809
5088,CRM,Q941127,products,Q115602131,Salesforce,2026-04-10 08:14:08.375809
5089,CRM,Q941127,products,Q132451509,AI agent,2026-04-10 08:14:08.375809
5090,CVE,Q1053422,products,Q42962,oil,2026-04-10 08:14:08.375809
5091,CW,Q1138291,products,Q208443,valve,2026-04-10 08:14:08.375809
5092,DBD,Q1220078,products,Q81235,automated teller machine,2026-04-10 08:14:08.375809
5093,CTRA,Q4035714,products,Q40858,natural gas,2026-04-10 08:14:08.375809
5095,CPT,Q5025803,products,Q188507,apartment,2026-04-10 08:14:08.375809
5096,CRI,Q5047083,products,Q2471487,children's clothing,2026-04-10 08:14:08.375809
5098,DAN,Q5214701,products,Q188209,axle,2026-04-10 08:14:08.375809
5099,CURV,Q7827120,products,Q7205582,plus-size clothing,2026-04-10 08:14:08.375809
5103,CWAN,Q17509919,products,Q7397,software,2026-04-10 08:14:08.375809
5104,CTVA,Q63197674,products,Q72461389,Copper hydroxide,2026-04-10 08:14:08.375809
5158,DB,Q66048,instance_of,Q22687,bank,2026-04-10 08:14:08.375809
5159,DB,Q66048,instance_of,Q568041,universal bank,2026-04-10 08:14:08.375809
5160,DB,Q66048,instance_of,Q891723,public company,2026-04-10 08:14:08.375809
5161,DD,Q221062,instance_of,Q891723,public company,2026-04-10 08:14:08.375809
5162,DD,Q221062,instance_of,Q4830453,business,2026-04-10 08:14:08.375809
5163,CVX,Q319642,instance_of,Q43229,organization,2026-04-10 08:14:08.375809
5164,CVX,Q319642,instance_of,Q167037,corporation,2026-04-10 08:14:08.375809
5165,CVX,Q319642,instance_of,Q891723,public company,2026-04-10 08:14:08.375809
5166,CVX,Q319642,instance_of,Q6881511,enterprise,2026-04-10 08:14:08.375809
5167,CVX,Q319642,instance_of,Q14941854,oil company,2026-04-10 08:14:08.375809
5168,CVX,Q319642,instance_of,Q64027599,gas station chain,2026-04-10 08:14:08.375809
5169,CVS,Q624375,instance_of,Q891723,public company,2026-04-10 08:14:08.375809
5170,CVS,Q624375,instance_of,Q4830453,business,2026-04-10 08:14:08.375809
5171,CVS,Q624375,instance_of,Q6881511,enterprise,2026-04-10 08:14:08.375809
5172,D,Q677464,instance_of,Q891723,public company,2026-04-10 08:14:08.375809
5173,D,Q677464,instance_of,Q4830453,business,2026-04-10 08:14:08.375809
5174,D,Q677464,instance_of,Q6881511,enterprise,2026-04-10 08:14:08.375809
5175,DDS,Q844805,instance_of,Q891723,public company,2026-04-10 08:14:08.375809
5176,DDS,Q844805,instance_of,Q2549179,department store chain,2026-04-10 08:14:08.375809
5177,CRM,Q941127,instance_of,Q183888,software developer,2026-04-10 08:14:08.375809
5178,CRM,Q941127,instance_of,Q891723,public company,2026-04-10 08:14:08.375809
5179,CRM,Q941127,instance_of,Q1058914,software company,2026-04-10 08:14:08.375809
5180,CRM,Q941127,instance_of,Q4830453,business,2026-04-10 08:14:08.375809
5181,CRM,Q941127,instance_of,Q6881511,enterprise,2026-04-10 08:14:08.375809
5182,CRM,Q941127,instance_of,Q18388277,technology company,2026-04-10 08:14:08.375809
5183,CVE,Q1053422,instance_of,Q891723,public company,2026-04-10 08:14:08.375809
5184,CVE,Q1053422,instance_of,Q4830453,business,2026-04-10 08:14:08.375809
5185,CW,Q1138291,instance_of,Q219577,holding company,2026-04-10 08:14:08.375809
5186,CW,Q1138291,instance_of,Q891723,public company,2026-04-10 08:14:08.375809
5187,CW,Q1138291,instance_of,Q936518,aerospace manufacturer,2026-04-10 08:14:08.375809
5188,CW,Q1138291,instance_of,Q4830453,business,2026-04-10 08:14:08.375809
5189,DBD,Q1220078,instance_of,Q891723,public company,2026-04-10 08:14:08.375809
5190,DBD,Q1220078,instance_of,Q4830453,business,2026-04-10 08:14:08.375809
5191,DBD,Q1220078,instance_of,Q6881511,enterprise,2026-04-10 08:14:08.375809
5192,CTRA,Q4035714,instance_of,Q891723,public company,2026-04-10 08:14:08.375809
5193,CTRA,Q4035714,instance_of,Q4830453,business,2026-04-10 08:14:08.375809
5194,CTRA,Q4035714,instance_of,Q6881511,enterprise,2026-04-10 08:14:08.375809
5195,DDD,Q4636301,instance_of,Q891723,public company,2026-04-10 08:14:08.375809
5196,DDD,Q4636301,instance_of,Q4830453,business,2026-04-10 08:14:08.375809
5197,CPT,Q5025803,instance_of,Q891723,public company,2026-04-10 08:14:08.375809
5198,CPT,Q5025803,instance_of,Q4830453,business,2026-04-10 08:14:08.375809
5199,CPT,Q5025803,instance_of,Q6881511,enterprise,2026-04-10 08:14:08.375809
5200,CRI,Q5047083,instance_of,Q891723,public company,2026-04-10 08:14:08.375809
5201,CRI,Q5047083,instance_of,Q4830453,business,2026-04-10 08:14:08.375809
5202,CRI,Q5047083,instance_of,Q6881511,enterprise,2026-04-10 08:14:08.375809
5203,CUZ,Q5178840,instance_of,Q891723,public company,2026-04-10 08:14:08.375809
5204,CUZ,Q5178840,instance_of,Q4830453,business,2026-04-10 08:14:08.375809
5205,DAN,Q5214701,instance_of,Q891723,public company,2026-04-10 08:14:08.375809
5206,DAN,Q5214701,instance_of,Q4830453,business,2026-04-10 08:14:08.375809
5207,CURV,Q7827120,instance_of,Q507619,retail chain,2026-04-10 08:14:08.375809
5208,CURV,Q7827120,instance_of,Q891723,public company,2026-04-10 08:14:08.375809
5209,CURV,Q7827120,instance_of,Q4830453,business,2026-04-10 08:14:08.375809
5210,CPNG,Q12620655,instance_of,Q35127,website,2026-04-10 08:14:08.375809
5211,CPNG,Q12620655,instance_of,Q891723,public company,2026-04-10 08:14:08.375809
5212,CPNG,Q12620655,instance_of,Q6881511,enterprise,2026-04-10 08:14:08.375809
5213,CVNA,Q16247191,instance_of,Q786803,car dealership,2026-04-10 08:14:08.375809
5214,CVNA,Q16247191,instance_of,Q891723,public company,2026-04-10 08:14:08.375809
5215,CYD,Q16957733,instance_of,Q891723,public company,2026-04-10 08:14:08.375809
5216,CYD,Q16957733,instance_of,Q4830453,business,2026-04-10 08:14:08.375809
5217,CWAN,Q17509919,instance_of,Q891723,public company,2026-04-10 08:14:08.375809
5218,CWAN,Q17509919,instance_of,Q4830453,business,2026-04-10 08:14:08.375809
5219,CTVA,Q63197674,instance_of,Q891723,public company,2026-04-10 08:14:08.375809
5220,CTVA,Q63197674,instance_of,Q4830453,business,2026-04-10 08:14:08.375809
5221,CWT,Q104845916,instance_of,Q219577,holding company,2026-04-10 08:14:08.375809
5222,CWT,Q104845916,instance_of,Q891723,public company,2026-04-10 08:14:08.375809
5223,CWT,Q104845916,instance_of,Q7257985,public service company,2026-04-10 08:14:08.375809
5224,CRBG,Q115803672,instance_of,Q6881511,enterprise,2026-04-10 08:14:08.375809
5225,CTEV,Q132544684,instance_of,Q4830453,business,2026-04-10 08:14:08.375809
5226,DB,Q66048,part_of,Q155718,DAX,2026-04-10 08:14:08.375809
5227,DB,Q66048,part_of,Q874430,CDAX,2026-04-10 08:14:08.375809
5228,DB,Q66048,part_of,Q981010,EURO STOXX 50,2026-04-10 08:14:08.375809
5229,DB,Q66048,part_of,Q1230458,DivDAX,2026-04-10 08:14:08.375809
5230,DB,Q66048,part_of,Q6571804,list of German companies by employees in 1938,2026-04-10 08:14:08.375809
5231,DB,Q66048,part_of,Q6642102,list of systemically important banks,2026-04-10 08:14:08.375809
5232,DD,Q221062,part_of,Q180816,Dow Jones Industrial Average,2026-04-10 08:14:08.375809
5233,DD,Q221062,part_of,Q242345,S&P 500,2026-04-10 08:14:08.375809
5234,DD,Q221062,part_of,Q773026,Dow Jones Global Titans 50,2026-04-10 08:14:08.375809
5235,DD,Q221062,part_of,Q1546793,S&P 100,2026-04-10 08:14:08.375809
5236,CVX,Q319642,part_of,Q180816,Dow Jones Industrial Average,2026-04-10 08:14:08.375809
5237,CVX,Q319642,part_of,Q242345,S&P 500,2026-04-10 08:14:08.375809
5238,CVX,Q319642,part_of,Q773026,Dow Jones Global Titans 50,2026-04-10 08:14:08.375809
5239,CVX,Q319642,part_of,Q1165860,Seven Sisters,2026-04-10 08:14:08.375809
5240,CVX,Q319642,part_of,Q1546793,S&P 100,2026-04-10 08:14:08.375809
5241,CVX,Q319642,part_of,Q134661623,list of companies involved in the Gaza war,2026-04-10 08:14:08.375809
5242,CVS,Q624375,part_of,Q242345,S&P 500,2026-04-10 08:14:08.375809
5243,CVS,Q624375,part_of,Q1546793,S&P 100,2026-04-10 08:14:08.375809
5244,D,Q677464,part_of,Q242345,S&P 500,2026-04-10 08:14:08.375809
5246,CRM,Q941127,part_of,Q180816,Dow Jones Industrial Average,2026-04-10 08:14:08.375809
5247,CRM,Q941127,part_of,Q242345,S&P 500,2026-04-10 08:14:08.375809
5248,CRM,Q941127,part_of,Q1546793,S&P 100,2026-04-10 08:14:08.375809
5252,CTRA,Q4035714,part_of,Q242345,S&P 500,2026-04-10 08:14:08.375809
5263,CTVA,Q63197674,part_of,Q242345,S&P 500,2026-04-10 08:14:08.375809
5264,CWT,Q104845916,part_of,Q7386995,S&P 600,2026-04-10 08:14:08.375809
5267,DB,Q66048,owned_by,BLK,BlackRock,2026-04-10 08:14:08.375809
5270,DD,Q221062,owned_by,BLK,BlackRock,2026-04-10 08:14:08.375809
5273,CVS,Q624375,owned_by,BLK,BlackRock,2026-04-10 08:14:08.375809
5393,DELL,Q27500963,subsidiaries,DELL,nan,2026-04-10 08:14:08.375809
5702,DIS,Q7414,products,Q638,music,2026-04-10 08:14:08.375809
5703,DIS,Q7414,products,Q7397,software,2026-04-10 08:14:08.375809
5704,DIS,Q7414,products,Q15078788,broadcasting,2026-04-10 08:14:08.375809
5705,DIS,Q7414,products,Q56312618,video game,2026-04-10 08:14:08.375809
5706,DELL,Q30873,products,Q68,computer,2026-04-10 08:14:08.375809
5707,DELL,Q30873,products,Q82,printer,2026-04-10 08:14:08.375809
5708,DELL,Q30873,products,Q250,computer keyboard,2026-04-10 08:14:08.375809
5709,DELL,Q30873,products,Q3962,laptop,2026-04-10 08:14:08.375809
5710,DELL,Q30873,products,Q4321,motherboard,2026-04-10 08:14:08.375809
5711,DELL,Q30873,products,Q4343,sound card,2026-04-10 08:14:08.375809
5712,DELL,Q30873,products,Q5290,computer monitor,2026-04-10 08:14:08.375809
5713,DELL,Q30873,products,Q7397,software,2026-04-10 08:14:08.375809
5714,DELL,Q30873,products,Q7987,computer mouse,2026-04-10 08:14:08.375809
5715,DELL,Q30873,products,Q22645,smartphone,2026-04-10 08:14:08.375809
5716,DELL,Q30873,products,Q56155,desktop computer,2026-04-10 08:14:08.375809
5717,DELL,Q30873,products,Q178648,peripheral,2026-04-10 08:14:08.375809
5718,DELL,Q30873,products,Q1546066,networking hardware,2026-04-10 08:14:08.375809
5719,DELL,Q30873,products,Q13407144,computer system,2026-04-10 08:14:08.375809
5720,DELL,Q30873,products,Q15141646,data storage medium,2026-04-10 08:14:08.375809
5721,DELL,Q30873,products,Q64729893,server computer,2026-04-10 08:14:08.375809
5723,DEO,Q161140,products,Q154,alcoholic beverage,2026-04-10 08:14:08.375809
5726,DE,Q496302,products,Q26886,combine harvester,2026-04-10 08:14:08.375809
5727,DE,Q496302,products,Q39495,tractor,2026-04-10 08:14:08.375809
5728,DE,Q496302,products,Q174174,diesel engine,2026-04-10 08:14:08.375809
5729,DE,Q496302,products,Q182661,excavator,2026-04-10 08:14:08.375809
5730,DE,Q496302,products,Q217694,grader,2026-04-10 08:14:08.375809
5731,DE,Q496302,products,Q228073,sugarcane harvester,2026-04-10 08:14:08.375809
5732,DE,Q496302,products,Q616007,forwarder,2026-04-10 08:14:08.375809
5733,DE,Q496302,products,Q811644,cotton picker,2026-04-10 08:14:08.375809
5734,DE,Q496302,products,Q948917,backhoe,2026-04-10 08:14:08.375809
5735,DE,Q496302,products,Q1470547,skid-steer loader,2026-04-10 08:14:08.375809
5736,DE,Q496302,products,Q1575003,harvester,2026-04-10 08:14:08.375809
5737,DE,Q496302,products,Q1900188,forage harvester,2026-04-10 08:14:08.375809
5738,DE,Q496302,products,Q1943369,telescopic handler,2026-04-10 08:14:08.375809
5739,DE,Q496302,products,Q2577718,skidder,2026-04-10 08:14:08.375809
5748,DLR,Q5275969,products,Q671224,data center,2026-04-10 08:14:08.375809
5753,CXM,Q18636409,products,Q7397,software,2026-04-10 08:14:08.375809
5755,DELL,Q27500963,products,Q3966,computer hardware,2026-04-10 08:14:08.375809
5756,DELL,Q27500963,products,Q1546066,networking hardware,2026-04-10 08:14:08.375809
5758,DK,Q104664954,products,Q42501,fuel,2026-04-10 08:14:08.375809
5809,DIS,Q7414,instance_of,Q891723,public company,2026-04-10 08:14:08.375809
5810,DIS,Q7414,instance_of,Q1762059,film production company,2026-04-10 08:14:08.375809
5811,DIS,Q7414,instance_of,Q1916382,media conglomerate,2026-04-10 08:14:08.375809
5812,DIS,Q7414,instance_of,Q4830453,business,2026-04-10 08:14:08.375809
5813,DIS,Q7414,instance_of,Q21980538,commercial organization,2026-04-10 08:14:08.375809
5814,DELL,Q30873,instance_of,Q891723,public company,2026-04-10 08:14:08.375809
5815,DELL,Q30873,instance_of,Q4830453,business,2026-04-10 08:14:08.375809
5816,DELL,Q30873,instance_of,Q6881511,enterprise,2026-04-10 08:14:08.375809
5817,DG,Q145168,instance_of,Q261428,discount store,2026-04-10 08:14:08.375809
5818,DG,Q145168,instance_of,Q507619,retail chain,2026-04-10 08:14:08.375809
5819,DG,Q145168,instance_of,Q891723,public company,2026-04-10 08:14:08.375809
5820,DG,Q145168,instance_of,Q4830453,business,2026-04-10 08:14:08.375809
5821,DG,Q145168,instance_of,Q6881511,enterprise,2026-04-10 08:14:08.375809
5822,DG,Q145168,instance_of,Q108255949,variety store chain,2026-04-10 08:14:08.375809
5823,DEO,Q161140,instance_of,Q219577,holding company,2026-04-10 08:14:08.375809
5824,DEO,Q161140,instance_of,Q4830453,business,2026-04-10 08:14:08.375809
5825,DEO,Q161140,instance_of,Q6881511,enterprise,2026-04-10 08:14:08.375809
5826,DAL,Q188920,instance_of,Q46970,airline,2026-04-10 08:14:08.375809
5827,DAL,Q188920,instance_of,Q891723,public company,2026-04-10 08:14:08.375809
5828,DAL,Q188920,instance_of,Q4830453,business,2026-04-10 08:14:08.375809
5829,DLB,Q261288,instance_of,Q891723,public company,2026-04-10 08:14:08.375809
5830,DLB,Q261288,instance_of,Q4830453,business,2026-04-10 08:14:08.375809
5831,DLB,Q261288,instance_of,Q6881511,enterprise,2026-04-10 08:14:08.375809
5832,DE,Q496302,instance_of,Q891723,public company,2026-04-10 08:14:08.375809
5833,DE,Q496302,instance_of,Q4830453,business,2026-04-10 08:14:08.375809
5834,DE,Q496302,instance_of,Q6881511,enterprise,2026-04-10 08:14:08.375809
5835,CXW,Q1135278,instance_of,Q891723,public company,2026-04-10 08:14:08.375809
5836,CXW,Q1135278,instance_of,Q4830453,business,2026-04-10 08:14:08.375809
5837,CXW,Q1135278,instance_of,Q6881511,enterprise,2026-04-10 08:14:08.375809
5838,DHR,Q1159256,instance_of,Q778575,conglomerate,2026-04-10 08:14:08.375809
5839,DHR,Q1159256,instance_of,Q891723,public company,2026-04-10 08:14:08.375809
5840,DHR,Q1159256,instance_of,Q21980538,commercial organization,2026-04-10 08:14:08.375809
5841,DECK,Q1181953,instance_of,Q891723,public company,2026-04-10 08:14:08.375809
5842,DECK,Q1181953,instance_of,Q4830453,business,2026-04-10 08:14:08.375809
5843,DECK,Q1181953,instance_of,Q6881511,enterprise,2026-04-10 08:14:08.375809
5844,CWH,Q5028383,instance_of,Q891723,public company,2026-04-10 08:14:08.375809
5845,CWH,Q5028383,instance_of,Q4830453,business,2026-04-10 08:14:08.375809
5846,CYH,Q5154770,instance_of,Q891723,public company,2026-04-10 08:14:08.375809
5847,CYH,Q5154770,instance_of,Q4287745,medical organization,2026-04-10 08:14:08.375809
5848,CYH,Q5154770,instance_of,Q4830453,business,2026-04-10 08:14:08.375809
5849,DHI,Q5203782,instance_of,Q891723,public company,2026-04-10 08:14:08.375809
5850,DHI,Q5203782,instance_of,Q4830453,business,2026-04-10 08:14:08.375809
5851,DHX,Q5272335,instance_of,Q580148,employment website,2026-04-10 08:14:08.375809
5852,DHX,Q5272335,instance_of,Q891723,public company,2026-04-10 08:14:08.375809
5853,DHX,Q5272335,instance_of,Q4830453,business,2026-04-10 08:14:08.375809
5854,DKS,Q5272601,instance_of,Q891723,public company,2026-04-10 08:14:08.375809
5855,DKS,Q5272601,instance_of,Q4830453,business,2026-04-10 08:14:08.375809
5856,DLR,Q5275969,instance_of,Q697852,real estate investment trust,2026-04-10 08:14:08.375809
5857,DLR,Q5275969,instance_of,Q891723,public company,2026-04-10 08:14:08.375809
5858,DLR,Q5275969,instance_of,Q4830453,business,2026-04-10 08:14:08.375809
5859,DIN,Q5278020,instance_of,Q891723,public company,2026-04-10 08:14:08.375809
5860,DIN,Q5278020,instance_of,Q4830453,business,2026-04-10 08:14:08.375809
5861,DCI,Q5295362,instance_of,Q891723,public company,2026-04-10 08:14:08.375809
5862,DCI,Q5295362,instance_of,Q4830453,business,2026-04-10 08:14:08.375809
5863,DCO,Q5311573,instance_of,Q43229,organization,2026-04-10 08:14:08.375809
5864,DCO,Q5311573,instance_of,Q891723,public company,2026-04-10 08:14:08.375809
5865,DGX,Q7271456,instance_of,Q891723,public company,2026-04-10 08:14:08.375809
5866,DGX,Q7271456,instance_of,Q4830453,business,2026-04-10 08:14:08.375809
5867,CXM,Q18636409,instance_of,Q891723,public company,2026-04-10 08:14:08.375809
5868,CXM,Q18636409,instance_of,Q4830453,business,2026-04-10 08:14:08.375809
5869,DT,Q25048844,instance_of,Q891723,public company,2026-04-10 08:14:08.375809
5870,DT,Q25048844,instance_of,Q1058914,software company,2026-04-10 08:14:08.375809
5871,DELL,Q27500963,instance_of,Q891723,public company,2026-04-10 08:14:08.375809
5872,DELL,Q27500963,instance_of,Q4830453,business,2026-04-10 08:14:08.375809
5873,DELL,Q27500963,instance_of,Q6881511,enterprise,2026-04-10 08:14:08.375809
5874,DFIN,Q65086808,instance_of,Q891723,public company,2026-04-10 08:14:08.375809
5875,DK,Q104664954,instance_of,Q891723,public company,2026-04-10 08:14:08.375809
5876,DK,Q104664954,instance_of,Q4830453,business,2026-04-10 08:14:08.375809
5877,DK,Q104664954,instance_of,Q64027599,gas station chain,2026-04-10 08:14:08.375809
5878,DIS,Q7414,part_of,Q180816,Dow Jones Industrial Average,2026-04-10 08:14:08.375809
5879,DIS,Q7414,part_of,Q242345,S&P 500,2026-04-10 08:14:08.375809
5880,DIS,Q7414,part_of,Q1546793,S&P 100,2026-04-10 08:14:08.375809
5882,DG,Q145168,part_of,Q242345,S&P 500,2026-04-10 08:14:08.375809
5883,DEO,Q161140,part_of,Q466496,FTSE 100 Index,2026-04-10 08:14:08.375809
5884,DAL,Q188920,part_of,Q242345,S&P 500,2026-04-10 08:14:08.375809
5886,DE,Q496302,part_of,Q242345,S&P 500,2026-04-10 08:14:08.375809
5887,DE,Q496302,part_of,Q1546793,S&P 100,2026-04-10 08:14:08.375809
5889,DHR,Q1159256,part_of,Q242345,S&P 500,2026-04-10 08:14:08.375809
5890,DHR,Q1159256,part_of,Q1546793,S&P 100,2026-04-10 08:14:08.375809
5894,DHI,Q5203782,part_of,Q242345,S&P 500,2026-04-10 08:14:08.375809
5897,DLR,Q5275969,part_of,Q242345,S&P 500,2026-04-10 08:14:08.375809
5901,DGX,Q7271456,part_of,Q242345,S&P 500,2026-04-10 08:14:08.375809
5907,DIS,Q7414,owned_by,BLK,BlackRock,2026-04-10 08:14:08.375809
5909,DELL,Q30873,owned_by,DELL,Dell Technologies,2026-04-10 08:14:08.375809
5911,DEO,Q161140,owned_by,BLK,BlackRock,2026-04-10 08:14:08.375809
5913,DEO,Q161140,owned_by,MGF,MFS Investment Management,2026-04-10 08:14:08.375809
5920,DHR,Q1159256,owned_by,TROW,T. Rowe Price,2026-04-10 08:14:08.375809
6042,DVA,Q5207184,subsidiaries,DVA,nan,2026-04-10 08:14:08.375809
6129,E,Q565594,products,Q11023,engineering,2026-04-10 08:14:08.375809
6130,ENI.MI,Q565594,products,Q11023,engineering,2026-04-10 08:14:08.375809
6131,E,Q565594,products,Q22656,petroleum,2026-04-10 08:14:08.375809
6132,ENI.MI,Q565594,products,Q22656,petroleum,2026-04-10 08:14:08.375809
6133,E,Q565594,products,Q27137,electric power,2026-04-10 08:14:08.375809
6134,ENI.MI,Q565594,products,Q27137,electric power,2026-04-10 08:14:08.375809
6135,E,Q565594,products,Q40858,natural gas,2026-04-10 08:14:08.375809
6136,ENI.MI,Q565594,products,Q40858,natural gas,2026-04-10 08:14:08.375809
6138,DOW,Q855639,products,Q11474,plastic,2026-04-10 08:14:08.375809
6139,DOW,Q855639,products,Q208451,calcium chloride,2026-04-10 08:14:08.375809
6140,DOW,Q855639,products,Q407473,ethylene oxide,2026-04-10 08:14:08.375809
6142,ED,Q1127536,products,Q12725,electricity,2026-04-10 08:14:08.375809
6143,DVN,Q1206980,products,Q22656,petroleum,2026-04-10 08:14:08.375809
6144,DUK,Q1264404,products,Q12725,electricity,2026-04-10 08:14:08.375809
6146,EG,Q1381973,products,Q476118,reinsurance,2026-04-10 08:14:08.375809
6155,EGY,Q7907809,products,Q22656,petroleum,2026-04-10 08:14:08.375809
6219,E,Q565594,instance_of,Q1341478,energy company,2026-04-10 08:14:08.375809
6220,ENI.MI,Q565594,instance_of,Q1341478,energy company,2026-04-10 08:14:08.375809
6221,E,Q565594,instance_of,Q4830453,business,2026-04-10 08:14:08.375809
6222,ENI.MI,Q565594,instance_of,Q4830453,business,2026-04-10 08:14:08.375809
6223,E,Q565594,instance_of,Q6881511,enterprise,2026-04-10 08:14:08.375809
6224,ENI.MI,Q565594,instance_of,Q6881511,enterprise,2026-04-10 08:14:08.375809
6225,E,Q565594,instance_of,Q64027599,gas station chain,2026-04-10 08:14:08.375809
6226,ENI.MI,Q565594,instance_of,Q64027599,gas station chain,2026-04-10 08:14:08.375809
6227,DRI,Q742196,instance_of,Q891723,public company,2026-04-10 08:14:08.375809
6228,DRI,Q742196,instance_of,Q4830453,business,2026-04-10 08:14:08.375809
6229,DRI,Q742196,instance_of,Q6881511,enterprise,2026-04-10 08:14:08.375809
6230,DOW,Q855639,instance_of,Q43229,organization,2026-04-10 08:14:08.375809
6231,DOW,Q855639,instance_of,Q891723,public company,2026-04-10 08:14:08.375809
6232,DOW,Q855639,instance_of,Q4830453,business,2026-04-10 08:14:08.375809
6233,DOW,Q855639,instance_of,Q6881511,enterprise,2026-04-10 08:14:08.375809
6234,EAT,Q917487,instance_of,Q18127,record label,2026-04-10 08:14:08.375809
6235,EAT,Q917487,instance_of,Q891723,public company,2026-04-10 08:14:08.375809
6236,EAT,Q917487,instance_of,Q4830453,business,2026-04-10 08:14:08.375809
6237,EAT,Q917487,instance_of,Q6881511,enterprise,2026-04-10 08:14:08.375809
6238,ED,Q1127536,instance_of,Q219577,holding company,2026-04-10 08:14:08.375809
6239,ED,Q1127536,instance_of,Q891723,public company,2026-04-10 08:14:08.375809
6240,ED,Q1127536,instance_of,Q4830453,business,2026-04-10 08:14:08.375809
6241,ED,Q1127536,instance_of,Q6881511,enterprise,2026-04-10 08:14:08.375809
6242,DVN,Q1206980,instance_of,Q891723,public company,2026-04-10 08:14:08.375809
6243,DVN,Q1206980,instance_of,Q4830453,business,2026-04-10 08:14:08.375809
6244,DVN,Q1206980,instance_of,Q6881511,enterprise,2026-04-10 08:14:08.375809
6245,DUK,Q1264404,instance_of,Q219577,holding company,2026-04-10 08:14:08.375809
6246,DUK,Q1264404,instance_of,Q891723,public company,2026-04-10 08:14:08.375809
6247,DUK,Q1264404,instance_of,Q4830453,business,2026-04-10 08:14:08.375809
6248,DUK,Q1264404,instance_of,Q6881511,enterprise,2026-04-10 08:14:08.375809
6249,ECL,Q1282031,instance_of,Q891723,public company,2026-04-10 08:14:08.375809
6250,ECL,Q1282031,instance_of,Q4830453,business,2026-04-10 08:14:08.375809
6251,EG,Q1381973,instance_of,Q891723,public company,2026-04-10 08:14:08.375809
6252,EG,Q1381973,instance_of,Q4830453,business,2026-04-10 08:14:08.375809
6253,DTE,Q5206232,instance_of,Q891723,public company,2026-04-10 08:14:08.375809
6254,DTE,Q5206232,instance_of,Q4830453,business,2026-04-10 08:14:08.375809
6255,DTE,Q5206232,instance_of,Q6881511,enterprise,2026-04-10 08:14:08.375809
6256,DVA,Q5207184,instance_of,Q891723,public company,2026-04-10 08:14:08.375809
6257,DVA,Q5207184,instance_of,Q6881511,enterprise,2026-04-10 08:14:08.375809
6258,DV,Q5244154,instance_of,Q891723,public company,2026-04-10 08:14:08.375809
6259,DV,Q5244154,instance_of,Q4830453,business,2026-04-10 08:14:08.375809
6260,DV,Q5244154,instance_of,Q6881511,enterprise,2026-04-10 08:14:08.375809
6261,DLX,Q5254919,instance_of,Q891723,public company,2026-04-10 08:14:08.375809
6262,DLX,Q5254919,instance_of,Q4830453,business,2026-04-10 08:14:08.375809
6263,DOCS,Q5303699,instance_of,Q891723,public company,2026-04-10 08:14:08.375809
6264,DOCS,Q5303699,instance_of,Q1194970,dot-com company,2026-04-10 08:14:08.375809
6265,DOCS,Q5303699,instance_of,Q4830453,business,2026-04-10 08:14:08.375809
6266,EE,Q5351770,instance_of,Q891723,public company,2026-04-10 08:14:08.375809
6267,EE,Q5351770,instance_of,Q1326624,electricity supply company,2026-04-10 08:14:08.375809
6268,EE,Q5351770,instance_of,Q1951366,public utility,2026-04-10 08:14:08.375809
6269,EE,Q5351770,instance_of,Q4830453,business,2026-04-10 08:14:08.375809
6270,EBS,Q5370757,instance_of,Q43229,organization,2026-04-10 08:14:08.375809
6271,EBS,Q5370757,instance_of,Q891723,public company,2026-04-10 08:14:08.375809
6272,EBS,Q5370757,instance_of,Q4830453,business,2026-04-10 08:14:08.375809
6273,EFX,Q5384453,instance_of,Q891723,public company,2026-04-10 08:14:08.375809
6274,EFX,Q5384453,instance_of,Q1187145,credit bureau,2026-04-10 08:14:08.375809
6275,EFX,Q5384453,instance_of,Q4830453,business,2026-04-10 08:14:08.375809
6276,EGY,Q7907809,instance_of,Q891723,public company,2026-04-10 08:14:08.375809
6277,EGY,Q7907809,instance_of,Q4830453,business,2026-04-10 08:14:08.375809
6278,DOV,Q16974527,instance_of,Q891723,public company,2026-04-10 08:14:08.375809
6279,DOV,Q16974527,instance_of,Q4830453,business,2026-04-10 08:14:08.375809
6280,DOC,Q16975567,instance_of,Q891723,public company,2026-04-10 08:14:08.375809
6281,DOC,Q16975567,instance_of,Q4830453,business,2026-04-10 08:14:08.375809
6282,DOCN,Q17052116,instance_of,Q241317,computing platform,2026-04-10 08:14:08.375809
6283,DOCN,Q17052116,instance_of,Q891723,public company,2026-04-10 08:14:08.375809
6284,DOCN,Q17052116,instance_of,Q4830453,business,2026-04-10 08:14:08.375809
6285,DXC,Q28782856,instance_of,Q891723,public company,2026-04-10 08:14:08.375809
6286,DXC,Q28782856,instance_of,Q4830453,business,2026-04-10 08:14:08.375809
6287,DXC,Q28782856,instance_of,Q6881511,enterprise,2026-04-10 08:14:08.375809
6288,DNA,Q29026065,instance_of,Q43229,organization,2026-04-10 08:14:08.375809
6289,DNA,Q29026065,instance_of,Q891723,public company,2026-04-10 08:14:08.375809
6290,DNA,Q29026065,instance_of,Q4830453,business,2026-04-10 08:14:08.375809
6291,DVA,Q48988040,instance_of,Q891723,public company,2026-04-10 08:14:08.375809
6292,DVA,Q48988040,instance_of,Q4830453,business,2026-04-10 08:14:08.375809
6293,DOW,Q62739842,instance_of,Q891723,public company,2026-04-10 08:14:08.375809
6294,DOW,Q62739842,instance_of,Q6881511,enterprise,2026-04-10 08:14:08.375809
6295,E,Q565594,part_of,Q981010,EURO STOXX 50,2026-04-10 08:14:08.375809
6296,ENI.MI,Q565594,part_of,Q981010,EURO STOXX 50,2026-04-10 08:14:08.375809
6297,E,Q565594,part_of,Q1389807,FTSE MIB,2026-04-10 08:14:08.375809
6298,ENI.MI,Q565594,part_of,Q1389807,FTSE MIB,2026-04-10 08:14:08.375809
6299,DRI,Q742196,part_of,Q242345,S&P 500,2026-04-10 08:14:08.375809
6302,ED,Q1127536,part_of,Q242345,S&P 500,2026-04-10 08:14:08.375809
6303,DVN,Q1206980,part_of,Q242345,S&P 500,2026-04-10 08:14:08.375809
6304,DUK,Q1264404,part_of,Q242345,S&P 500,2026-04-10 08:14:08.375809
6305,DUK,Q1264404,part_of,Q1546793,S&P 100,2026-04-10 08:14:08.375809
6306,ECL,Q1282031,part_of,Q242345,S&P 500,2026-04-10 08:14:08.375809
6307,ECL,Q1282031,part_of,Q1969854,Natur-Aktien-Index,2026-04-10 08:14:08.375809
6308,EG,Q1381973,part_of,Q242345,S&P 500,2026-04-10 08:14:08.375809
6309,DTE,Q5206232,part_of,Q242345,S&P 500,2026-04-10 08:14:08.375809
6316,EFX,Q5384453,part_of,Q242345,S&P 500,2026-04-10 08:14:08.375809
6318,DOV,Q16974527,part_of,Q242345,S&P 500,2026-04-10 08:14:08.375809
6319,DOC,Q16975567,part_of,Q242345,S&P 500,2026-04-10 08:14:08.375809
6321,DXC,Q28782856,part_of,Q242345,S&P 500,2026-04-10 08:14:08.375809
6323,DVA,Q48988040,part_of,Q242345,S&P 500,2026-04-10 08:14:08.375809
6324,DOW,Q62739842,part_of,Q242345,S&P 500,2026-04-10 08:14:08.375809
6329,DRI,Q742196,owned_by,GIS,General Mills,2026-04-10 08:14:08.375809
6509,EIX,Q662095,products,Q12725,electricity,2026-04-10 08:14:08.375809
6510,ELV,Q677488,products,Q334911,health insurance,2026-04-10 08:14:08.375809
6512,ENR,Q1200840,products,Q193784,motor oil,2026-04-10 08:14:08.375809
6513,ENR,Q1200840,products,Q267298,battery,2026-04-10 08:14:08.375809
6515,EOG,Q1275577,products,Q22656,petroleum,2026-04-10 08:14:08.375809
6516,EOG,Q1275577,products,Q40858,natural gas,2026-04-10 08:14:08.375809
6519,ENS,Q1341588,products,Q337724,lead–acid battery,2026-04-10 08:14:08.375809
6521,ES,Q3344199,products,Q12725,electricity,2026-04-10 08:14:08.375809
6522,EQH,Q4655171,products,Q43183,insurance,2026-04-10 08:14:08.375809
6523,EQT,Q5323987,products,Q22656,petroleum,2026-04-10 08:14:08.375809
6527,ELF,Q5422801,products,Q131207,cosmetics,2026-04-10 08:14:08.375809
6529,EHC,Q5690400,products,Q2678675,physical medicine and rehabilitation,2026-04-10 08:14:08.375809
6533,ELAN,Q30280160,products,Q12140,medication,2026-04-10 08:14:08.375809
6586,EIX,Q662095,instance_of,Q891723,public company,2026-04-10 08:14:08.375809
6587,EIX,Q662095,instance_of,Q4830453,business,2026-04-10 08:14:08.375809
6588,ELV,Q677488,instance_of,Q891723,public company,2026-04-10 08:14:08.375809
6589,ELV,Q677488,instance_of,Q4830453,business,2026-04-10 08:14:08.375809
6590,ELV,Q677488,instance_of,Q6881511,enterprise,2026-04-10 08:14:08.375809
6591,EMN,Q899022,instance_of,Q891723,public company,2026-04-10 08:14:08.375809
6592,EMN,Q899022,instance_of,Q4830453,business,2026-04-10 08:14:08.375809
6593,EMN,Q899022,instance_of,Q6881511,enterprise,2026-04-10 08:14:08.375809
6594,ENR,Q1200840,instance_of,Q431289,brand,2026-04-10 08:14:08.375809
6595,ENR,Q1200840,instance_of,Q891723,public company,2026-04-10 08:14:08.375809
6596,ENR,Q1200840,instance_of,Q4830453,business,2026-04-10 08:14:08.375809
6597,ENR,Q1200840,instance_of,Q6881511,enterprise,2026-04-10 08:14:08.375809
6598,EL,Q1260606,instance_of,Q891723,public company,2026-04-10 08:14:08.375809
6599,EL,Q1260606,instance_of,Q4830453,business,2026-04-10 08:14:08.375809
6600,EL,Q1260606,instance_of,Q6881511,enterprise,2026-04-10 08:14:08.375809
6601,EOG,Q1275577,instance_of,Q891723,public company,2026-04-10 08:14:08.375809
6602,EOG,Q1275577,instance_of,Q4830453,business,2026-04-10 08:14:08.375809
6603,EOG,Q1275577,instance_of,Q6881511,enterprise,2026-04-10 08:14:08.375809
6604,EMR,Q1335585,instance_of,Q891723,public company,2026-04-10 08:14:08.375809
6605,EMR,Q1335585,instance_of,Q4830453,business,2026-04-10 08:14:08.375809
6606,EMR,Q1335585,instance_of,Q6881511,enterprise,2026-04-10 08:14:08.375809
6607,ENB,Q1339966,instance_of,Q891723,public company,2026-04-10 08:14:08.375809
6608,ENB,Q1339966,instance_of,Q4830453,business,2026-04-10 08:14:08.375809
6609,ENS,Q1341588,instance_of,Q43229,organization,2026-04-10 08:14:08.375809
6610,ENS,Q1341588,instance_of,Q891723,public company,2026-04-10 08:14:08.375809
6611,ENOV,Q2579502,instance_of,Q43229,organization,2026-04-10 08:14:08.375809
6612,ENOV,Q2579502,instance_of,Q891723,public company,2026-04-10 08:14:08.375809
6613,ES,Q3344199,instance_of,Q891723,public company,2026-04-10 08:14:08.375809
6614,ES,Q3344199,instance_of,Q4830453,business,2026-04-10 08:14:08.375809
6615,ES,Q3344199,instance_of,Q6881511,enterprise,2026-04-10 08:14:08.375809
6616,EQH,Q4655171,instance_of,Q219577,holding company,2026-04-10 08:14:08.375809
6617,EQH,Q4655171,instance_of,Q519076,real-estate agent,2026-04-10 08:14:08.375809
6618,EQH,Q4655171,instance_of,Q891723,public company,2026-04-10 08:14:08.375809
6619,EQH,Q4655171,instance_of,Q2143354,insurance company,2026-04-10 08:14:08.375809
6620,EQH,Q4655171,instance_of,Q4830453,business,2026-04-10 08:14:08.375809
6621,EQT,Q5323987,instance_of,Q891723,public company,2026-04-10 08:14:08.375809
6622,EQT,Q5323987,instance_of,Q4830453,business,2026-04-10 08:14:08.375809
6623,EPC,Q5337641,instance_of,Q891723,public company,2026-04-10 08:14:08.375809
6624,EPC,Q5337641,instance_of,Q4830453,business,2026-04-10 08:14:08.375809
6625,EPC,Q5337641,instance_of,Q13235160,manufacturer,2026-04-10 08:14:08.375809
6626,EME,Q5370289,instance_of,Q891723,public company,2026-04-10 08:14:08.375809
6627,EME,Q5370289,instance_of,Q4830453,business,2026-04-10 08:14:08.375809
6628,EPD,Q5380346,instance_of,Q891723,public company,2026-04-10 08:14:08.375809
6629,EPD,Q5380346,instance_of,Q4830453,business,2026-04-10 08:14:08.375809
6630,ELF,Q5422801,instance_of,Q891723,public company,2026-04-10 08:14:08.375809
6631,ELF,Q5422801,instance_of,Q4830453,business,2026-04-10 08:14:08.375809
6632,EAF,Q5592433,instance_of,Q891723,public company,2026-04-10 08:14:08.375809
6633,EAF,Q5592433,instance_of,Q4830453,business,2026-04-10 08:14:08.375809
6634,EHC,Q5690400,instance_of,Q891723,public company,2026-04-10 08:14:08.375809
6635,EHC,Q5690400,instance_of,Q4830453,business,2026-04-10 08:14:08.375809
6636,ESI,Q5974942,instance_of,Q322563,vocational school,2026-04-10 08:14:08.375809
6637,ESI,Q5974942,instance_of,Q891723,public company,2026-04-10 08:14:08.375809
6638,ESI,Q5974942,instance_of,Q23002052,private for-profit educational institution,2026-04-10 08:14:08.375809
6639,ESI,Q18228597,instance_of,Q891723,public company,2026-04-10 08:14:08.375809
6640,ESI,Q18228597,instance_of,Q4830453,business,2026-04-10 08:14:08.375809
6641,ESRT,Q27146006,instance_of,Q891723,public company,2026-04-10 08:14:08.375809
6642,ESRT,Q27146006,instance_of,Q4830453,business,2026-04-10 08:14:08.375809
6643,ELAN,Q30280160,instance_of,Q891723,public company,2026-04-10 08:14:08.375809
6644,ELAN,Q30280160,instance_of,Q4830453,business,2026-04-10 08:14:08.375809
6645,EPR,Q48977470,instance_of,Q697852,real estate investment trust,2026-04-10 08:14:08.375809
6646,EPR,Q48977470,instance_of,Q891723,public company,2026-04-10 08:14:08.375809
6647,EIG,Q124724566,instance_of,Q4830453,business,2026-04-10 08:14:08.375809
6648,EIX,Q662095,part_of,Q242345,S&P 500,2026-04-10 08:14:08.375809
6649,ELV,Q677488,part_of,Q242345,S&P 500,2026-04-10 08:14:08.375809
6650,EMN,Q899022,part_of,Q242345,S&P 500,2026-04-10 08:14:08.375809
6652,EL,Q1260606,part_of,Q242345,S&P 500,2026-04-10 08:14:08.375809
6653,EOG,Q1275577,part_of,Q242345,S&P 500,2026-04-10 08:14:08.375809
6654,EMR,Q1335585,part_of,Q242345,S&P 500,2026-04-10 08:14:08.375809
6655,EMR,Q1335585,part_of,Q1546793,S&P 100,2026-04-10 08:14:08.375809
6659,ES,Q3344199,part_of,Q242345,S&P 500,2026-04-10 08:14:08.375809
6661,EQT,Q5323987,part_of,Q242345,S&P 500,2026-04-10 08:14:08.375809
6672,EPR,Q48977470,part_of,Q7386994,S&P 400,2026-04-10 08:14:08.375809
6685,EQH,Q4655171,owned_by,CS.PA,AXA,2026-04-10 08:14:08.375809
6887,F,Q44294,products,Q43193,truck,2026-04-10 08:14:08.375809
6888,F,Q44294,products,Q1144312,passenger car,2026-04-10 08:14:08.375809
6893,FE,Q1419248,products,Q12725,electricity,2026-04-10 08:14:08.375809
6895,FDP,Q3211367,products,Q1364,fruit,2026-04-10 08:14:08.375809
6897,EVC,Q5380687,products,Q289,television,2026-04-10 08:14:08.375809
6899,EVR,Q5416929,products,Q319845,investment bank,2026-04-10 08:14:08.375809
6900,EXR,Q5422162,products,Q401404,self storage,2026-04-10 08:14:08.375809
6902,FHI,Q5440684,products,Q791974,mutual fund,2026-04-10 08:14:08.375809
6903,FBP,Q5452333,products,Q695430,transactional account,2026-04-10 08:14:08.375809
6904,FC,Q5491211,products,Q7397,software,2026-04-10 08:14:08.375809
6905,FLG,Q6517792,products,Q22687,bank,2026-04-10 08:14:08.375809
6906,EXP,Q16249409,products,Q45190,cement,2026-04-10 08:14:08.375809
6909,ESS,Q27964091,products,Q188507,apartment,2026-04-10 08:14:08.375809
6910,FIGS,Q55611365,products,Q177157,scrubs,2026-04-10 08:14:08.375809
6969,F,Q44294,instance_of,Q43229,organization,2026-04-10 08:14:08.375809
6970,F,Q44294,instance_of,Q219577,holding company,2026-04-10 08:14:08.375809
6971,F,Q44294,instance_of,Q786820,automobile manufacturer,2026-04-10 08:14:08.375809
6972,F,Q44294,instance_of,Q891723,public company,2026-04-10 08:14:08.375809
6973,F,Q44294,instance_of,Q4830453,business,2026-04-10 08:14:08.375809
6974,EPAM,Q1275613,instance_of,Q891723,public company,2026-04-10 08:14:08.375809
6975,EPAM,Q1275613,instance_of,Q4830453,business,2026-04-10 08:14:08.375809
6976,EPAM,Q1275613,instance_of,Q6881511,enterprise,2026-04-10 08:14:08.375809
6977,ETR,Q1344587,instance_of,Q891723,public company,2026-04-10 08:14:08.375809
6978,ETR,Q1344587,instance_of,Q4830453,business,2026-04-10 08:14:08.375809
6979,FICO,Q1392999,instance_of,Q891723,public company,2026-04-10 08:14:08.375809
6980,FICO,Q1392999,instance_of,Q4830453,business,2026-04-10 08:14:08.375809
6981,FICO,Q1392999,instance_of,Q6881511,enterprise,2026-04-10 08:14:08.375809
6982,FIS,Q1411295,instance_of,Q891723,public company,2026-04-10 08:14:08.375809
6983,FIS,Q1411295,instance_of,Q4830453,business,2026-04-10 08:14:08.375809
6984,FE,Q1419248,instance_of,Q891723,public company,2026-04-10 08:14:08.375809
6985,FE,Q1419248,instance_of,Q4830453,business,2026-04-10 08:14:08.375809
6986,ESAB,Q2494842,instance_of,Q891723,public company,2026-04-10 08:14:08.375809
6987,ESAB,Q2494842,instance_of,Q4830453,business,2026-04-10 08:14:08.375809
6988,ESAB,Q2494842,instance_of,Q6881511,enterprise,2026-04-10 08:14:08.375809
6989,FDP,Q3211367,instance_of,Q891723,public company,2026-04-10 08:14:08.375809
6990,FDP,Q3211367,instance_of,Q4830453,business,2026-04-10 08:14:08.375809
6991,EPAC,Q4677840,instance_of,Q891723,public company,2026-04-10 08:14:08.375809
6992,EPAC,Q4677840,instance_of,Q4830453,business,2026-04-10 08:14:08.375809
6993,EVC,Q5380687,instance_of,Q891723,public company,2026-04-10 08:14:08.375809
6994,EVC,Q5380687,instance_of,Q1331793,media company,2026-04-10 08:14:08.375809
6995,EVC,Q5380687,instance_of,Q4830453,business,2026-04-10 08:14:08.375809
6996,ETD,Q5402870,instance_of,Q891723,public company,2026-04-10 08:14:08.375809
6997,ETD,Q5402870,instance_of,Q4830453,business,2026-04-10 08:14:08.375809
6998,EVR,Q5416929,instance_of,Q891723,public company,2026-04-10 08:14:08.375809
6999,EVR,Q5416929,instance_of,Q4830453,business,2026-04-10 08:14:08.375809
7000,EXR,Q5422162,instance_of,Q891723,public company,2026-04-10 08:14:08.375809
7001,EXR,Q5422162,instance_of,Q4830453,business,2026-04-10 08:14:08.375809
7002,EXR,Q5422162,instance_of,Q65553774,chain,2026-04-10 08:14:08.375809
7003,FCN,Q5427196,instance_of,Q891723,public company,2026-04-10 08:14:08.375809
7004,FCN,Q5427196,instance_of,Q2089936,consulting company,2026-04-10 08:14:08.375809
7005,FHI,Q5440684,instance_of,Q891723,public company,2026-04-10 08:14:08.375809
7006,FHI,Q5440684,instance_of,Q4830453,business,2026-04-10 08:14:08.375809
7007,FBP,Q5452333,instance_of,Q891723,public company,2026-04-10 08:14:08.375809
7008,FBP,Q5452333,instance_of,Q4830453,business,2026-04-10 08:14:08.375809
7009,FC,Q5491211,instance_of,Q891723,public company,2026-04-10 08:14:08.375809
7010,FC,Q5491211,instance_of,Q4830453,business,2026-04-10 08:14:08.375809
7011,FLG,Q6517792,instance_of,Q891723,public company,2026-04-10 08:14:08.375809
7012,FLG,Q6517792,instance_of,Q2512624,bank holding company,2026-04-10 08:14:08.375809
7013,FLG,Q6517792,instance_of,Q4830453,business,2026-04-10 08:14:08.375809
7014,EXP,Q16249409,instance_of,Q891723,public company,2026-04-10 08:14:08.375809
7015,EXP,Q16249409,instance_of,Q4830453,business,2026-04-10 08:14:08.375809
7016,EW,Q16966841,instance_of,Q891723,public company,2026-04-10 08:14:08.375809
7017,EW,Q16966841,instance_of,Q4830453,business,2026-04-10 08:14:08.375809
7018,FET,Q20708639,instance_of,Q891723,public company,2026-04-10 08:14:08.375809
7019,FET,Q20708639,instance_of,Q4830453,business,2026-04-10 08:14:08.375809
7020,ESS,Q27964091,instance_of,Q783794,company,2026-04-10 08:14:08.375809
7021,ESS,Q27964091,instance_of,Q891723,public company,2026-04-10 08:14:08.375809
7022,ESS,Q27964091,instance_of,Q4830453,business,2026-04-10 08:14:08.375809
7023,FIGS,Q55611365,instance_of,Q783794,company,2026-04-10 08:14:08.375809
7024,FIGS,Q55611365,instance_of,Q891723,public company,2026-04-10 08:14:08.375809
7025,EVEX,Q110723009,instance_of,Q891723,public company,2026-04-10 08:14:08.375809
7026,EVEX,Q110723009,instance_of,Q4830453,business,2026-04-10 08:14:08.375809
7027,FIG,Q138548226,instance_of,Q4830453,business,2026-04-10 08:14:08.375809
7028,F,Q44294,part_of,Q242345,S&P 500,2026-04-10 08:14:08.375809
7030,ETR,Q1344587,part_of,Q242345,S&P 500,2026-04-10 08:14:08.375809
7032,FIS,Q1411295,part_of,Q242345,S&P 500,2026-04-10 08:14:08.375809
7033,FE,Q1419248,part_of,Q242345,S&P 500,2026-04-10 08:14:08.375809
7040,EXR,Q5422162,part_of,Q242345,S&P 500,2026-04-10 08:14:08.375809
7047,EW,Q16966841,part_of,Q242345,S&P 500,2026-04-10 08:14:08.375809
7049,ESS,Q27964091,part_of,Q242345,S&P 500,2026-04-10 08:14:08.375809
7147,FLR,Q653581,subsidiaries,SMR,nan,2026-04-10 08:14:08.375809
7240,GAP,Q420822,products,Q11460,clothing,2026-04-10 08:14:08.375809
7241,FDX,Q459477,products,Q1304163,express mail,2026-04-10 08:14:08.375809
7249,FLS,Q1430331,products,Q423488,actuator,2026-04-10 08:14:08.375809
7255,FNF,Q5446791,products,Q7810126,title insurance,2026-04-10 08:14:08.375809
7256,FCF,Q5452773,products,Q837171,financial services,2026-04-10 08:14:08.375809
7258,FLO,Q5462295,products,Q8031737,Wonder Bread,2026-04-10 08:14:08.375809
7260,GCO,Q5532704,products,Q161928,footwear,2026-04-10 08:14:08.375809
7262,FRT,Q27988152,products,Q11315,shopping center,2026-04-10 08:14:08.375809
7318,GAP,Q420822,instance_of,Q891723,public company,2026-04-10 08:14:08.375809
7319,GAP,Q420822,instance_of,Q4830453,business,2026-04-10 08:14:08.375809
7320,GAP,Q420822,instance_of,Q6881511,enterprise,2026-04-10 08:14:08.375809
7321,GAP,Q420822,instance_of,Q76213285,clothing store chain,2026-04-10 08:14:08.375809
7322,FDX,Q459477,instance_of,Q891723,public company,2026-04-10 08:14:08.375809
7323,FDX,Q459477,instance_of,Q1447463,package delivery,2026-04-10 08:14:08.375809
7324,FDX,Q459477,instance_of,Q4830453,business,2026-04-10 08:14:08.375809
7325,GD,Q502940,instance_of,Q891723,public company,2026-04-10 08:14:08.375809
7326,GD,Q502940,instance_of,Q4830453,business,2026-04-10 08:14:08.375809
7327,FLR,Q653581,instance_of,Q891723,public company,2026-04-10 08:14:08.375809
7328,FLR,Q653581,instance_of,Q4830453,business,2026-04-10 08:14:08.375809
7329,FUN,Q657648,instance_of,Q891723,public company,2026-04-10 08:14:08.375809
7330,FUN,Q657648,instance_of,Q4830453,business,2026-04-10 08:14:08.375809
7331,FUN,Q657648,instance_of,Q6881511,enterprise,2026-04-10 08:14:08.375809
7332,FMC,Q899183,instance_of,Q891723,public company,2026-04-10 08:14:08.375809
7333,FMC,Q899183,instance_of,Q4830453,business,2026-04-10 08:14:08.375809
7334,FMC,Q899183,instance_of,Q6881511,enterprise,2026-04-10 08:14:08.375809
7335,G,Q1007000,instance_of,Q891723,public company,2026-04-10 08:14:08.375809
7336,G,Q1007000,instance_of,Q4830453,business,2026-04-10 08:14:08.375809
7337,FSS,Q1400073,instance_of,Q891723,public company,2026-04-10 08:14:08.375809
7338,FSS,Q1400073,instance_of,Q4830453,business,2026-04-10 08:14:08.375809
7339,FHN,Q1419446,instance_of,Q730038,credit institution,2026-04-10 08:14:08.375809
7340,FHN,Q1419446,instance_of,Q891723,public company,2026-04-10 08:14:08.375809
7341,FHN,Q1419446,instance_of,Q4830453,business,2026-04-10 08:14:08.375809
7342,FHN,Q1419446,instance_of,Q6881511,enterprise,2026-04-10 08:14:08.375809
7343,FLS,Q1430331,instance_of,Q891723,public company,2026-04-10 08:14:08.375809
7344,FLS,Q1430331,instance_of,Q4830453,business,2026-04-10 08:14:08.375809
7345,FMX,Q1435628,instance_of,Q131734,brewery,2026-04-10 08:14:08.375809
7346,FMX,Q1435628,instance_of,Q891723,public company,2026-04-10 08:14:08.375809
7347,FMX,Q1435628,instance_of,Q4830453,business,2026-04-10 08:14:08.375809
7348,FMX,Q1435628,instance_of,Q6881511,enterprise,2026-04-10 08:14:08.375809
7349,FCX,Q1453620,instance_of,Q891723,public company,2026-04-10 08:14:08.375809
7350,FCX,Q1453620,instance_of,Q4830453,business,2026-04-10 08:14:08.375809
7351,FCX,Q1453620,instance_of,Q6881511,enterprise,2026-04-10 08:14:08.375809
7352,FDS,Q1885491,instance_of,Q891723,public company,2026-04-10 08:14:08.375809
7353,FDS,Q1885491,instance_of,Q4830453,business,2026-04-10 08:14:08.375809
7354,FIX,Q5151691,instance_of,Q891723,public company,2026-04-10 08:14:08.375809
7355,FNB,Q5426765,instance_of,Q22687,bank,2026-04-10 08:14:08.375809
7356,FNB,Q5426765,instance_of,Q650241,financial institution,2026-04-10 08:14:08.375809
7357,FNB,Q5426765,instance_of,Q891723,public company,2026-04-10 08:14:08.375809
7358,FNB,Q5426765,instance_of,Q4830453,business,2026-04-10 08:14:08.375809
7359,FNF,Q5446791,instance_of,Q891723,public company,2026-04-10 08:14:08.375809
7360,FNF,Q5446791,instance_of,Q4830453,business,2026-04-10 08:14:08.375809
7361,FCF,Q5452773,instance_of,Q22687,bank,2026-04-10 08:14:08.375809
7362,FCF,Q5452773,instance_of,Q891723,public company,2026-04-10 08:14:08.375809
7363,FHN,Q5453875,instance_of,Q4830453,business,2026-04-10 08:14:08.375809
7364,FLO,Q5462295,instance_of,Q891723,public company,2026-04-10 08:14:08.375809
7365,FLO,Q5462295,instance_of,Q4830453,business,2026-04-10 08:14:08.375809
7366,FOR,Q5469210,instance_of,Q891723,public company,2026-04-10 08:14:08.375809
7367,FOR,Q5469210,instance_of,Q4830453,business,2026-04-10 08:14:08.375809
7368,GCO,Q5532704,instance_of,Q891723,public company,2026-04-10 08:14:08.375809
7369,GCO,Q5532704,instance_of,Q4830453,business,2026-04-10 08:14:08.375809
7370,FTV,Q27919383,instance_of,Q778575,conglomerate,2026-04-10 08:14:08.375809
7371,FTV,Q27919383,instance_of,Q783794,company,2026-04-10 08:14:08.375809
7372,FTV,Q27919383,instance_of,Q891723,public company,2026-04-10 08:14:08.375809
7373,FRT,Q27988152,instance_of,Q783794,company,2026-04-10 08:14:08.375809
7374,FRT,Q27988152,instance_of,Q891723,public company,2026-04-10 08:14:08.375809
7375,FRT,Q27988152,instance_of,Q4830453,business,2026-04-10 08:14:08.375809
7376,FND,Q56280964,instance_of,Q891723,public company,2026-04-10 08:14:08.375809
7377,FND,Q56280964,instance_of,Q4830453,business,2026-04-10 08:14:08.375809
7378,FUN,Q127324768,instance_of,Q891723,public company,2026-04-10 08:14:08.375809
7379,FUN,Q127324768,instance_of,Q4830453,business,2026-04-10 08:14:08.375809
7380,FUN,Q127324768,instance_of,Q6881511,enterprise,2026-04-10 08:14:08.375809
7381,GAP,Q420822,part_of,Q242345,S&P 500,2026-04-10 08:14:08.375809
7382,FDX,Q459477,part_of,Q242345,S&P 500,2026-04-10 08:14:08.375809
7383,FDX,Q459477,part_of,Q688712,Dow Jones Transportation Average,2026-04-10 08:14:08.375809
7384,FDX,Q459477,part_of,Q1546793,S&P 100,2026-04-10 08:14:08.375809
7385,GD,Q502940,part_of,Q242345,S&P 500,2026-04-10 08:14:08.375809
7386,GD,Q502940,part_of,Q1546793,S&P 100,2026-04-10 08:14:08.375809
7387,GD,Q502940,part_of,Q134661623,list of companies involved in the Gaza war,2026-04-10 08:14:08.375809
7390,FMC,Q899183,part_of,Q242345,S&P 500,2026-04-10 08:14:08.375809
7394,FLS,Q1430331,part_of,Q242345,S&P 500,2026-04-10 08:14:08.375809
7396,FCX,Q1453620,part_of,Q242345,S&P 500,2026-04-10 08:14:08.375809
7406,FTV,Q27919383,part_of,Q242345,S&P 500,2026-04-10 08:14:08.375809
7407,FRT,Q27988152,part_of,Q242345,S&P 500,2026-04-10 08:14:08.375809
7409,FUN,Q127324768,part_of,Q7386995,S&P 600,2026-04-10 08:14:08.375809
7411,FDX,Q459477,owned_by,BLK,BlackRock,2026-04-10 08:14:08.375809
7416,GD,Q502940,owned_by,BLK,BlackRock,2026-04-10 08:14:08.375809
7417,GD,Q502940,owned_by,BAC,Bank of America,2026-04-10 08:14:08.375809
7419,GD,Q502940,owned_by,STT,State Street Corporation,2026-04-10 08:14:08.375809
7421,GD,Q502940,owned_by,MGF,MFS Investment Management,2026-04-10 08:14:08.375809
7426,FLR,Q653581,owned_by,BLK,BlackRock,2026-04-10 08:14:08.375809
7448,FUN,Q127324768,owned_by,BLK,BlackRock,2026-04-10 08:14:08.375809
7507,GE,Q54173,subsidiaries,GEHC,nan,2026-04-10 08:14:08.375809
7508,GE,Q54173,subsidiaries,GE,nan,2026-04-10 08:14:08.375809
7600,GE,Q54173,investments,WAB,nan,2026-04-10 08:14:08.375809
7603,GE,Q54173,investments,GEHC,nan,2026-04-10 08:14:08.375809
7605,GE,Q54173,investments,GE,nan,2026-04-10 08:14:08.375809
7697,GM,Q81965,products,Q1420,car,2026-04-10 08:14:08.375809
7698,GME,Q202210,products,Q7889,video game,2026-04-10 08:14:08.375809
7699,GIS,Q629998,products,Q768267,breakfast cereal,2026-04-10 08:14:08.375809
7702,GE,Q1485061,products,Q178777,jet engine,2026-04-10 08:14:08.375809
7704,GETY,Q1520122,products,Q1250322,digital image,2026-04-10 08:14:08.375809
7707,GHC,Q3121014,products,Q41298,magazine,2026-04-10 08:14:08.375809
7709,GL,Q5570993,products,Q626608,life insurance,2026-04-10 08:14:08.375809
7715,GFF,Q16840288,products,Q4290,investment,2026-04-10 08:14:08.375809
7772,GE,Q54173,instance_of,Q891723,public company,2026-04-10 08:14:08.375809
7773,GE,Q54173,instance_of,Q4830453,business,2026-04-10 08:14:08.375809
7774,GE,Q54173,instance_of,Q6881511,enterprise,2026-04-10 08:14:08.375809
7775,GM,Q81965,instance_of,Q786820,automobile manufacturer,2026-04-10 08:14:08.375809
7776,GM,Q81965,instance_of,Q891723,public company,2026-04-10 08:14:08.375809
7777,GM,Q81965,instance_of,Q4830453,business,2026-04-10 08:14:08.375809
7778,GME,Q202210,instance_of,Q507619,retail chain,2026-04-10 08:14:08.375809
7779,GME,Q202210,instance_of,Q726870,brick and mortar,2026-04-10 08:14:08.375809
7780,GME,Q202210,instance_of,Q891723,public company,2026-04-10 08:14:08.375809
7781,GME,Q202210,instance_of,Q4830453,business,2026-04-10 08:14:08.375809
7782,GME,Q202210,instance_of,Q6881511,enterprise,2026-04-10 08:14:08.375809
7783,GIS,Q629998,instance_of,Q161726,multinational corporation,2026-04-10 08:14:08.375809
7784,GIS,Q629998,instance_of,Q891723,public company,2026-04-10 08:14:08.375809
7785,GATX,Q940421,instance_of,Q891723,public company,2026-04-10 08:14:08.375809
7786,GATX,Q940421,instance_of,Q4830453,business,2026-04-10 08:14:08.375809
7787,GATX,Q940421,instance_of,Q6881511,enterprise,2026-04-10 08:14:08.375809
7788,GDDY,Q1416215,instance_of,Q891723,public company,2026-04-10 08:14:08.375809
7789,GDDY,Q1416215,instance_of,Q1073015,domain name registrar,2026-04-10 08:14:08.375809
7790,GDDY,Q1416215,instance_of,Q4830453,business,2026-04-10 08:14:08.375809
7791,GE,Q1485061,instance_of,Q936518,aerospace manufacturer,2026-04-10 08:14:08.375809
7792,GE,Q1485061,instance_of,Q4830453,business,2026-04-10 08:14:08.375809
7793,GGB,Q1511043,instance_of,Q891723,public company,2026-04-10 08:14:08.375809
7794,GGB,Q1511043,instance_of,Q4830453,business,2026-04-10 08:14:08.375809
7795,GGB,Q1511043,instance_of,Q6881511,enterprise,2026-04-10 08:14:08.375809
7796,GETY,Q1520122,instance_of,Q134161,joint-stock company,2026-04-10 08:14:08.375809
7797,GETY,Q1520122,instance_of,Q860572,photo agency,2026-04-10 08:14:08.375809
7798,GETY,Q1520122,instance_of,Q891723,public company,2026-04-10 08:14:08.375809
7799,GETY,Q1520122,instance_of,Q27032363,photo archive,2026-04-10 08:14:08.375809
7800,GIL,Q1524197,instance_of,Q891723,public company,2026-04-10 08:14:08.375809
7801,GIL,Q1524197,instance_of,Q4830453,business,2026-04-10 08:14:08.375809
7802,GIB,Q1798370,instance_of,Q891723,public company,2026-04-10 08:14:08.375809
7803,GHC,Q3121014,instance_of,Q891723,public company,2026-04-10 08:14:08.375809
7804,GHC,Q3121014,instance_of,Q4830453,business,2026-04-10 08:14:08.375809
7805,GNE,Q5533183,instance_of,Q891723,public company,2026-04-10 08:14:08.375809
7806,GNE,Q5533183,instance_of,Q4830453,business,2026-04-10 08:14:08.375809
7807,GL,Q5570993,instance_of,Q891723,public company,2026-04-10 08:14:08.375809
7808,GL,Q5570993,instance_of,Q4830453,business,2026-04-10 08:14:08.375809
7809,GGG,Q5591659,instance_of,Q891723,public company,2026-04-10 08:14:08.375809
7810,GGG,Q5591659,instance_of,Q4830453,business,2026-04-10 08:14:08.375809
7811,GLW,Q5842736,instance_of,Q43229,organization,2026-04-10 08:14:08.375809
7812,GLW,Q5842736,instance_of,Q891723,public company,2026-04-10 08:14:08.375809
7813,GLW,Q5842736,instance_of,Q4830453,business,2026-04-10 08:14:08.375809
7814,GLW,Q5842736,instance_of,Q6881511,enterprise,2026-04-10 08:14:08.375809
7815,GIC,Q7663801,instance_of,Q891723,public company,2026-04-10 08:14:08.375809
7816,GIC,Q7663801,instance_of,Q4830453,business,2026-04-10 08:14:08.375809
7817,GBX,Q7738224,instance_of,Q891723,public company,2026-04-10 08:14:08.375809
7818,GBX,Q7738224,instance_of,Q4830453,business,2026-04-10 08:14:08.375809
7819,GL,Q7825574,instance_of,Q891723,public company,2026-04-10 08:14:08.375809
7820,GL,Q7825574,instance_of,Q4830453,business,2026-04-10 08:14:08.375809
7821,GFF,Q16840288,instance_of,Q891723,public company,2026-04-10 08:14:08.375809
7822,GFF,Q16840288,instance_of,Q4830453,business,2026-04-10 08:14:08.375809
7823,GDOT,Q16975278,instance_of,Q891723,public company,2026-04-10 08:14:08.375809
7824,GEF,Q20486914,instance_of,Q891723,public company,2026-04-10 08:14:08.375809
7825,FUL,Q20486915,instance_of,Q891723,public company,2026-04-10 08:14:08.375809
7826,FUL,Q20486915,instance_of,Q4830453,business,2026-04-10 08:14:08.375809
7827,FUBO,Q28408034,instance_of,Q891723,public company,2026-04-10 08:14:08.375809
7828,FUBO,Q28408034,instance_of,Q4830453,business,2026-04-10 08:14:08.375809
7829,GEV,Q118957699,instance_of,Q43229,organization,2026-04-10 08:14:08.375809
7830,GEV,Q118957699,instance_of,Q783794,company,2026-04-10 08:14:08.375809
7831,GE,Q54173,part_of,Q180816,Dow Jones Industrial Average,2026-04-10 08:14:08.375809
7832,GE,Q54173,part_of,Q242345,S&P 500,2026-04-10 08:14:08.375809
7833,GE,Q54173,part_of,Q773026,Dow Jones Global Titans 50,2026-04-10 08:14:08.375809
7834,GM,Q81965,part_of,Q242345,S&P 500,2026-04-10 08:14:08.375809
7835,GM,Q81965,part_of,Q1546793,S&P 100,2026-04-10 08:14:08.375809
7837,GIS,Q629998,part_of,Q242345,S&P 500,2026-04-10 08:14:08.375809
7840,GE,Q1485061,part_of,Q1546793,S&P 100,2026-04-10 08:14:08.375809
7845,GHC,Q3121014,part_of,Q7386994,S&P 400,2026-04-10 08:14:08.375809
7847,GL,Q5570993,part_of,Q242345,S&P 500,2026-04-10 08:14:08.375809
7849,GLW,Q5842736,part_of,Q242345,S&P 500,2026-04-10 08:14:08.375809
7852,GL,Q7825574,part_of,Q242345,S&P 500,2026-04-10 08:14:08.375809
7859,GE,Q54173,owned_by,BLK,BlackRock,2026-04-10 08:14:08.375809
7864,GE,Q54173,owned_by,TROW,T. Rowe Price,2026-04-10 08:14:08.375809
7865,GM,Q81965,owned_by,BLK,BlackRock,2026-04-10 08:14:08.375809
7880,GLW,Q5842736,owned_by,BLK,BlackRock,2026-04-10 08:14:08.375809
7889,FUBO,Q28408034,owned_by,DIS,The Walt Disney Company,2026-04-10 08:14:08.375809
7891,FUBO,Q28408034,owned_by,CMCSA,Comcast,2026-04-10 08:14:08.375809
7892,FUBO,Q28408034,owned_by,AMCX,AMC Networks,2026-04-10 08:14:08.375809
7975,GRMN,Q30338591,subsidiaries,GRMN,nan,2026-04-10 08:14:08.375809
7990,GS,Q193326,investments,GET.PA,nan,2026-04-10 08:14:08.375809
7992,GS,Q193326,investments,EGBN,nan,2026-04-10 08:14:08.375809
8061,GS,Q193326,products,Q319845,investment bank,2026-04-10 08:14:08.375809
8062,GS,Q193326,products,Q873442,asset management,2026-04-10 08:14:08.375809
8063,GOLF,Q344839,products,Q11460,clothing,2026-04-10 08:14:08.375809
8064,GOLF,Q344839,products,Q768186,sports equipment,2026-04-10 08:14:08.375809
8065,HDB,Q631047,products,Q161380,credit card,2026-04-10 08:14:08.375809
8067,GRMN,Q658789,products,Q7397,software,2026-04-10 08:14:08.375809
8068,GRMN,Q658789,products,Q1486497,GPS navigation device,2026-04-10 08:14:08.375809
8069,GRMN,Q658789,products,Q26965868,wristwatch,2026-04-10 08:14:08.375809
8070,GOLD,Q808908,products,Q753,copper,2026-04-10 08:14:08.375809
8071,GOLD,Q808908,products,Q897,gold,2026-04-10 08:14:08.375809
8072,HD,Q864407,products,Q212920,home appliance,2026-04-10 08:14:08.375809
8073,H,Q1425063,products,Q27686,hotel,2026-04-10 08:14:08.375809
8074,H,Q1425063,products,Q171947,franchising,2026-04-10 08:14:08.375809
8075,H,Q1425063,products,Q875157,resort,2026-04-10 08:14:08.375809
8076,GNW,Q1502712,products,Q1674580,long-term care insurance,2026-04-10 08:14:08.375809
8087,HBB,Q5644848,products,Q212920,home appliance,2026-04-10 08:14:08.375809
8090,GMED,Q18344949,products,Q6554101,medical device,2026-04-10 08:14:08.375809
8143,GS,Q193326,instance_of,Q11691,stock exchange,2026-04-10 08:14:08.375809
8144,GS,Q193326,instance_of,Q22687,bank,2026-04-10 08:14:08.375809
8145,GS,Q193326,instance_of,Q319845,investment bank,2026-04-10 08:14:08.375809
8146,GS,Q193326,instance_of,Q730038,credit institution,2026-04-10 08:14:08.375809
8147,GS,Q193326,instance_of,Q891723,public company,2026-04-10 08:14:08.375809
8148,GS,Q193326,instance_of,Q4830453,business,2026-04-10 08:14:08.375809
8149,GOLF,Q344839,instance_of,Q891723,public company,2026-04-10 08:14:08.375809
8150,GOLF,Q344839,instance_of,Q4830453,business,2026-04-10 08:14:08.375809
8151,HDB,Q631047,instance_of,Q22687,bank,2026-04-10 08:14:08.375809
8152,HDB,Q631047,instance_of,Q650241,financial institution,2026-04-10 08:14:08.375809
8153,HDB,Q631047,instance_of,Q730038,credit institution,2026-04-10 08:14:08.375809
8154,HDB,Q631047,instance_of,Q891723,public company,2026-04-10 08:14:08.375809
8155,HDB,Q631047,instance_of,Q4830453,business,2026-04-10 08:14:08.375809
8156,HDB,Q631047,instance_of,Q6881511,enterprise,2026-04-10 08:14:08.375809
8157,HAL,Q656165,instance_of,Q891723,public company,2026-04-10 08:14:08.375809
8158,GRMN,Q658789,instance_of,Q658255,subsidiary company,2026-04-10 08:14:08.375809
8159,GOLD,Q808908,instance_of,Q891723,public company,2026-04-10 08:14:08.375809
8160,GOLD,Q808908,instance_of,Q4830453,business,2026-04-10 08:14:08.375809
8161,GOLD,Q808908,instance_of,Q6881511,enterprise,2026-04-10 08:14:08.375809
8162,HD,Q864407,instance_of,Q891723,public company,2026-04-10 08:14:08.375809
8163,HD,Q864407,instance_of,Q4830453,business,2026-04-10 08:14:08.375809
8164,HD,Q864407,instance_of,Q27970162,hardware store chain,2026-04-10 08:14:08.375809
8165,H,Q1425063,instance_of,Q891723,public company,2026-04-10 08:14:08.375809
8166,H,Q1425063,instance_of,Q1631129,hotel chain,2026-04-10 08:14:08.375809
8167,GNW,Q1502712,instance_of,Q891723,public company,2026-04-10 08:14:08.375809
8168,GNW,Q1502712,instance_of,Q4830453,business,2026-04-10 08:14:08.375809
8169,GWW,Q1627894,instance_of,Q891723,public company,2026-04-10 08:14:08.375809
8170,GWW,Q1627894,instance_of,Q4830453,business,2026-04-10 08:14:08.375809
8171,GWW,Q1627894,instance_of,Q27970162,hardware store chain,2026-04-10 08:14:08.375809
8172,GRND,Q2302402,instance_of,Q612825,online dating service,2026-04-10 08:14:08.375809
8173,GRND,Q2302402,instance_of,Q620615,mobile app,2026-04-10 08:14:08.375809
8174,GRND,Q2302402,instance_of,Q891723,public company,2026-04-10 08:14:08.375809
8175,GNRC,Q5531627,instance_of,Q891723,public company,2026-04-10 08:14:08.375809
8176,GNRC,Q5531627,instance_of,Q4830453,business,2026-04-10 08:14:08.375809
8177,GPC,Q5533818,instance_of,Q891723,public company,2026-04-10 08:14:08.375809
8178,GPC,Q5533818,instance_of,Q4830453,business,2026-04-10 08:14:08.375809
8179,GPN,Q5570544,instance_of,Q891723,public company,2026-04-10 08:14:08.375809
8180,GPN,Q5570544,instance_of,Q4830453,business,2026-04-10 08:14:08.375809
8181,GRC,Q5586622,instance_of,Q891723,public company,2026-04-10 08:14:08.375809
8182,GRC,Q5586622,instance_of,Q4830453,business,2026-04-10 08:14:08.375809
8183,GTN,Q5598232,instance_of,Q891723,public company,2026-04-10 08:14:08.375809
8184,GTN,Q5598232,instance_of,Q4830453,business,2026-04-10 08:14:08.375809
8185,GPI,Q5611081,instance_of,Q891723,public company,2026-04-10 08:14:08.375809
8186,GPI,Q5611081,instance_of,Q4830453,business,2026-04-10 08:14:08.375809
8187,HCC,Q5629085,instance_of,Q43229,organization,2026-04-10 08:14:08.375809
8188,HCC,Q5629085,instance_of,Q891723,public company,2026-04-10 08:14:08.375809
8189,HCC,Q5629085,instance_of,Q4830453,business,2026-04-10 08:14:08.375809
8190,HEI,Q5629432,instance_of,Q891723,public company,2026-04-10 08:14:08.375809
8191,HEI,Q5629432,instance_of,Q4830453,business,2026-04-10 08:14:08.375809
8192,HBB,Q5644848,instance_of,Q658255,subsidiary company,2026-04-10 08:14:08.375809
8193,HBB,Q5644848,instance_of,Q891723,public company,2026-04-10 08:14:08.375809
8194,HBB,Q5644848,instance_of,Q4830453,business,2026-04-10 08:14:08.375809
8195,HE,Q5684524,instance_of,Q891723,public company,2026-04-10 08:14:08.375809
8196,HE,Q5684524,instance_of,Q1326624,electricity supply company,2026-04-10 08:14:08.375809
8197,HE,Q5684524,instance_of,Q4830453,business,2026-04-10 08:14:08.375809
8198,HAE,Q16980281,instance_of,Q891723,public company,2026-04-10 08:14:08.375809
8199,HAE,Q16980281,instance_of,Q4830453,business,2026-04-10 08:14:08.375809
8200,GMED,Q18344949,instance_of,Q891723,public company,2026-04-10 08:14:08.375809
8201,GMED,Q18344949,instance_of,Q4830453,business,2026-04-10 08:14:08.375809
8202,GRMN,Q30338591,instance_of,Q219577,holding company,2026-04-10 08:14:08.375809
8203,GXO,Q116550003,instance_of,Q783794,company,2026-04-10 08:14:08.375809
8204,GXO,Q116550003,instance_of,Q891723,public company,2026-04-10 08:14:08.375809
8205,GS,Q193326,part_of,Q180816,Dow Jones Industrial Average,2026-04-10 08:14:08.375809
8206,GS,Q193326,part_of,Q242345,S&P 500,2026-04-10 08:14:08.375809
8207,GS,Q193326,part_of,Q1546793,S&P 100,2026-04-10 08:14:08.375809
8210,HAL,Q656165,part_of,Q242345,S&P 500,2026-04-10 08:14:08.375809
8213,HD,Q864407,part_of,Q180816,Dow Jones Industrial Average,2026-04-10 08:14:08.375809
8214,HD,Q864407,part_of,Q242345,S&P 500,2026-04-10 08:14:08.375809
8215,HD,Q864407,part_of,Q1546793,S&P 100,2026-04-10 08:14:08.375809
8218,GWW,Q1627894,part_of,Q242345,S&P 500,2026-04-10 08:14:08.375809
8221,GPC,Q5533818,part_of,Q242345,S&P 500,2026-04-10 08:14:08.375809
8222,GPC,Q5533818,part_of,Q47492123,STOXX Global Select Dividend 100,2026-04-10 08:14:08.375809
8223,GPN,Q5570544,part_of,Q242345,S&P 500,2026-04-10 08:14:08.375809
8233,GRMN,Q30338591,part_of,Q242345,S&P 500,2026-04-10 08:14:08.375809
8234,GXO,Q116550003,part_of,Q7386994,S&P 400,2026-04-10 08:14:08.375809
8235,GS,Q193326,owned_by,BLK,BlackRock,2026-04-10 08:14:08.375809
8237,GS,Q193326,owned_by,STT,State Street Corporation,2026-04-10 08:14:08.375809
8241,HAL,Q656165,owned_by,STT,State Street Corporation,2026-04-10 08:14:08.375809
8245,HD,Q864407,owned_by,BLK,BlackRock,2026-04-10 08:14:08.375809
8491,HMC,Q9584,products,Q197,airplane,2026-04-10 08:14:08.375809
8492,HMC,Q9584,products,Q1420,car,2026-04-10 08:14:08.375809
8493,HMC,Q9584,products,Q11012,robot,2026-04-10 08:14:08.375809
8494,HMC,Q9584,products,Q34493,motorcycle,2026-04-10 08:14:08.375809
8495,HMC,Q9584,products,Q43193,truck,2026-04-10 08:14:08.375809
8496,HMC,Q9584,products,Q44167,engine,2026-04-10 08:14:08.375809
8497,HMC,Q9584,products,Q131502,electrical generator,2026-04-10 08:14:08.375809
8498,HMC,Q9584,products,Q845653,et cetera,2026-04-10 08:14:08.375809
8499,HMC,Q9584,products,Q1494647,garden tool,2026-04-10 08:14:08.375809
8500,HPQ,Q80978,products,Q68,computer,2026-04-10 08:14:08.375809
8501,HPQ,Q80978,products,Q82,printer,2026-04-10 08:14:08.375809
8502,HPQ,Q80978,products,Q3962,laptop,2026-04-10 08:14:08.375809
8503,HPQ,Q80978,products,Q3966,computer hardware,2026-04-10 08:14:08.375809
8504,HPQ,Q80978,products,Q7397,software,2026-04-10 08:14:08.375809
8505,HPQ,Q80978,products,Q16338,personal computer,2026-04-10 08:14:08.375809
8506,HPQ,Q80978,products,Q17517,mobile phone,2026-04-10 08:14:08.375809
8507,HPQ,Q80978,products,Q22645,smartphone,2026-04-10 08:14:08.375809
8508,HPQ,Q80978,products,Q44127,server,2026-04-10 08:14:08.375809
8509,HPQ,Q80978,products,Q62927,digital camera,2026-04-10 08:14:08.375809
8510,HPQ,Q80978,products,Q66221,computer storage media,2026-04-10 08:14:08.375809
8511,HPQ,Q80978,products,Q82744,image scanner,2026-04-10 08:14:08.375809
8512,HPQ,Q80978,products,Q155972,tablet computer,2026-04-10 08:14:08.375809
8513,HPQ,Q80978,products,Q206190,pocket computer,2026-04-10 08:14:08.375809
8514,HPQ,Q80978,products,Q1149029,systems integrator,2026-04-10 08:14:08.375809
8515,HPQ,Q80978,products,Q1546066,networking hardware,2026-04-10 08:14:08.375809
8516,HSBC,Q190464,products,Q848507,commercial bank,2026-04-10 08:14:08.375809
8517,HOG,Q192814,products,Q11460,clothing,2026-04-10 08:14:08.375809
8518,HOG,Q192814,products,Q34493,motorcycle,2026-04-10 08:14:08.375809
8520,HUN,Q851361,products,Q137716911,,2026-04-10 08:14:08.375809
8522,HSY,Q1056637,products,Q6634998,list of products manufactured by The Hershey Company,2026-04-10 08:14:08.375809
8523,HLT,Q1057464,products,Q27686,hotel,2026-04-10 08:14:08.375809
8524,HLT,Q1057464,products,Q171947,franchising,2026-04-10 08:14:08.375809
8525,HLT,Q1057464,products,Q875157,resort,2026-04-10 08:14:08.375809
8526,HLI,Q1410137,products,Q837171,financial services,2026-04-10 08:14:08.375809
8530,HNI,Q5635303,products,Q585473,hearth,2026-04-10 08:14:08.375809
8531,HNI,Q5635303,products,Q1021677,office furniture,2026-04-10 08:14:08.375809
8532,HL,Q5696498,products,Q1090,silver,2026-04-10 08:14:08.375809
8536,HOV,Q16980428,products,Q7743,home,2026-04-10 08:14:08.375809
8538,HPQ,Q21404084,products,Q68,computer,2026-04-10 08:14:08.375809
8539,HPQ,Q21404084,products,Q82,printer,2026-04-10 08:14:08.375809
8540,HPQ,Q21404084,products,Q3962,laptop,2026-04-10 08:14:08.375809
8541,HPQ,Q21404084,products,Q3966,computer hardware,2026-04-10 08:14:08.375809
8542,HPQ,Q21404084,products,Q7397,software,2026-04-10 08:14:08.375809
8543,HPQ,Q21404084,products,Q16338,personal computer,2026-04-10 08:14:08.375809
8544,HPQ,Q21404084,products,Q17517,mobile phone,2026-04-10 08:14:08.375809
8545,HPQ,Q21404084,products,Q22645,smartphone,2026-04-10 08:14:08.375809
8546,HPQ,Q21404084,products,Q44127,server,2026-04-10 08:14:08.375809
8547,HPQ,Q21404084,products,Q62927,digital camera,2026-04-10 08:14:08.375809
8548,HPQ,Q21404084,products,Q66221,computer storage media,2026-04-10 08:14:08.375809
8549,HPQ,Q21404084,products,Q82744,image scanner,2026-04-10 08:14:08.375809
8550,HPQ,Q21404084,products,Q155972,tablet computer,2026-04-10 08:14:08.375809
8551,HPQ,Q21404084,products,Q206190,pocket computer,2026-04-10 08:14:08.375809
8552,HPQ,Q21404084,products,Q1149029,systems integrator,2026-04-10 08:14:08.375809
8553,HPQ,Q21404084,products,Q1546066,networking hardware,2026-04-10 08:14:08.375809
8608,HMC,Q9584,instance_of,Q786820,automobile manufacturer,2026-04-10 08:14:08.375809
8609,HMC,Q9584,instance_of,Q891723,public company,2026-04-10 08:14:08.375809
8610,HMC,Q9584,instance_of,Q15081030,motorcycle manufacturer,2026-04-10 08:14:08.375809
8611,HPQ,Q80978,instance_of,Q1055701,computer manufacturer,2026-04-10 08:14:08.375809
8612,HPQ,Q80978,instance_of,Q1058914,software company,2026-04-10 08:14:08.375809
8613,HPQ,Q80978,instance_of,Q4830453,business,2026-04-10 08:14:08.375809
8614,HPQ,Q80978,instance_of,Q6881511,enterprise,2026-04-10 08:14:08.375809
8615,HPQ,Q80978,instance_of,Q11294827,camera manufacturer,2026-04-10 08:14:08.375809
8616,HSBC,Q190464,instance_of,Q22687,bank,2026-04-10 08:14:08.375809
8617,HSBC,Q190464,instance_of,Q730038,credit institution,2026-04-10 08:14:08.375809
8618,HSBC,Q190464,instance_of,Q891723,public company,2026-04-10 08:14:08.375809
8619,HSBC,Q190464,instance_of,Q4830453,business,2026-04-10 08:14:08.375809
8620,HSBC,Q190464,instance_of,Q6881511,enterprise,2026-04-10 08:14:08.375809
8621,HOG,Q192814,instance_of,Q15081030,motorcycle manufacturer,2026-04-10 08:14:08.375809
8622,HIG,Q444110,instance_of,Q891723,public company,2026-04-10 08:14:08.375809
8623,HIG,Q444110,instance_of,Q4830453,business,2026-04-10 08:14:08.375809
8624,HIG,Q444110,instance_of,Q6881511,enterprise,2026-04-10 08:14:08.375809
8625,HUN,Q851361,instance_of,Q891723,public company,2026-04-10 08:14:08.375809
8626,HUN,Q851361,instance_of,Q4830453,business,2026-04-10 08:14:08.375809
8627,HUN,Q851361,instance_of,Q6881511,enterprise,2026-04-10 08:14:08.375809
8628,HUM,Q910866,instance_of,Q891723,public company,2026-04-10 08:14:08.375809
8629,HUM,Q910866,instance_of,Q4830453,business,2026-04-10 08:14:08.375809
8630,HUM,Q910866,instance_of,Q6881511,enterprise,2026-04-10 08:14:08.375809
8631,HSY,Q1056637,instance_of,Q891723,public company,2026-04-10 08:14:08.375809
8632,HSY,Q1056637,instance_of,Q4830453,business,2026-04-10 08:14:08.375809
8633,HSY,Q1056637,instance_of,Q6881511,enterprise,2026-04-10 08:14:08.375809
8634,HLT,Q1057464,instance_of,Q891723,public company,2026-04-10 08:14:08.375809
8635,HLT,Q1057464,instance_of,Q1631129,hotel chain,2026-04-10 08:14:08.375809
8636,HLI,Q1410137,instance_of,Q730038,credit institution,2026-04-10 08:14:08.375809
8637,HLI,Q1410137,instance_of,Q891723,public company,2026-04-10 08:14:08.375809
8638,HLI,Q1410137,instance_of,Q4830453,business,2026-04-10 08:14:08.375809
8639,HCA,Q1630431,instance_of,Q891723,public company,2026-04-10 08:14:08.375809
8640,HCA,Q1630431,instance_of,Q4830453,business,2026-04-10 08:14:08.375809
8641,HCA,Q1630431,instance_of,Q6881511,enterprise,2026-04-10 08:14:08.375809
8642,GVA,Q5595849,instance_of,Q891723,public company,2026-04-10 08:14:08.375809
8643,GVA,Q5595849,instance_of,Q4830453,business,2026-04-10 08:14:08.375809
8644,GWRE,Q5615528,instance_of,Q891723,public company,2026-04-10 08:14:08.375809
8645,GWRE,Q5615528,instance_of,Q4830453,business,2026-04-10 08:14:08.375809
8646,HNI,Q5635303,instance_of,Q891723,public company,2026-04-10 08:14:08.375809
8647,HNI,Q5635303,instance_of,Q4830453,business,2026-04-10 08:14:08.375809
8648,HL,Q5696498,instance_of,Q891723,public company,2026-04-10 08:14:08.375809
8649,HL,Q5696498,instance_of,Q4830453,business,2026-04-10 08:14:08.375809
8650,HII,Q7257522,instance_of,Q891723,public company,2026-04-10 08:14:08.375809
8651,HII,Q7257522,instance_of,Q4830453,business,2026-04-10 08:14:08.375809
8652,HII,Q7257522,instance_of,Q6881511,enterprise,2026-04-10 08:14:08.375809
8653,HHH,Q12521253,instance_of,Q891723,public company,2026-04-10 08:14:08.375809
8654,HHH,Q12521253,instance_of,Q4830453,business,2026-04-10 08:14:08.375809
8655,HGV,Q13636126,instance_of,Q4830453,business,2026-04-10 08:14:08.375809
8656,HOV,Q16980428,instance_of,Q891723,public company,2026-04-10 08:14:08.375809
8657,HOV,Q16980428,instance_of,Q4830453,business,2026-04-10 08:14:08.375809
8658,HGTY,Q16994702,instance_of,Q4830453,business,2026-04-10 08:14:08.375809
8659,HPQ,Q21404084,instance_of,Q1055701,computer manufacturer,2026-04-10 08:14:08.375809
8660,HPQ,Q21404084,instance_of,Q1058914,software company,2026-04-10 08:14:08.375809
8661,HPQ,Q21404084,instance_of,Q4830453,business,2026-04-10 08:14:08.375809
8662,HPQ,Q21404084,instance_of,Q6881511,enterprise,2026-04-10 08:14:08.375809
8663,HPQ,Q21404084,instance_of,Q11294827,camera manufacturer,2026-04-10 08:14:08.375809
8664,HOMB,Q28402394,instance_of,Q22687,bank,2026-04-10 08:14:08.375809
8665,HOMB,Q28402394,instance_of,Q891723,public company,2026-04-10 08:14:08.375809
8666,HOMB,Q28402394,instance_of,Q4830453,business,2026-04-10 08:14:08.375809
8667,HPP,Q55614037,instance_of,Q697852,real estate investment trust,2026-04-10 08:14:08.375809
8668,HPP,Q55614037,instance_of,Q891723,public company,2026-04-10 08:14:08.375809
8669,HIMS,Q64363662,instance_of,Q891723,public company,2026-04-10 08:14:08.375809
8670,HIMS,Q64363662,instance_of,Q3081320,online pharmacy,2026-04-10 08:14:08.375809
8671,HIMS,Q64363662,instance_of,Q6881511,enterprise,2026-04-10 08:14:08.375809
8672,HRI,Q107623842,instance_of,Q783794,company,2026-04-10 08:14:08.375809
8673,HRI,Q107623842,instance_of,Q891723,public company,2026-04-10 08:14:08.375809
8674,HMC,Q9584,part_of,Q13677,New York Stock Exchange,2026-04-10 08:14:08.375809
8675,HMC,Q9584,part_of,Q217475,Tokyo Stock Exchange,2026-04-10 08:14:08.375809
8676,HMC,Q9584,part_of,Q507338,Nikkei 225,2026-04-10 08:14:08.375809
8677,HMC,Q9584,part_of,Q11249846,TOPIX Core 30,2026-04-10 08:14:08.375809
8678,HPQ,Q80978,part_of,Q242345,S&P 500,2026-04-10 08:14:08.375809
8679,HSBC,Q190464,part_of,Q466496,FTSE 100 Index,2026-04-10 08:14:08.375809
8681,HIG,Q444110,part_of,Q242345,S&P 500,2026-04-10 08:14:08.375809
8683,HUM,Q910866,part_of,Q242345,S&P 500,2026-04-10 08:14:08.375809
8684,HSY,Q1056637,part_of,Q242345,S&P 500,2026-04-10 08:14:08.375809
8685,HSY,Q1056637,part_of,Q4905444,Big Chocolate,2026-04-10 08:14:08.375809
8686,HLT,Q1057464,part_of,Q242345,S&P 500,2026-04-10 08:14:08.375809
8688,HCA,Q1630431,part_of,Q242345,S&P 500,2026-04-10 08:14:08.375809
8693,HII,Q7257522,part_of,Q242345,S&P 500,2026-04-10 08:14:08.375809
8698,HPQ,Q21404084,part_of,Q242345,S&P 500,2026-04-10 08:14:08.375809
8827,ICE,Q841458,subsidiaries,BKKT,nan,2026-04-10 08:14:08.375809
8958,IP,Q202972,products,Q11472,paper,2026-04-10 08:14:08.375809
8959,ING,Q645708,products,Q837171,financial services,2026-04-10 08:14:08.375809
8960,INGA.AS,Q645708,products,Q837171,financial services,2026-04-10 08:14:08.375809
8962,HRL,Q1454852,products,Q10426,cold cut,2026-04-10 08:14:08.375809
8963,IBN,Q1653258,products,Q1548025,retail banking,2026-04-10 08:14:08.375809
8965,IFF,Q1666568,products,Q4173974,flavoring,2026-04-10 08:14:08.375809
8967,HRB,Q5627799,products,Q7397,software,2026-04-10 08:14:08.375809
8969,HXL,Q5748967,products,Q181790,composite material,2026-04-10 08:14:08.375809
8970,HUBS,Q5926631,products,Q11660,artificial intelligence,2026-04-10 08:14:08.375809
8971,HUBS,Q5926631,products,Q131508,enterprise resource planning,2026-04-10 08:14:08.375809
8972,HUBS,Q5926631,products,Q165194,application programming interface,2026-04-10 08:14:08.375809
8973,HUBS,Q5926631,products,Q189210,web application,2026-04-10 08:14:08.375809
8974,HUBS,Q5926631,products,Q325421,business-to-business,2026-04-10 08:14:08.375809
8975,HUBS,Q5926631,products,Q483639,cloud computing,2026-04-10 08:14:08.375809
8976,HUBS,Q5926631,products,Q484847,e-commerce,2026-04-10 08:14:08.375809
8977,HUBS,Q5926631,products,Q485396,analytics,2026-04-10 08:14:08.375809
8978,HUBS,Q5926631,products,Q787422,automation technology,2026-04-10 08:14:08.375809
8979,HUBS,Q5926631,products,Q1155133,email marketing,2026-04-10 08:14:08.375809
8980,HUBS,Q5926631,products,Q1583910,lead generation,2026-04-10 08:14:08.375809
8981,HUBS,Q5926631,products,Q1839591,Net Promoter Score,2026-04-10 08:14:08.375809
8982,HUBS,Q5926631,products,Q5196474,customer retention,2026-04-10 08:14:08.375809
8983,HUBS,Q5926631,products,Q5276056,content creation,2026-04-10 08:14:08.375809
8984,HUBS,Q5926631,products,Q5597177,data visualization software,2026-04-10 08:14:08.375809
8985,HUBS,Q5926631,products,Q11762161,live chat,2026-04-10 08:14:08.375809
8986,HUBS,Q5926631,products,Q17103526,marketing automation,2026-04-10 08:14:08.375809
8987,HUBS,Q5926631,products,Q24963907,Sales development,2026-04-10 08:14:08.375809
8988,HUBS,Q5926631,products,Q48997925,Customer data platform,2026-04-10 08:14:08.375809
8989,HUBS,Q5926631,products,Q60743634,top-line growth,2026-04-10 08:14:08.375809
8990,HUBS,Q5926631,products,Q95988573,customer relationship management software,2026-04-10 08:14:08.375809
8991,HUBS,Q5926631,products,Q135233869,Sales team management,2026-04-10 08:14:08.375809
8992,HUBS,Q5926631,products,Q135235244,Sales software,2026-04-10 08:14:08.375809
8993,IEX,Q5970002,products,Q185571,fluidics,2026-04-10 08:14:08.375809
8998,HPE,Q19923099,products,Q121117,supercomputer,2026-04-10 08:14:08.375809
8999,HPE,Q19923099,products,Q237576,storage area network,2026-04-10 08:14:08.375809
9000,HPE,Q19923099,products,Q483639,cloud computing,2026-04-10 08:14:08.375809
9001,HPE,Q19923099,products,Q744980,network-attached storage,2026-04-10 08:14:08.375809
9002,HPE,Q19923099,products,Q1546066,networking hardware,2026-04-10 08:14:08.375809
9003,HPE,Q19923099,products,Q64729893,server computer,2026-04-10 08:14:08.375809
9004,HUBB,Q21036456,products,Q107388855,electrical components,2026-04-10 08:14:08.375809
9061,IBM,Q37156,instance_of,Q43229,organization,2026-04-10 08:14:08.375809
9062,IBM,Q37156,instance_of,Q161726,multinational corporation,2026-04-10 08:14:08.375809
9063,IBM,Q37156,instance_of,Q891723,public company,2026-04-10 08:14:08.375809
9064,IBM,Q37156,instance_of,Q1058914,software company,2026-04-10 08:14:08.375809
9065,IBM,Q37156,instance_of,Q4830453,business,2026-04-10 08:14:08.375809
9066,IBM,Q37156,instance_of,Q6881511,enterprise,2026-04-10 08:14:08.375809
9067,IBM,Q37156,instance_of,Q18388277,technology company,2026-04-10 08:14:08.375809
9068,IBM,Q37156,instance_of,Q23670565,professional services firm,2026-04-10 08:14:08.375809
9069,IT,Q174198,instance_of,Q891723,public company,2026-04-10 08:14:08.375809
9070,IT,Q174198,instance_of,Q4830453,business,2026-04-10 08:14:08.375809
9071,IT,Q174198,instance_of,Q6881511,enterprise,2026-04-10 08:14:08.375809
9072,IP,Q202972,instance_of,Q891723,public company,2026-04-10 08:14:08.375809
9073,IP,Q202972,instance_of,Q6881511,enterprise,2026-04-10 08:14:08.375809
9074,ING,Q645708,instance_of,Q4830453,business,2026-04-10 08:14:08.375809
9075,INGA.AS,Q645708,instance_of,Q4830453,business,2026-04-10 08:14:08.375809
9076,ING,Q645708,instance_of,Q6881511,enterprise,2026-04-10 08:14:08.375809
9077,INGA.AS,Q645708,instance_of,Q6881511,enterprise,2026-04-10 08:14:08.375809
9078,ICE,Q841458,instance_of,Q475000,stock market,2026-04-10 08:14:08.375809
9079,ICE,Q841458,instance_of,Q891723,public company,2026-04-10 08:14:08.375809
9080,ICE,Q841458,instance_of,Q4830453,business,2026-04-10 08:14:08.375809
9081,HRL,Q1454852,instance_of,Q783794,company,2026-04-10 08:14:08.375809
9082,HRL,Q1454852,instance_of,Q891723,public company,2026-04-10 08:14:08.375809
9083,HRL,Q1454852,instance_of,Q4830453,business,2026-04-10 08:14:08.375809
9084,HRL,Q1454852,instance_of,Q6881511,enterprise,2026-04-10 08:14:08.375809
9085,IBN,Q1653258,instance_of,Q22687,bank,2026-04-10 08:14:08.375809
9086,IBN,Q1653258,instance_of,Q650241,financial institution,2026-04-10 08:14:08.375809
9087,IBN,Q1653258,instance_of,Q730038,credit institution,2026-04-10 08:14:08.375809
9088,IBN,Q1653258,instance_of,Q891723,public company,2026-04-10 08:14:08.375809
9089,IBN,Q1653258,instance_of,Q4830453,business,2026-04-10 08:14:08.375809
9090,IBN,Q1653258,instance_of,Q6881511,enterprise,2026-04-10 08:14:08.375809
9091,IMAX,Q1654103,instance_of,Q368290,film distributor,2026-04-10 08:14:08.375809
9092,IMAX,Q1654103,instance_of,Q891723,public company,2026-04-10 08:14:08.375809
9093,IMAX,Q1654103,instance_of,Q1762059,film production company,2026-04-10 08:14:08.375809
9094,IFF,Q1666568,instance_of,Q43229,organization,2026-04-10 08:14:08.375809
9095,IFF,Q1666568,instance_of,Q891723,public company,2026-04-10 08:14:08.375809
9096,IFF,Q1666568,instance_of,Q4830453,business,2026-04-10 08:14:08.375809
9097,IDT,Q1925384,instance_of,Q891723,public company,2026-04-10 08:14:08.375809
9098,IDT,Q1925384,instance_of,Q4830453,business,2026-04-10 08:14:08.375809
9099,HRB,Q5627799,instance_of,Q891723,public company,2026-04-10 08:14:08.375809
9100,HRB,Q5627799,instance_of,Q4830453,business,2026-04-10 08:14:08.375809
9101,HVT,Q5683881,instance_of,Q891723,public company,2026-04-10 08:14:08.375809
9102,HVT,Q5683881,instance_of,Q104817981,furniture retailer,2026-04-10 08:14:08.375809
9103,HXL,Q5748967,instance_of,Q891723,public company,2026-04-10 08:14:08.375809
9104,HXL,Q5748967,instance_of,Q4830453,business,2026-04-10 08:14:08.375809
9105,HUBS,Q5926631,instance_of,Q638608,software development,2026-04-10 08:14:08.375809
9106,HUBS,Q5926631,instance_of,Q4830453,business,2026-04-10 08:14:08.375809
9107,IEX,Q5970002,instance_of,Q891723,public company,2026-04-10 08:14:08.375809
9108,IEX,Q5970002,instance_of,Q4830453,business,2026-04-10 08:14:08.375809
9109,IDA,Q5987232,instance_of,Q891723,public company,2026-04-10 08:14:08.375809
9110,IDA,Q5987232,instance_of,Q4830453,business,2026-04-10 08:14:08.375809
9111,IPI,Q6058618,instance_of,Q891723,public company,2026-04-10 08:14:08.375809
9112,IPI,Q6058618,instance_of,Q4830453,business,2026-04-10 08:14:08.375809
9113,HP,Q19604418,instance_of,Q891723,public company,2026-04-10 08:14:08.375809
9114,HP,Q19604418,instance_of,Q4830453,business,2026-04-10 08:14:08.375809
9115,HY,Q19876423,instance_of,Q891723,public company,2026-04-10 08:14:08.375809
9116,HY,Q19876423,instance_of,Q4830453,business,2026-04-10 08:14:08.375809
9117,HPE,Q19923099,instance_of,Q1055701,computer manufacturer,2026-04-10 08:14:08.375809
9118,HPE,Q19923099,instance_of,Q1058914,software company,2026-04-10 08:14:08.375809
9119,HPE,Q19923099,instance_of,Q4830453,business,2026-04-10 08:14:08.375809
9120,HPE,Q19923099,instance_of,Q6881511,enterprise,2026-04-10 08:14:08.375809
9121,HUBB,Q21036456,instance_of,Q891723,public company,2026-04-10 08:14:08.375809
9122,HUBB,Q21036456,instance_of,Q4830453,business,2026-04-10 08:14:08.375809
9123,HUBB,Q21036456,instance_of,Q107009746,electronics manufacturer,2026-04-10 08:14:08.375809
9124,HWM,Q25104597,instance_of,Q891723,public company,2026-04-10 08:14:08.375809
9125,HWM,Q25104597,instance_of,Q4830453,business,2026-04-10 08:14:08.375809
9126,IBTA,Q28133993,instance_of,Q4830453,business,2026-04-10 08:14:08.375809
9127,IR,Q55453962,instance_of,Q4830453,business,2026-04-10 08:14:08.375809
9128,IOT,Q108770716,instance_of,Q783794,company,2026-04-10 08:14:08.375809
9129,IOT,Q108770716,instance_of,Q891723,public company,2026-04-10 08:14:08.375809
9130,IBM,Q37156,part_of,Q180816,Dow Jones Industrial Average,2026-04-10 08:14:08.375809
9131,IBM,Q37156,part_of,Q242345,S&P 500,2026-04-10 08:14:08.375809
9132,IBM,Q37156,part_of,Q773026,Dow Jones Global Titans 50,2026-04-10 08:14:08.375809
9133,IBM,Q37156,part_of,Q1546793,S&P 100,2026-04-10 08:14:08.375809
9134,IBM,Q37156,part_of,Q134661623,list of companies involved in the Gaza war,2026-04-10 08:14:08.375809
9135,IT,Q174198,part_of,Q242345,S&P 500,2026-04-10 08:14:08.375809
9136,IP,Q202972,part_of,Q242345,S&P 500,2026-04-10 08:14:08.375809
9139,ICE,Q841458,part_of,Q242345,S&P 500,2026-04-10 08:14:08.375809
9140,HRL,Q1454852,part_of,Q242345,S&P 500,2026-04-10 08:14:08.375809
9143,IFF,Q1666568,part_of,Q242345,S&P 500,2026-04-10 08:14:08.375809
9145,HRB,Q5627799,part_of,Q7386994,S&P 400,2026-04-10 08:14:08.375809
9149,IEX,Q5970002,part_of,Q242345,S&P 500,2026-04-10 08:14:08.375809
9154,HPE,Q19923099,part_of,Q242345,S&P 500,2026-04-10 08:14:08.375809
9156,HWM,Q25104597,part_of,Q242345,S&P 500,2026-04-10 08:14:08.375809
9160,IBM,Q37156,owned_by,BRK.A,Berkshire Hathaway,2026-04-10 08:14:08.375809
9162,IBM,Q37156,owned_by,STT,State Street Corporation,2026-04-10 08:14:08.375809
9165,ING,Q645708,owned_by,BLK,BlackRock,2026-04-10 08:14:08.375809
9166,INGA.AS,Q645708,owned_by,BLK,BlackRock,2026-04-10 08:14:08.375809
9330,IVZ,Q522617,investments,MSTR,nan,2026-04-10 08:14:08.375809
9394,JPM,Q192314,products,Q43183,insurance,2026-04-10 08:14:08.375809
9395,JPM,Q192314,products,Q873442,asset management,2026-04-10 08:14:08.375809
9396,JPM,Q192314,products,Q1814021,bank credit,2026-04-10 08:14:08.375809
9397,JPM,Q192314,products,Q2638043,,2026-04-10 08:14:08.375809
9400,JEF,Q325789,products,Q837171,financial services,2026-04-10 08:14:08.375809
9401,JNJ,Q333718,products,Q12140,medication,2026-04-10 08:14:08.375809
9402,JNJ,Q333718,products,Q6554101,medical device,2026-04-10 08:14:08.375809
9403,IVZ,Q522617,products,Q14864997,investment management,2026-04-10 08:14:08.375809
9404,KGC,Q546880,products,Q897,gold,2026-04-10 08:14:08.375809
9415,INGR,Q8273105,products,Q41534,starch,2026-04-10 08:14:08.375809
9416,INGR,Q8273105,products,Q626292,sugar substitute,2026-04-10 08:14:08.375809
9420,JOBY,Q54933259,products,Q519302,electric aircraft,2026-04-10 08:14:08.375809
9422,INVH,Q85769855,products,Q2630687,leasehold estate,2026-04-10 08:14:08.375809
9474,JPM,Q192314,instance_of,Q22687,bank,2026-04-10 08:14:08.375809
9475,JPM,Q192314,instance_of,Q43229,organization,2026-04-10 08:14:08.375809
9476,JPM,Q192314,instance_of,Q730038,credit institution,2026-04-10 08:14:08.375809
9477,JPM,Q192314,instance_of,Q891723,public company,2026-04-10 08:14:08.375809
9478,JPM,Q192314,instance_of,Q4830453,business,2026-04-10 08:14:08.375809
9479,JPM,Q192314,instance_of,Q6881511,enterprise,2026-04-10 08:14:08.375809
9480,IQV,Q305473,instance_of,Q760102,contract research organization,2026-04-10 08:14:08.375809
9481,IQV,Q305473,instance_of,Q891723,public company,2026-04-10 08:14:08.375809
9482,IQV,Q305473,instance_of,Q4830453,business,2026-04-10 08:14:08.375809
9483,IQV,Q305473,instance_of,Q6881511,enterprise,2026-04-10 08:14:08.375809
9484,INGM,Q324616,instance_of,Q891723,public company,2026-04-10 08:14:08.375809
9485,INGM,Q324616,instance_of,Q4830453,business,2026-04-10 08:14:08.375809
9486,JEF,Q325789,instance_of,Q730038,credit institution,2026-04-10 08:14:08.375809
9487,JEF,Q325789,instance_of,Q4830453,business,2026-04-10 08:14:08.375809
9488,JEF,Q325789,instance_of,Q6881511,enterprise,2026-04-10 08:14:08.375809
9489,JNJ,Q333718,instance_of,Q43229,organization,2026-04-10 08:14:08.375809
9490,JNJ,Q333718,instance_of,Q891723,public company,2026-04-10 08:14:08.375809
9491,JNJ,Q333718,instance_of,Q4830453,business,2026-04-10 08:14:08.375809
9492,JNJ,Q333718,instance_of,Q6881511,enterprise,2026-04-10 08:14:08.375809
9493,JNJ,Q333718,instance_of,Q19644607,pharmaceutical company,2026-04-10 08:14:08.375809
9494,IVZ,Q522617,instance_of,Q891723,public company,2026-04-10 08:14:08.375809
9495,IVZ,Q522617,instance_of,Q4830453,business,2026-04-10 08:14:08.375809
9496,IVZ,Q522617,instance_of,Q6881511,enterprise,2026-04-10 08:14:08.375809
9497,KGC,Q546880,instance_of,Q891723,public company,2026-04-10 08:14:08.375809
9498,KGC,Q546880,instance_of,Q4830453,business,2026-04-10 08:14:08.375809
9499,ITT,Q582418,instance_of,Q891723,public company,2026-04-10 08:14:08.375809
9500,ITT,Q582418,instance_of,Q4830453,business,2026-04-10 08:14:08.375809
9501,ITT,Q582418,instance_of,Q6881511,enterprise,2026-04-10 08:14:08.375809
9502,ITW,Q1510378,instance_of,Q891723,public company,2026-04-10 08:14:08.375809
9503,ITW,Q1510378,instance_of,Q4830453,business,2026-04-10 08:14:08.375809
9504,JELD,Q1612593,instance_of,Q891723,public company,2026-04-10 08:14:08.375809
9505,JELD,Q1612593,instance_of,Q4830453,business,2026-04-10 08:14:08.375809
9506,IRM,Q1673079,instance_of,Q891723,public company,2026-04-10 08:14:08.375809
9507,IRM,Q1673079,instance_of,Q4830453,business,2026-04-10 08:14:08.375809
9508,JLL,Q1703389,instance_of,Q891723,public company,2026-04-10 08:14:08.375809
9509,JLL,Q1703389,instance_of,Q4830453,business,2026-04-10 08:14:08.375809
9510,JLL,Q1703389,instance_of,Q6881511,enterprise,2026-04-10 08:14:08.375809
9511,KFY,Q1728446,instance_of,Q891723,public company,2026-04-10 08:14:08.375809
9512,KFY,Q1728446,instance_of,Q4830453,business,2026-04-10 08:14:08.375809
9513,KFY,Q1728446,instance_of,Q6881511,enterprise,2026-04-10 08:14:08.375809
9514,KFY,Q1728446,instance_of,Q63349565,executive search firm,2026-04-10 08:14:08.375809
9515,JBL,Q2171646,instance_of,Q891723,public company,2026-04-10 08:14:08.375809
9516,JBL,Q2171646,instance_of,Q4830453,business,2026-04-10 08:14:08.375809
9517,JBL,Q2171646,instance_of,Q6881511,enterprise,2026-04-10 08:14:08.375809
9518,J,Q3157622,instance_of,Q891723,public company,2026-04-10 08:14:08.375809
9519,J,Q3157622,instance_of,Q4830453,business,2026-04-10 08:14:08.375809
9520,J,Q3157622,instance_of,Q6881511,enterprise,2026-04-10 08:14:08.375809
9521,IRS,Q6060469,instance_of,Q891723,public company,2026-04-10 08:14:08.375809
9522,IRS,Q6060469,instance_of,Q4830453,business,2026-04-10 08:14:08.375809
9523,JOE,Q7588561,instance_of,Q891723,public company,2026-04-10 08:14:08.375809
9524,JOE,Q7588561,instance_of,Q4830453,business,2026-04-10 08:14:08.375809
9525,INGR,Q8273105,instance_of,Q891723,public company,2026-04-10 08:14:08.375809
9526,INGR,Q8273105,instance_of,Q4830453,business,2026-04-10 08:14:08.375809
9527,KAI,Q16980871,instance_of,Q891723,public company,2026-04-10 08:14:08.375809
9528,KAI,Q16980871,instance_of,Q4830453,business,2026-04-10 08:14:08.375809
9529,ITGR,Q30297996,instance_of,Q4830453,business,2026-04-10 08:14:08.375809
9530,IONQ,Q47462183,instance_of,Q891723,public company,2026-04-10 08:14:08.375809
9531,IONQ,Q47462183,instance_of,Q4830453,business,2026-04-10 08:14:08.375809
9532,JOBY,Q54933259,instance_of,Q783794,company,2026-04-10 08:14:08.375809
9533,JILL,Q64448268,instance_of,Q891723,public company,2026-04-10 08:14:08.375809
9534,JILL,Q64448268,instance_of,Q4830453,business,2026-04-10 08:14:08.375809
9535,INVH,Q85769855,instance_of,Q697852,real estate investment trust,2026-04-10 08:14:08.375809
9536,INVH,Q85769855,instance_of,Q891723,public company,2026-04-10 08:14:08.375809
9537,INVH,Q85769855,instance_of,Q4830453,business,2026-04-10 08:14:08.375809
9538,KD,Q106581385,instance_of,Q891723,public company,2026-04-10 08:14:08.375809
9539,KD,Q106581385,instance_of,Q6881511,enterprise,2026-04-10 08:14:08.375809
9540,JPM,Q192314,part_of,Q180816,Dow Jones Industrial Average,2026-04-10 08:14:08.375809
9541,JPM,Q192314,part_of,Q242345,S&P 500,2026-04-10 08:14:08.375809
9542,JPM,Q192314,part_of,Q773026,Dow Jones Global Titans 50,2026-04-10 08:14:08.375809
9543,JPM,Q192314,part_of,Q1134743,Forbes Global 2000,2026-04-10 08:14:08.375809
9544,JPM,Q192314,part_of,Q1546793,S&P 100,2026-04-10 08:14:08.375809
9545,JPM,Q192314,part_of,Q43423468,hedge fund manager,2026-04-10 08:14:08.375809
9546,IQV,Q305473,part_of,Q242345,S&P 500,2026-04-10 08:14:08.375809
9549,JNJ,Q333718,part_of,Q180816,Dow Jones Industrial Average,2026-04-10 08:14:08.375809
9550,JNJ,Q333718,part_of,Q242345,S&P 500,2026-04-10 08:14:08.375809
9551,JNJ,Q333718,part_of,Q773026,Dow Jones Global Titans 50,2026-04-10 08:14:08.375809
9552,JNJ,Q333718,part_of,Q1546793,S&P 100,2026-04-10 08:14:08.375809
9553,IVZ,Q522617,part_of,Q242345,S&P 500,2026-04-10 08:14:08.375809
9556,ITW,Q1510378,part_of,Q242345,S&P 500,2026-04-10 08:14:08.375809
9558,IRM,Q1673079,part_of,Q242345,S&P 500,2026-04-10 08:14:08.375809
9559,JLL,Q1703389,part_of,Q65943083,Big 4 Commercial Real Estate,2026-04-10 08:14:08.375809
9561,JBL,Q2171646,part_of,Q242345,S&P 500,2026-04-10 08:14:08.375809
9562,J,Q3157622,part_of,Q242345,S&P 500,2026-04-10 08:14:08.375809
9566,KAI,Q16980871,part_of,Q1969854,Natur-Aktien-Index,2026-04-10 08:14:08.375809
9573,JPM,Q192314,owned_by,BLK,BlackRock,2026-04-10 08:14:08.375809
9578,JNJ,Q333718,owned_by,BLK,BlackRock,2026-04-10 08:14:08.375809
9580,JNJ,Q333718,owned_by,STT,State Street Corporation,2026-04-10 08:14:08.375809
9697,KO,Q3295867,subsidiaries,COKE,nan,2026-04-10 08:14:08.375809
9702,KO,Q3295867,subsidiaries,CCEP.AS,nan,2026-04-10 08:14:08.375809
9738,L,Q826526,investments,CNA,nan,2026-04-10 08:14:08.375809
9798,KR,Q153417,products,Q16766413,big-box store,2026-04-10 08:14:08.375809
9799,LII,Q224751,products,Q1798773,"heating, ventilation, and air conditioning",2026-04-10 08:14:08.375809
9800,KT,Q485908,products,Q349,sport,2026-04-10 08:14:08.375809
9801,KT,Q485908,products,Q7397,software,2026-04-10 08:14:08.375809
9802,KT,Q485908,products,Q8434,education,2026-04-10 08:14:08.375809
9803,KT,Q485908,products,Q11035,telephone,2026-04-10 08:14:08.375809
9804,KT,Q485908,products,Q121359,infrastructure,2026-04-10 08:14:08.375809
9805,KT,Q485908,products,Q161380,credit card,2026-04-10 08:14:08.375809
9806,KT,Q485908,products,Q173799,entertainment,2026-04-10 08:14:08.375809
9807,KT,Q485908,products,Q202255,digital television,2026-04-10 08:14:08.375809
9808,KT,Q485908,products,Q684740,real property,2026-04-10 08:14:08.375809
9809,KT,Q485908,products,Q12746906,internet services technology,2026-04-10 08:14:08.375809
9810,KEP,Q486737,products,Q12725,electricity,2026-04-10 08:14:08.375809
9812,LAZ,Q637440,products,Q837171,financial services,2026-04-10 08:14:08.375809
9813,LAZ,Q637440,products,Q873442,asset management,2026-04-10 08:14:08.375809
9814,LAZ,Q637440,products,Q11833245,investment banking,2026-04-10 08:14:08.375809
9815,L,Q826526,products,Q43183,insurance,2026-04-10 08:14:08.375809
9819,KEY,Q1740314,products,Q22687,bank,2026-04-10 08:14:08.375809
9820,KOP,Q1784126,products,Q123513313,coal tar pitch,2026-04-10 08:14:08.375809
9821,KO,Q3295867,products,Q154,alcoholic beverage,2026-04-10 08:14:08.375809
9822,KO,Q3295867,products,Q2813,Coca-Cola,2026-04-10 08:14:08.375809
9823,KO,Q3295867,products,Q147538,soft drink,2026-04-10 08:14:08.375809
9824,KO,Q3295867,products,Q206978,Sprite,2026-04-10 08:14:08.375809
9825,KO,Q3295867,products,Q1815345,Diet Coke,2026-04-10 08:14:08.375809
9826,KO,Q3295867,products,Q2647467,non-alcoholic beverage,2026-04-10 08:14:08.375809
9827,KO,Q3295867,products,Q125972107,Fanta Orange,2026-04-10 08:14:08.375809
9832,LC,Q6522340,products,Q592614,peer-to-peer lending,2026-04-10 08:14:08.375809
9833,LAD,Q6647881,products,Q1420,car,2026-04-10 08:14:08.375809
9838,KVYO,Q106631196,products,Q1155133,email marketing,2026-04-10 08:14:08.375809
9839,KVYO,Q106631196,products,Q1539329,mobile marketing,2026-04-10 08:14:08.375809
9840,KVYO,Q106631196,products,Q48997925,Customer data platform,2026-04-10 08:14:08.375809
9892,KR,Q153417,instance_of,Q891723,public company,2026-04-10 08:14:08.375809
9893,KR,Q153417,instance_of,Q4830453,business,2026-04-10 08:14:08.375809
9894,KR,Q153417,instance_of,Q6881511,enterprise,2026-04-10 08:14:08.375809
9895,KR,Q153417,instance_of,Q18043413,supermarket chain,2026-04-10 08:14:08.375809
9896,KR,Q153417,instance_of,Q64027599,gas station chain,2026-04-10 08:14:08.375809
9897,LII,Q224751,instance_of,Q891723,public company,2026-04-10 08:14:08.375809
9898,LII,Q224751,instance_of,Q4830453,business,2026-04-10 08:14:08.375809
9899,LII,Q224751,instance_of,Q6881511,enterprise,2026-04-10 08:14:08.375809
9900,KT,Q485908,instance_of,Q891723,public company,2026-04-10 08:14:08.375809
9901,KT,Q485908,instance_of,Q4830453,business,2026-04-10 08:14:08.375809
9902,KT,Q485908,instance_of,Q6881511,enterprise,2026-04-10 08:14:08.375809
9903,KEP,Q486737,instance_of,Q891723,public company,2026-04-10 08:14:08.375809
9904,KEP,Q486737,instance_of,Q4830453,business,2026-04-10 08:14:08.375809
9905,KEP,Q486737,instance_of,Q12603989,market-type public enterprise,2026-04-10 08:14:08.375809
9906,KBR,Q596499,instance_of,Q891723,public company,2026-04-10 08:14:08.375809
9907,KBR,Q596499,instance_of,Q1057214,private military company,2026-04-10 08:14:08.375809
9908,LAZ,Q637440,instance_of,Q730038,credit institution,2026-04-10 08:14:08.375809
9909,LAZ,Q637440,instance_of,Q891723,public company,2026-04-10 08:14:08.375809
9910,LAZ,Q637440,instance_of,Q4830453,business,2026-04-10 08:14:08.375809
9911,L,Q826526,instance_of,Q891723,public company,2026-04-10 08:14:08.375809
9912,L,Q826526,instance_of,Q4830453,business,2026-04-10 08:14:08.375809
9913,KMI,Q931032,instance_of,Q891723,public company,2026-04-10 08:14:08.375809
9914,KMI,Q931032,instance_of,Q4830453,business,2026-04-10 08:14:08.375809
9915,KMI,Q931032,instance_of,Q6881511,enterprise,2026-04-10 08:14:08.375809
9916,KSS,Q967265,instance_of,Q891723,public company,2026-04-10 08:14:08.375809
9917,KSS,Q967265,instance_of,Q2549179,department store chain,2026-04-10 08:14:08.375809
9918,KSS,Q967265,instance_of,Q4830453,business,2026-04-10 08:14:08.375809
9919,KKR,Q1570773,instance_of,Q1752459,investment company,2026-04-10 08:14:08.375809
9920,KKR,Q1570773,instance_of,Q3591545,financial services company,2026-04-10 08:14:08.375809
9921,KKR,Q1570773,instance_of,Q4230006,asset management company,2026-04-10 08:14:08.375809
9922,KKR,Q1570773,instance_of,Q4830453,business,2026-04-10 08:14:08.375809
9923,KKR,Q1570773,instance_of,Q5418962,private equity firm,2026-04-10 08:14:08.375809
9924,KEY,Q1740314,instance_of,Q22687,bank,2026-04-10 08:14:08.375809
9925,KEY,Q1740314,instance_of,Q650241,financial institution,2026-04-10 08:14:08.375809
9926,KEY,Q1740314,instance_of,Q730038,credit institution,2026-04-10 08:14:08.375809
9927,KEY,Q1740314,instance_of,Q891723,public company,2026-04-10 08:14:08.375809
9928,KEY,Q1740314,instance_of,Q4830453,business,2026-04-10 08:14:08.375809
9929,KEY,Q1740314,instance_of,Q6881511,enterprise,2026-04-10 08:14:08.375809
9930,KOP,Q1784126,instance_of,Q43229,organization,2026-04-10 08:14:08.375809
9931,KOP,Q1784126,instance_of,Q219577,holding company,2026-04-10 08:14:08.375809
9932,KOP,Q1784126,instance_of,Q891723,public company,2026-04-10 08:14:08.375809
9933,KOP,Q1784126,instance_of,Q4830453,business,2026-04-10 08:14:08.375809
9934,KO,Q3295867,instance_of,Q219577,holding company,2026-04-10 08:14:08.375809
9935,KO,Q3295867,instance_of,Q891723,public company,2026-04-10 08:14:08.375809
9936,KO,Q3295867,instance_of,Q1252971,food manufacturer,2026-04-10 08:14:08.375809
9937,KBH,Q6326486,instance_of,Q891723,public company,2026-04-10 08:14:08.375809
9938,KBH,Q6326486,instance_of,Q4830453,business,2026-04-10 08:14:08.375809
9939,KMT,Q6389509,instance_of,Q891723,public company,2026-04-10 08:14:08.375809
9940,KMT,Q6389509,instance_of,Q4830453,business,2026-04-10 08:14:08.375809
9941,KIM,Q6410043,instance_of,Q891723,public company,2026-04-10 08:14:08.375809
9942,KIM,Q6410043,instance_of,Q4830453,business,2026-04-10 08:14:08.375809
9943,LH,Q6466630,instance_of,Q891723,public company,2026-04-10 08:14:08.375809
9944,LH,Q6466630,instance_of,Q4830453,business,2026-04-10 08:14:08.375809
9945,LH,Q6466630,instance_of,Q6881511,enterprise,2026-04-10 08:14:08.375809
9946,LC,Q6522340,instance_of,Q891723,public company,2026-04-10 08:14:08.375809
9947,LC,Q6522340,instance_of,Q4830453,business,2026-04-10 08:14:08.375809
9948,LC,Q6522340,instance_of,Q6881511,enterprise,2026-04-10 08:14:08.375809
9949,LAD,Q6647881,instance_of,Q891723,public company,2026-04-10 08:14:08.375809
9950,LAD,Q6647881,instance_of,Q4830453,business,2026-04-10 08:14:08.375809
9951,KWR,Q16983837,instance_of,Q891723,public company,2026-04-10 08:14:08.375809
9952,KWR,Q16983837,instance_of,Q4830453,business,2026-04-10 08:14:08.375809
9953,KEYS,Q17551096,instance_of,Q783794,company,2026-04-10 08:14:08.375809
9954,KEYS,Q17551096,instance_of,Q891723,public company,2026-04-10 08:14:08.375809
9955,KEYS,Q17551096,instance_of,Q4830453,business,2026-04-10 08:14:08.375809
9956,KEYS,Q17551096,instance_of,Q6881511,enterprise,2026-04-10 08:14:08.375809
9957,KEX,Q18151094,instance_of,Q891723,public company,2026-04-10 08:14:08.375809
9958,KTB,Q96386259,instance_of,Q891723,public company,2026-04-10 08:14:08.375809
9959,KTB,Q96386259,instance_of,Q4830453,business,2026-04-10 08:14:08.375809
9960,KVYO,Q106631196,instance_of,Q43229,organization,2026-04-10 08:14:08.375809
9961,KVYO,Q106631196,instance_of,Q783794,company,2026-04-10 08:14:08.375809
9962,KVYO,Q106631196,instance_of,Q1254596,software as a service,2026-04-10 08:14:08.375809
9963,KVYO,Q106631196,instance_of,Q4830453,business,2026-04-10 08:14:08.375809
9964,KVUE,Q118905792,instance_of,Q783794,company,2026-04-10 08:14:08.375809
9965,KR,Q153417,part_of,Q242345,S&P 500,2026-04-10 08:14:08.375809
9971,L,Q826526,part_of,Q242345,S&P 500,2026-04-10 08:14:08.375809
9972,KMI,Q931032,part_of,Q242345,S&P 500,2026-04-10 08:14:08.375809
9973,KSS,Q967265,part_of,Q242345,S&P 500,2026-04-10 08:14:08.375809
9975,KEY,Q1740314,part_of,Q242345,S&P 500,2026-04-10 08:14:08.375809
9977,KO,Q3295867,part_of,Q180816,Dow Jones Industrial Average,2026-04-10 08:14:08.375809
9978,KO,Q3295867,part_of,Q242345,S&P 500,2026-04-10 08:14:08.375809
9979,KO,Q3295867,part_of,Q773026,Dow Jones Global Titans 50,2026-04-10 08:14:08.375809
9980,KO,Q3295867,part_of,Q1546793,S&P 100,2026-04-10 08:14:08.375809
9983,KIM,Q6410043,part_of,Q242345,S&P 500,2026-04-10 08:14:08.375809
9984,LH,Q6466630,part_of,Q242345,S&P 500,2026-04-10 08:14:08.375809
9988,KEYS,Q17551096,part_of,Q242345,S&P 500,2026-04-10 08:14:08.375809
10007,KO,Q3295867,owned_by,BRK.A,Berkshire Hathaway,2026-04-10 08:14:08.375809
10008,KO,Q3295867,owned_by,BLK,BlackRock,2026-04-10 08:14:08.375809
10009,KO,Q3295867,owned_by,MS,Morgan Stanley,2026-04-10 08:14:08.375809
10012,KO,Q3295867,owned_by,SCHW,Charles Schwab Corporation,2026-04-10 08:14:08.375809
10014,KO,Q3295867,owned_by,STT,State Street Corporation,2026-04-10 08:14:08.375809
10195,LMT,Q7240,products,Q204563,zinc–bromine battery,2026-04-10 08:14:08.375809
10196,LEVI,Q127962,products,Q83363,jeans,2026-04-10 08:14:08.375809
10197,LEVI,Q127962,products,Q652698,denim,2026-04-10 08:14:08.375809
10198,MA,Q489921,products,Q13499,debit card,2026-04-10 08:14:08.375809
10199,MA,Q489921,products,Q161380,credit card,2026-04-10 08:14:08.375809
10200,MA,Q489921,products,Q1093128,Mastercard Cirrus ICR,2026-04-10 08:14:08.375809
10204,LLY,Q632240,products,Q12140,medication,2026-04-10 08:14:08.375809
10206,LOW,Q1373493,products,Q212920,home appliance,2026-04-10 08:14:08.375809
10207,LVS,Q1506045,products,Q875157,resort,2026-04-10 08:14:08.375809
10217,MAA,Q27988239,products,Q188507,apartment,2026-04-10 08:14:08.375809
10219,LMND,Q37019245,products,Q2064047,home insurance,2026-04-10 08:14:08.375809
10222,LVWR,Q110761625,products,Q1327077,electric motorcycle,2026-04-10 08:14:08.375809
10273,LMT,Q7240,instance_of,Q891723,public company,2026-04-10 08:14:08.375809
10274,LMT,Q7240,instance_of,Q1934969,defense contractor,2026-04-10 08:14:08.375809
10275,LEVI,Q127962,instance_of,Q507619,retail chain,2026-04-10 08:14:08.375809
10276,LEVI,Q127962,instance_of,Q726870,brick and mortar,2026-04-10 08:14:08.375809
10277,LEVI,Q127962,instance_of,Q891723,public company,2026-04-10 08:14:08.375809
10278,LEVI,Q127962,instance_of,Q4830453,business,2026-04-10 08:14:08.375809
10279,LEVI,Q127962,instance_of,Q6881511,enterprise,2026-04-10 08:14:08.375809
10280,MA,Q489921,instance_of,Q43229,organization,2026-04-10 08:14:08.375809
10281,MA,Q489921,instance_of,Q891723,public company,2026-04-10 08:14:08.375809
10282,MA,Q489921,instance_of,Q986008,payment system,2026-04-10 08:14:08.375809
10283,MA,Q489921,instance_of,Q4830453,business,2026-04-10 08:14:08.375809
10284,MA,Q489921,instance_of,Q5038204,card association,2026-04-10 08:14:08.375809
10285,MA,Q489921,instance_of,Q6881511,enterprise,2026-04-10 08:14:08.375809
10286,LDOS,Q502132,instance_of,Q891723,public company,2026-04-10 08:14:08.375809
10287,LDOS,Q502132,instance_of,Q4830453,business,2026-04-10 08:14:08.375809
10288,LDOS,Q502132,instance_of,Q6881511,enterprise,2026-04-10 08:14:08.375809
10289,LEA,Q502344,instance_of,Q891723,public company,2026-04-10 08:14:08.375809
10290,LEA,Q502344,instance_of,Q4830453,business,2026-04-10 08:14:08.375809
10291,LUV,Q503308,instance_of,Q46970,airline,2026-04-10 08:14:08.375809
10292,LUV,Q503308,instance_of,Q891723,public company,2026-04-10 08:14:08.375809
10293,LUV,Q503308,instance_of,Q4830453,business,2026-04-10 08:14:08.375809
10294,LLY,Q632240,instance_of,Q43229,organization,2026-04-10 08:14:08.375809
10295,LLY,Q632240,instance_of,Q891723,public company,2026-04-10 08:14:08.375809
10296,LLY,Q632240,instance_of,Q4830453,business,2026-04-10 08:14:08.375809
10297,LLY,Q632240,instance_of,Q19644607,pharmaceutical company,2026-04-10 08:14:08.375809
10298,LYV,Q1061903,instance_of,Q18127,record label,2026-04-10 08:14:08.375809
10299,LYV,Q1061903,instance_of,Q891723,public company,2026-04-10 08:14:08.375809
10300,LYV,Q1061903,instance_of,Q20739124,entertainment company,2026-04-10 08:14:08.375809
10301,LOW,Q1373493,instance_of,Q891723,public company,2026-04-10 08:14:08.375809
10302,LOW,Q1373493,instance_of,Q27970162,hardware store chain,2026-04-10 08:14:08.375809
10303,LVS,Q1506045,instance_of,Q891723,public company,2026-04-10 08:14:08.375809
10304,LVS,Q1506045,instance_of,Q4830453,business,2026-04-10 08:14:08.375809
10305,LVS,Q1506045,instance_of,Q6881511,enterprise,2026-04-10 08:14:08.375809
10306,LEG,Q1812555,instance_of,Q891723,public company,2026-04-10 08:14:08.375809
10307,LEG,Q1812555,instance_of,Q4830453,business,2026-04-10 08:14:08.375809
10308,LNC,Q1825763,instance_of,Q219577,holding company,2026-04-10 08:14:08.375809
10309,LNC,Q1825763,instance_of,Q891723,public company,2026-04-10 08:14:08.375809
10310,LNC,Q1825763,instance_of,Q4830453,business,2026-04-10 08:14:08.375809
10311,LW,Q3216600,instance_of,Q891723,public company,2026-04-10 08:14:08.375809
10312,LW,Q3216600,instance_of,Q4830453,business,2026-04-10 08:14:08.375809
10313,M,Q5479360,instance_of,Q219577,holding company,2026-04-10 08:14:08.375809
10314,M,Q5479360,instance_of,Q891723,public company,2026-04-10 08:14:08.375809
10315,M,Q5479360,instance_of,Q4830453,business,2026-04-10 08:14:08.375809
10316,LZB,Q6391583,instance_of,Q891723,public company,2026-04-10 08:14:08.375809
10317,LZB,Q6391583,instance_of,Q4830453,business,2026-04-10 08:14:08.375809
10318,LTM,Q6545004,instance_of,Q891723,public company,2026-04-10 08:14:08.375809
10319,LTM,Q6545004,instance_of,Q1065656,health club,2026-04-10 08:14:08.375809
10320,LTM,Q6545004,instance_of,Q4830453,business,2026-04-10 08:14:08.375809
10321,LNN,Q6552749,instance_of,Q891723,public company,2026-04-10 08:14:08.375809
10322,LNN,Q6552749,instance_of,Q4830453,business,2026-04-10 08:14:08.375809
10323,MAC,Q6723256,instance_of,Q891723,public company,2026-04-10 08:14:08.375809
10324,MAC,Q6723256,instance_of,Q4830453,business,2026-04-10 08:14:08.375809
10325,LEN,Q16981175,instance_of,Q891723,public company,2026-04-10 08:14:08.375809
10326,LEN,Q16981175,instance_of,Q4830453,business,2026-04-10 08:14:08.375809
10327,MAA,Q27988239,instance_of,Q697852,real estate investment trust,2026-04-10 08:14:08.375809
10328,MAA,Q27988239,instance_of,Q783794,company,2026-04-10 08:14:08.375809
10329,MAA,Q27988239,instance_of,Q891723,public company,2026-04-10 08:14:08.375809
10330,MAA,Q27988239,instance_of,Q1660104,real estate company,2026-04-10 08:14:08.375809
10331,MAA,Q27988239,instance_of,Q6881511,enterprise,2026-04-10 08:14:08.375809
10332,LHX,Q30291091,instance_of,Q891723,public company,2026-04-10 08:14:08.375809
10333,LHX,Q30291091,instance_of,Q4830453,business,2026-04-10 08:14:08.375809
10334,LMND,Q37019245,instance_of,Q891723,public company,2026-04-10 08:14:08.375809
10335,LMND,Q37019245,instance_of,Q2143354,insurance company,2026-04-10 08:14:08.375809
10336,LDI,Q65117079,instance_of,Q891723,public company,2026-04-10 08:14:08.375809
10337,LDI,Q65117079,instance_of,Q4830453,business,2026-04-10 08:14:08.375809
10338,LCTX,Q96482392,instance_of,Q891723,public company,2026-04-10 08:14:08.375809
10339,LCTX,Q96482392,instance_of,Q4830453,business,2026-04-10 08:14:08.375809
10340,LCTX,Q96482392,instance_of,Q6881511,enterprise,2026-04-10 08:14:08.375809
10341,LVWR,Q110761625,instance_of,Q783794,company,2026-04-10 08:14:08.375809
10342,LVWR,Q110761625,instance_of,Q891723,public company,2026-04-10 08:14:08.375809
10343,LMT,Q7240,part_of,Q242345,S&P 500,2026-04-10 08:14:08.375809
10344,LMT,Q7240,part_of,Q1546793,S&P 100,2026-04-10 08:14:08.375809
10345,LMT,Q7240,part_of,Q134661623,list of companies involved in the Gaza war,2026-04-10 08:14:08.375809
10347,MA,Q489921,part_of,Q242345,S&P 500,2026-04-10 08:14:08.375809
10348,MA,Q489921,part_of,Q773026,Dow Jones Global Titans 50,2026-04-10 08:14:08.375809
10349,MA,Q489921,part_of,Q1546793,S&P 100,2026-04-10 08:14:08.375809
10350,LDOS,Q502132,part_of,Q242345,S&P 500,2026-04-10 08:14:08.375809
10352,LUV,Q503308,part_of,Q242345,S&P 500,2026-04-10 08:14:08.375809
10353,LLY,Q632240,part_of,Q242345,S&P 500,2026-04-10 08:14:08.375809
10354,LLY,Q632240,part_of,Q1546793,S&P 100,2026-04-10 08:14:08.375809
10355,LYV,Q1061903,part_of,Q242345,S&P 500,2026-04-10 08:14:08.375809
10356,LOW,Q1373493,part_of,Q242345,S&P 500,2026-04-10 08:14:08.375809
10357,LOW,Q1373493,part_of,Q1546793,S&P 100,2026-04-10 08:14:08.375809
10358,LVS,Q1506045,part_of,Q242345,S&P 500,2026-04-10 08:14:08.375809
10359,LEG,Q1812555,part_of,Q242345,S&P 500,2026-04-10 08:14:08.375809
10360,LNC,Q1825763,part_of,Q242345,S&P 500,2026-04-10 08:14:08.375809
10361,LW,Q3216600,part_of,Q242345,S&P 500,2026-04-10 08:14:08.375809
10362,M,Q5479360,part_of,Q242345,S&P 500,2026-04-10 08:14:08.375809
10367,LEN,Q16981175,part_of,Q242345,S&P 500,2026-04-10 08:14:08.375809
10368,MAA,Q27988239,part_of,Q242345,S&P 500,2026-04-10 08:14:08.375809
10369,LHX,Q30291091,part_of,Q242345,S&P 500,2026-04-10 08:14:08.375809
10374,LMT,Q7240,owned_by,BLK,BlackRock,2026-04-10 08:14:08.375809
10376,LMT,Q7240,owned_by,STT,State Street Corporation,2026-04-10 08:14:08.375809
10390,M,Q5479360,owned_by,AMG,Affiliated Managers Group,2026-04-10 08:14:08.375809
10391,M,Q5479360,owned_by,AIG,American International Group,2026-04-10 08:14:08.375809
10469,MET,Q607131,subsidiaries,RGA,nan,2026-04-10 08:14:08.375809
10570,MCD,Q38076,products,Q81799,fast food,2026-04-10 08:14:08.375809
10571,MGM,Q568532,products,Q133215,casino,2026-04-10 08:14:08.375809
10572,MCK,Q570473,products,Q12140,medication,2026-04-10 08:14:08.375809
10573,MET,Q607131,products,Q43183,insurance,2026-04-10 08:14:08.375809
10577,MFC,Q1652574,products,Q43183,insurance,2026-04-10 08:14:08.375809
10578,LPX,Q1872227,products,Q206615,building material,2026-04-10 08:14:08.375809
10582,MGF,Q6715642,products,Q791974,mutual fund,2026-04-10 08:14:08.375809
10586,MEG,Q6805492,products,Q289,television,2026-04-10 08:14:08.375809
10588,MC,Q16953039,products,Q319845,investment bank,2026-04-10 08:14:08.375809
10591,MEI,Q18151484,products,Q11653,electronic component,2026-04-10 08:14:08.375809
10593,MIR,Q30298277,products,Q134607605,ADM-300,2026-04-10 08:14:08.375809
10645,MCD,Q38076,instance_of,Q43229,organization,2026-04-10 08:14:08.375809
10646,MCD,Q38076,instance_of,Q167270,trademark,2026-04-10 08:14:08.375809
10647,MCD,Q38076,instance_of,Q891723,public company,2026-04-10 08:14:08.375809
10648,MCD,Q38076,instance_of,Q4830453,business,2026-04-10 08:14:08.375809
10649,MCD,Q38076,instance_of,Q18509232,fast food restaurant chain,2026-04-10 08:14:08.375809
10650,MGM,Q568532,instance_of,Q891723,public company,2026-04-10 08:14:08.375809
10651,MCK,Q570473,instance_of,Q891723,public company,2026-04-10 08:14:08.375809
10652,MCK,Q570473,instance_of,Q4830453,business,2026-04-10 08:14:08.375809
10653,MCK,Q570473,instance_of,Q6881511,enterprise,2026-04-10 08:14:08.375809
10654,MET,Q607131,instance_of,Q891723,public company,2026-04-10 08:14:08.375809
10655,MET,Q607131,instance_of,Q4830453,business,2026-04-10 08:14:08.375809
10656,MCO,Q675585,instance_of,Q6881511,enterprise,2026-04-10 08:14:08.375809
10657,MBI,Q1371852,instance_of,Q891723,public company,2026-04-10 08:14:08.375809
10658,MBI,Q1371852,instance_of,Q4830453,business,2026-04-10 08:14:08.375809
10659,MAN,Q1472539,instance_of,Q59545,temporary work agency,2026-04-10 08:14:08.375809
10660,MAN,Q1472539,instance_of,Q891723,public company,2026-04-10 08:14:08.375809
10661,MAN,Q1472539,instance_of,Q4830453,business,2026-04-10 08:14:08.375809
10662,MAN,Q1472539,instance_of,Q6881511,enterprise,2026-04-10 08:14:08.375809
10663,MFC,Q1652574,instance_of,Q891723,public company,2026-04-10 08:14:08.375809
10664,MFC,Q1652574,instance_of,Q4830453,business,2026-04-10 08:14:08.375809
10665,LPX,Q1872227,instance_of,Q891723,public company,2026-04-10 08:14:08.375809
10666,LPX,Q1872227,instance_of,Q4830453,business,2026-04-10 08:14:08.375809
10667,LUMN,Q5063092,instance_of,Q891723,public company,2026-04-10 08:14:08.375809
10668,LRN,Q6324302,instance_of,Q891723,public company,2026-04-10 08:14:08.375809
10669,LRN,Q6324302,instance_of,Q4830453,business,2026-04-10 08:14:08.375809
10670,MDU,Q6715200,instance_of,Q891723,public company,2026-04-10 08:14:08.375809
10671,MDU,Q6715200,instance_of,Q4830453,business,2026-04-10 08:14:08.375809
10672,MGF,Q6715642,instance_of,Q4830453,business,2026-04-10 08:14:08.375809
10673,MCS,Q6758107,instance_of,Q891723,public company,2026-04-10 08:14:08.375809
10674,MCS,Q6758107,instance_of,Q4830453,business,2026-04-10 08:14:08.375809
10675,MAS,Q6782872,instance_of,Q891723,public company,2026-04-10 08:14:08.375809
10676,MAS,Q6782872,instance_of,Q4830453,business,2026-04-10 08:14:08.375809
10677,MATX,Q6787989,instance_of,Q891723,public company,2026-04-10 08:14:08.375809
10678,MATX,Q6787989,instance_of,Q4830453,business,2026-04-10 08:14:08.375809
10679,MEG,Q6805492,instance_of,Q43229,organization,2026-04-10 08:14:08.375809
10680,MEG,Q6805492,instance_of,Q891723,public company,2026-04-10 08:14:08.375809
10681,MEG,Q6805492,instance_of,Q4830453,business,2026-04-10 08:14:08.375809
10682,MED,Q6806861,instance_of,Q891723,public company,2026-04-10 08:14:08.375809
10683,MED,Q6806861,instance_of,Q29643579,multi-level marketing company,2026-04-10 08:14:08.375809
10684,MC,Q16953039,instance_of,Q319845,investment bank,2026-04-10 08:14:08.375809
10685,MC,Q16953039,instance_of,Q891723,public company,2026-04-10 08:14:08.375809
10686,MD,Q16981865,instance_of,Q891723,public company,2026-04-10 08:14:08.375809
10687,MD,Q16981865,instance_of,Q4830453,business,2026-04-10 08:14:08.375809
10688,MCY,Q16981897,instance_of,Q891723,public company,2026-04-10 08:14:08.375809
10689,MCY,Q16981897,instance_of,Q4830453,business,2026-04-10 08:14:08.375809
10690,MEI,Q18151484,instance_of,Q891723,public company,2026-04-10 08:14:08.375809
10691,MEI,Q18151484,instance_of,Q4830453,business,2026-04-10 08:14:08.375809
10692,MAIN,Q22674048,instance_of,Q4830453,business,2026-04-10 08:14:08.375809
10693,MIR,Q30298277,instance_of,Q43229,organization,2026-04-10 08:14:08.375809
10694,MIR,Q30298277,instance_of,Q83405,factory,2026-04-10 08:14:08.375809
10695,MIR,Q30298277,instance_of,Q4830453,business,2026-04-10 08:14:08.375809
10696,MIR,Q30298277,instance_of,Q6881511,enterprise,2026-04-10 08:14:08.375809
10697,MHH,Q52876645,instance_of,Q891723,public company,2026-04-10 08:14:08.375809
10698,MHH,Q52876645,instance_of,Q4830453,business,2026-04-10 08:14:08.375809
10699,MCD,Q38076,part_of,Q180816,Dow Jones Industrial Average,2026-04-10 08:14:08.375809
10700,MCD,Q38076,part_of,Q242345,S&P 500,2026-04-10 08:14:08.375809
10701,MCD,Q38076,part_of,Q1546793,S&P 100,2026-04-10 08:14:08.375809
10702,MGM,Q568532,part_of,Q242345,S&P 500,2026-04-10 08:14:08.375809
10703,MCK,Q570473,part_of,Q242345,S&P 500,2026-04-10 08:14:08.375809
10704,MET,Q607131,part_of,Q242345,S&P 500,2026-04-10 08:14:08.375809
10705,MET,Q607131,part_of,Q1546793,S&P 100,2026-04-10 08:14:08.375809
10706,MCO,Q675585,part_of,Q242345,S&P 500,2026-04-10 08:14:08.375809
10711,LUMN,Q5063092,part_of,Q242345,S&P 500,2026-04-10 08:14:08.375809
10716,MAS,Q6782872,part_of,Q242345,S&P 500,2026-04-10 08:14:08.375809
10727,MCD,Q38076,owned_by,BLK,BlackRock,2026-04-10 08:14:08.375809
10729,MCD,Q38076,owned_by,STT,State Street Corporation,2026-04-10 08:14:08.375809
10735,MCO,Q675585,owned_by,BRK.A,Berkshire Hathaway,2026-04-10 08:14:08.375809
10815,MRK,Q247489,subsidiaries,OGN,nan,2026-04-10 08:14:08.375809
10927,MRK,Q247489,products,Q2643555,Gardasil,2026-04-10 08:14:08.375809
10928,MS,Q334204,products,Q319845,investment bank,2026-04-10 08:14:08.375809
10931,MMI,Q934853,products,Q289,television,2026-04-10 08:14:08.375809
10932,MMI,Q934853,products,Q22645,smartphone,2026-04-10 08:14:08.375809
10933,MMI,Q934853,products,Q5362345,smartwatch,2026-04-10 08:14:08.375809
10934,MOV,Q939816,products,Q178794,watch,2026-04-10 08:14:08.375809
10935,MKC,Q1915049,products,Q42527,spice,2026-04-10 08:14:08.375809
10936,MSA,Q3009498,products,Q754396,gas mask,2026-04-10 08:14:08.375809
10937,MSA,Q3009498,products,Q1333024,personal protective equipment,2026-04-10 08:14:08.375809
10938,MSA,Q3009498,products,Q5422725,eye protection,2026-04-10 08:14:08.375809
10939,MSA,Q3009498,products,Q13405515,hearing protection,2026-04-10 08:14:08.375809
10940,MTB,Q3272257,products,Q1548025,retail banking,2026-04-10 08:14:08.375809
10948,MOH,Q6896175,products,Q334911,health insurance,2026-04-10 08:14:08.375809
10950,MOS,Q7752327,products,Q4118,sulfuric acid,2026-04-10 08:14:08.375809
11006,MMM,Q159433,instance_of,Q778575,conglomerate,2026-04-10 08:14:08.375809
11007,MMM,Q159433,instance_of,Q891723,public company,2026-04-10 08:14:08.375809
11008,MMM,Q159433,instance_of,Q4830453,business,2026-04-10 08:14:08.375809
11009,MRK,Q247489,instance_of,Q891723,public company,2026-04-10 08:14:08.375809
11010,MRK,Q247489,instance_of,Q4830453,business,2026-04-10 08:14:08.375809
11011,MRK,Q247489,instance_of,Q6881511,enterprise,2026-04-10 08:14:08.375809
11012,MRK,Q247489,instance_of,Q19644607,pharmaceutical company,2026-04-10 08:14:08.375809
11013,MS,Q334204,instance_of,Q22687,bank,2026-04-10 08:14:08.375809
11014,MS,Q334204,instance_of,Q730038,credit institution,2026-04-10 08:14:08.375809
11015,MS,Q334204,instance_of,Q891723,public company,2026-04-10 08:14:08.375809
11016,MS,Q334204,instance_of,Q4830453,business,2026-04-10 08:14:08.375809
11017,MS,Q334204,instance_of,Q6881511,enterprise,2026-04-10 08:14:08.375809
11018,MPC,Q458363,instance_of,Q891723,public company,2026-04-10 08:14:08.375809
11019,MPC,Q458363,instance_of,Q4830453,business,2026-04-10 08:14:08.375809
11020,MPC,Q458363,instance_of,Q64027599,gas station chain,2026-04-10 08:14:08.375809
11021,MGA,Q697311,instance_of,Q891723,public company,2026-04-10 08:14:08.375809
11022,MGA,Q697311,instance_of,Q4830453,business,2026-04-10 08:14:08.375809
11023,MMI,Q934853,instance_of,Q161726,multinational corporation,2026-04-10 08:14:08.375809
11024,MMI,Q934853,instance_of,Q4830453,business,2026-04-10 08:14:08.375809
11025,MMI,Q934853,instance_of,Q6881511,enterprise,2026-04-10 08:14:08.375809
11026,MOV,Q939816,instance_of,Q891723,public company,2026-04-10 08:14:08.375809
11027,MOV,Q939816,instance_of,Q4830453,business,2026-04-10 08:14:08.375809
11028,MKC,Q1915049,instance_of,Q891723,public company,2026-04-10 08:14:08.375809
11029,MKC,Q1915049,instance_of,Q4830453,business,2026-04-10 08:14:08.375809
11030,MKC,Q1915049,instance_of,Q6881511,enterprise,2026-04-10 08:14:08.375809
11031,MSA,Q3009498,instance_of,Q891723,public company,2026-04-10 08:14:08.375809
11032,MSA,Q3009498,instance_of,Q4830453,business,2026-04-10 08:14:08.375809
11033,MTB,Q3272257,instance_of,Q22687,bank,2026-04-10 08:14:08.375809
11034,MTB,Q3272257,instance_of,Q650241,financial institution,2026-04-10 08:14:08.375809
11035,MTB,Q3272257,instance_of,Q891723,public company,2026-04-10 08:14:08.375809
11036,MTB,Q3272257,instance_of,Q4830453,business,2026-04-10 08:14:08.375809
11037,MSM,Q6717732,instance_of,Q891723,public company,2026-04-10 08:14:08.375809
11038,MSM,Q6717732,instance_of,Q4830453,business,2026-04-10 08:14:08.375809
11039,MMI,Q6757974,instance_of,Q891723,public company,2026-04-10 08:14:08.375809
11040,MMI,Q6757974,instance_of,Q4830453,business,2026-04-10 08:14:08.375809
11041,MKL,Q6770621,instance_of,Q891723,public company,2026-04-10 08:14:08.375809
11042,MKL,Q6770621,instance_of,Q4830453,business,2026-04-10 08:14:08.375809
11043,MLM,Q6776123,instance_of,Q891723,public company,2026-04-10 08:14:08.375809
11044,MLM,Q6776123,instance_of,Q4830453,business,2026-04-10 08:14:08.375809
11045,MLP,Q6792378,instance_of,Q891723,public company,2026-04-10 08:14:08.375809
11046,MLP,Q6792378,instance_of,Q4830453,business,2026-04-10 08:14:08.375809
11047,MMS,Q6795931,instance_of,Q891723,public company,2026-04-10 08:14:08.375809
11048,MMS,Q6795931,instance_of,Q4830453,business,2026-04-10 08:14:08.375809
11049,MHK,Q6893780,instance_of,Q891723,public company,2026-04-10 08:14:08.375809
11050,MHK,Q6893780,instance_of,Q4830453,business,2026-04-10 08:14:08.375809
11051,MOH,Q6896175,instance_of,Q891723,public company,2026-04-10 08:14:08.375809
11052,MOH,Q6896175,instance_of,Q4830453,business,2026-04-10 08:14:08.375809
11053,MTG,Q6914636,instance_of,Q891723,public company,2026-04-10 08:14:08.375809
11054,MTG,Q6914636,instance_of,Q4830453,business,2026-04-10 08:14:08.375809
11055,MOS,Q7752327,instance_of,Q891723,public company,2026-04-10 08:14:08.375809
11056,MOS,Q7752327,instance_of,Q4830453,business,2026-04-10 08:14:08.375809
11057,MLI,Q16885315,instance_of,Q783794,company,2026-04-10 08:14:08.375809
11058,MLI,Q16885315,instance_of,Q891723,public company,2026-04-10 08:14:08.375809
11059,MTN,Q16986288,instance_of,Q891723,public company,2026-04-10 08:14:08.375809
11060,MTN,Q16986288,instance_of,Q4830453,business,2026-04-10 08:14:08.375809
11061,MLR,Q96418958,instance_of,Q891723,public company,2026-04-10 08:14:08.375809
11062,MLR,Q96418958,instance_of,Q4830453,business,2026-04-10 08:14:08.375809
11063,MHO,Q98424095,instance_of,Q891723,public company,2026-04-10 08:14:08.375809
11064,MHO,Q98424095,instance_of,Q4830453,business,2026-04-10 08:14:08.375809
11065,MP,Q105563992,instance_of,Q783794,company,2026-04-10 08:14:08.375809
11066,MP,Q105563992,instance_of,Q891723,public company,2026-04-10 08:14:08.375809
11067,MP,Q105563992,instance_of,Q4830453,business,2026-04-10 08:14:08.375809
11068,MMM,Q159433,part_of,Q180816,Dow Jones Industrial Average,2026-04-10 08:14:08.375809
11069,MMM,Q159433,part_of,Q242345,S&P 500,2026-04-10 08:14:08.375809
11070,MMM,Q159433,part_of,Q773026,Dow Jones Global Titans 50,2026-04-10 08:14:08.375809
11071,MMM,Q159433,part_of,Q1546793,S&P 100,2026-04-10 08:14:08.375809
11072,MRK,Q247489,part_of,Q180816,Dow Jones Industrial Average,2026-04-10 08:14:08.375809
11073,MRK,Q247489,part_of,Q242345,S&P 500,2026-04-10 08:14:08.375809
11074,MRK,Q247489,part_of,Q773026,Dow Jones Global Titans 50,2026-04-10 08:14:08.375809
11075,MRK,Q247489,part_of,Q1546793,S&P 100,2026-04-10 08:14:08.375809
11076,MS,Q334204,part_of,Q242345,S&P 500,2026-04-10 08:14:08.375809
11077,MS,Q334204,part_of,Q1546793,S&P 100,2026-04-10 08:14:08.375809
11078,MPC,Q458363,part_of,Q242345,S&P 500,2026-04-10 08:14:08.375809
11082,MKC,Q1915049,part_of,Q242345,S&P 500,2026-04-10 08:14:08.375809
11084,MTB,Q3272257,part_of,Q242345,S&P 500,2026-04-10 08:14:08.375809
11088,MLM,Q6776123,part_of,Q242345,S&P 500,2026-04-10 08:14:08.375809
11091,MHK,Q6893780,part_of,Q242345,S&P 500,2026-04-10 08:14:08.375809
11092,MOH,Q6896175,part_of,Q1969854,Natur-Aktien-Index,2026-04-10 08:14:08.375809
11094,MOS,Q7752327,part_of,Q242345,S&P 500,2026-04-10 08:14:08.375809
11100,MMM,Q159433,owned_by,BLK,BlackRock,2026-04-10 08:14:08.375809
11102,MMM,Q159433,owned_by,STT,State Street Corporation,2026-04-10 08:14:08.375809
11103,MRK,Q247489,owned_by,BLK,BlackRock,2026-04-10 08:14:08.375809
11105,MS,Q334204,owned_by,BLK,BlackRock,2026-04-10 08:14:08.375809
11108,MS,Q334204,owned_by,STT,State Street Corporation,2026-04-10 08:14:08.375809
11109,MS,Q334204,owned_by,TROW,T. Rowe Price,2026-04-10 08:14:08.375809
11197,MTW,Q836040,subsidiaries,MTW,nan,2026-04-10 08:14:08.375809
11297,NKE,Q483915,products,Q11460,clothing,2026-04-10 08:14:08.375809
11298,NKE,Q483915,products,Q161928,footwear,2026-04-10 08:14:08.375809
11299,NKE,Q483915,products,Q768186,sports equipment,2026-04-10 08:14:08.375809
11301,MTD,Q680186,products,Q134566,weighing scale,2026-04-10 08:14:08.375809
11302,MTD,Q680186,products,Q3099911,scientific instrument,2026-04-10 08:14:08.375809
11305,MUR,Q951259,products,Q22656,petroleum,2026-04-10 08:14:08.375809
11307,NI,Q1984481,products,Q40858,natural gas,2026-04-10 08:14:08.375809
11309,NET,Q4778915,products,Q170963,virtual private network,2026-04-10 08:14:08.375809
11310,NET,Q4778915,products,Q220499,streaming media,2026-04-10 08:14:08.375809
11311,NET,Q4778915,products,Q977772,identity management,2026-04-10 08:14:08.375809
11312,NET,Q4778915,products,Q1192309,reverse proxy,2026-04-10 08:14:08.375809
11313,NET,Q4778915,products,Q5337692,edge computing,2026-04-10 08:14:08.375809
11317,NC,Q6952158,products,Q41577,forklift,2026-04-10 08:14:08.375809
11320,NFG,Q12859164,products,Q40858,natural gas,2026-04-10 08:14:08.375809
11325,NEU,Q17562023,products,Q862571,petroleum industry,2026-04-10 08:14:08.375809
11327,NIC,Q24960003,products,Q1548025,retail banking,2026-04-10 08:14:08.375809
11379,NOC,Q329953,instance_of,Q891723,public company,2026-04-10 08:14:08.375809
11380,NOC,Q329953,instance_of,Q936518,aerospace manufacturer,2026-04-10 08:14:08.375809
11381,NOC,Q329953,instance_of,Q1934969,defense contractor,2026-04-10 08:14:08.375809
11382,NKE,Q483915,instance_of,Q891723,public company,2026-04-10 08:14:08.375809
11383,NKE,Q483915,instance_of,Q4830453,business,2026-04-10 08:14:08.375809
11384,NKE,Q483915,instance_of,Q6881511,enterprise,2026-04-10 08:14:08.375809
11385,MSI,Q634815,instance_of,Q43229,organization,2026-04-10 08:14:08.375809
11386,MSI,Q634815,instance_of,Q891723,public company,2026-04-10 08:14:08.375809
11387,MSI,Q634815,instance_of,Q4830453,business,2026-04-10 08:14:08.375809
11388,MSI,Q634815,instance_of,Q6881511,enterprise,2026-04-10 08:14:08.375809
11389,MTD,Q680186,instance_of,Q161726,multinational corporation,2026-04-10 08:14:08.375809
11390,MTD,Q680186,instance_of,Q891723,public company,2026-04-10 08:14:08.375809
11391,MSCI,Q768773,instance_of,Q891723,public company,2026-04-10 08:14:08.375809
11392,MSCI,Q768773,instance_of,Q4830453,business,2026-04-10 08:14:08.375809
11393,MTW,Q836040,instance_of,Q891723,public company,2026-04-10 08:14:08.375809
11394,MTW,Q836040,instance_of,Q4830453,business,2026-04-10 08:14:08.375809
11395,MUR,Q951259,instance_of,Q891723,public company,2026-04-10 08:14:08.375809
11396,MUR,Q951259,instance_of,Q4830453,business,2026-04-10 08:14:08.375809
11397,MUR,Q951259,instance_of,Q6881511,enterprise,2026-04-10 08:14:08.375809
11398,MUR,Q951259,instance_of,Q64027599,gas station chain,2026-04-10 08:14:08.375809
11399,NEE,Q967868,instance_of,Q891723,public company,2026-04-10 08:14:08.375809
11400,NI,Q1984481,instance_of,Q891723,public company,2026-04-10 08:14:08.375809
11401,NI,Q1984481,instance_of,Q4830453,business,2026-04-10 08:14:08.375809
11402,NI,Q1984481,instance_of,Q6881511,enterprise,2026-04-10 08:14:08.375809
11403,MTW,Q4043693,instance_of,Q891723,public company,2026-04-10 08:14:08.375809
11404,MTW,Q4043693,instance_of,Q4830453,business,2026-04-10 08:14:08.375809
11405,MTW,Q4043693,instance_of,Q6881511,enterprise,2026-04-10 08:14:08.375809
11406,NET,Q4778915,instance_of,Q72588,content delivery network,2026-04-10 08:14:08.375809
11407,NET,Q4778915,instance_of,Q891723,public company,2026-04-10 08:14:08.375809
11408,NET,Q4778915,instance_of,Q18388277,technology company,2026-04-10 08:14:08.375809
11409,NET,Q4778915,instance_of,Q19967801,online service,2026-04-10 08:14:08.375809
11410,MTZ,Q6782217,instance_of,Q891723,public company,2026-04-10 08:14:08.375809
11411,MTZ,Q6782217,instance_of,Q4830453,business,2026-04-10 08:14:08.375809
11412,MUX,Q6801109,instance_of,Q891723,public company,2026-04-10 08:14:08.375809
11413,MUX,Q6801109,instance_of,Q4830453,business,2026-04-10 08:14:08.375809
11414,MTH,Q6819538,instance_of,Q891723,public company,2026-04-10 08:14:08.375809
11415,MTH,Q6819538,instance_of,Q4830453,business,2026-04-10 08:14:08.375809
11416,NC,Q6952158,instance_of,Q891723,public company,2026-04-10 08:14:08.375809
11417,NC,Q6952158,instance_of,Q4830453,business,2026-04-10 08:14:08.375809
11418,NJR,Q7009312,instance_of,Q891723,public company,2026-04-10 08:14:08.375809
11419,NJR,Q7009312,instance_of,Q4830453,business,2026-04-10 08:14:08.375809
11420,NMAX,Q11991273,instance_of,Q4830453,business,2026-04-10 08:14:08.375809
11421,NFG,Q12859164,instance_of,Q891723,public company,2026-04-10 08:14:08.375809
11422,NFG,Q12859164,instance_of,Q4830453,business,2026-04-10 08:14:08.375809
11423,NPO,Q16013760,instance_of,Q891723,public company,2026-04-10 08:14:08.375809
11424,NLY,Q16828730,instance_of,Q891723,public company,2026-04-10 08:14:08.375809
11425,NLY,Q16828730,instance_of,Q4830453,business,2026-04-10 08:14:08.375809
11426,MWA,Q16982326,instance_of,Q891723,public company,2026-04-10 08:14:08.375809
11427,MWA,Q16982326,instance_of,Q4830453,business,2026-04-10 08:14:08.375809
11428,NGVC,Q17146520,instance_of,Q891723,public company,2026-04-10 08:14:08.375809
11429,NGVC,Q17146520,instance_of,Q4830453,business,2026-04-10 08:14:08.375809
11430,NGVC,Q17146520,instance_of,Q18043413,supermarket chain,2026-04-10 08:14:08.375809
11431,NEU,Q17562023,instance_of,Q891723,public company,2026-04-10 08:14:08.375809
11432,NEU,Q17562023,instance_of,Q4830453,business,2026-04-10 08:14:08.375809
11433,MUSA,Q19604459,instance_of,Q891723,public company,2026-04-10 08:14:08.375809
11434,MUSA,Q19604459,instance_of,Q4830453,business,2026-04-10 08:14:08.375809
11435,MUSA,Q19604459,instance_of,Q64027599,gas station chain,2026-04-10 08:14:08.375809
11436,NIC,Q24960003,instance_of,Q2512624,bank holding company,2026-04-10 08:14:08.375809
11437,NOC,Q329953,part_of,Q242345,S&P 500,2026-04-10 08:14:08.375809
11438,NKE,Q483915,part_of,Q180816,Dow Jones Industrial Average,2026-04-10 08:14:08.375809
11439,NKE,Q483915,part_of,Q242345,S&P 500,2026-04-10 08:14:08.375809
11440,NKE,Q483915,part_of,Q1546793,S&P 100,2026-04-10 08:14:08.375809
11441,MSI,Q634815,part_of,Q242345,S&P 500,2026-04-10 08:14:08.375809
11442,MTD,Q680186,part_of,Q242345,S&P 500,2026-04-10 08:14:08.375809
11443,MSCI,Q768773,part_of,Q242345,S&P 500,2026-04-10 08:14:08.375809
11446,NEE,Q967868,part_of,Q242345,S&P 500,2026-04-10 08:14:08.375809
11447,NEE,Q967868,part_of,Q1546793,S&P 100,2026-04-10 08:14:08.375809
11448,NI,Q1984481,part_of,Q242345,S&P 500,2026-04-10 08:14:08.375809
11465,NOC,Q329953,owned_by,BLK,BlackRock,2026-04-10 08:14:08.375809
11466,NOC,Q329953,owned_by,MS,Morgan Stanley,2026-04-10 08:14:08.375809
11467,NOC,Q329953,owned_by,BAC,Bank of America,2026-04-10 08:14:08.375809
11469,NOC,Q329953,owned_by,BEN,Franklin Templeton Investments,2026-04-10 08:14:08.375809
11471,NOC,Q329953,owned_by,STT,State Street Corporation,2026-04-10 08:14:08.375809
11596,NSC,Q20858163,subsidiaries,NSC,nan,2026-04-10 08:14:08.375809
11658,OI,Q180106,products,Q11469,glass,2026-04-10 08:14:08.375809
11659,NVS,Q507154,products,Q12140,medication,2026-04-10 08:14:08.375809
11660,NVO,Q818846,products,Q170617,glucagon,2026-04-10 08:14:08.375809
11661,NVO,Q818846,products,Q410965,insulin detemir,2026-04-10 08:14:08.375809
11662,NVO,Q818846,products,Q422812,sex steroid,2026-04-10 08:14:08.375809
11663,NVO,Q818846,products,Q2526479,liraglutide,2026-04-10 08:14:08.375809
11664,NVO,Q818846,products,Q2754775,insulin aspart,2026-04-10 08:14:08.375809
11665,NVO,Q818846,products,Q4677600,estradiol/norethisterone acetate,2026-04-10 08:14:08.375809
11666,NVO,Q818846,products,Q5572286,glucagon-like peptide-1 agonist,2026-04-10 08:14:08.375809
11667,NVO,Q818846,products,Q5940878,recombinant factor VIIa,2026-04-10 08:14:08.375809
11668,NVO,Q818846,products,Q7240673,preproinsulin,2026-04-10 08:14:08.375809
11669,NVO,Q818846,products,Q16252338,Insulin degludec,2026-04-10 08:14:08.375809
11670,NVO,Q818846,products,Q22075842,turoctocog alfa,2026-04-10 08:14:08.375809
11671,NVO,Q818846,products,Q27261089,semaglutide,2026-04-10 08:14:08.375809
11672,NVO,Q818846,products,Q29956617,growth hormone,2026-04-10 08:14:08.375809
11673,NVO,Q818846,products,Q97574470,Insulin degludec/insulin aspart,2026-04-10 08:14:08.375809
11676,NUE,Q1645081,products,Q11427,steel,2026-04-10 08:14:08.375809
11677,NUE,Q1645081,products,Q150425,reinforcing bar,2026-04-10 08:14:08.375809
11678,NUS,Q1764040,products,Q3246832,personal care product,2026-04-10 08:14:08.375809
11682,NWN,Q6955989,products,Q40858,natural gas,2026-04-10 08:14:08.375809
11683,NPK,Q6975043,products,Q212920,home appliance,2026-04-10 08:14:08.375809
11686,OC,Q7114736,products,Q206615,building material,2026-04-10 08:14:08.375809
11689,OKE,Q11074156,products,Q40858,natural gas,2026-04-10 08:14:08.375809
11690,NSP,Q16980616,products,Q7397,software,2026-04-10 08:14:08.375809
11694,NRGV,Q57060073,products,Q155640,potential energy,2026-04-10 08:14:08.375809
11747,OI,Q180106,instance_of,Q43229,organization,2026-04-10 08:14:08.375809
11748,OI,Q180106,instance_of,Q891723,public company,2026-04-10 08:14:08.375809
11749,OI,Q180106,instance_of,Q4830453,business,2026-04-10 08:14:08.375809
11750,OI,Q180106,instance_of,Q6881511,enterprise,2026-04-10 08:14:08.375809
11751,NVS,Q507154,instance_of,Q161726,multinational corporation,2026-04-10 08:14:08.375809
11752,NVS,Q507154,instance_of,Q891723,public company,2026-04-10 08:14:08.375809
11753,NVS,Q507154,instance_of,Q4830453,business,2026-04-10 08:14:08.375809
11754,NVS,Q507154,instance_of,Q19644607,pharmaceutical company,2026-04-10 08:14:08.375809
11755,NVO,Q818846,instance_of,Q891723,public company,2026-04-10 08:14:08.375809
11756,NVO,Q818846,instance_of,Q4830453,business,2026-04-10 08:14:08.375809
11757,NVO,Q818846,instance_of,Q6881511,enterprise,2026-04-10 08:14:08.375809
11758,NVO,Q818846,instance_of,Q131784011,biopharmaceutical company,2026-04-10 08:14:08.375809
11759,OGN,Q903372,instance_of,Q43229,organization,2026-04-10 08:14:08.375809
11760,OGN,Q903372,instance_of,Q891723,public company,2026-04-10 08:14:08.375809
11761,OGN,Q903372,instance_of,Q4830453,business,2026-04-10 08:14:08.375809
11762,NSC,Q1321054,instance_of,Q249556,railway company,2026-04-10 08:14:08.375809
11763,NSC,Q1321054,instance_of,Q891723,public company,2026-04-10 08:14:08.375809
11764,NSC,Q1321054,instance_of,Q4830453,business,2026-04-10 08:14:08.375809
11765,NUE,Q1645081,instance_of,Q891723,public company,2026-04-10 08:14:08.375809
11766,NUE,Q1645081,instance_of,Q4830453,business,2026-04-10 08:14:08.375809
11767,NUE,Q1645081,instance_of,Q6881511,enterprise,2026-04-10 08:14:08.375809
11768,NUS,Q1764040,instance_of,Q891723,public company,2026-04-10 08:14:08.375809
11769,NUS,Q1764040,instance_of,Q29643579,multi-level marketing company,2026-04-10 08:14:08.375809
11770,NOV,Q1817417,instance_of,Q891723,public company,2026-04-10 08:14:08.375809
11771,NOV,Q1817417,instance_of,Q4830453,business,2026-04-10 08:14:08.375809
11772,NOV,Q1817417,instance_of,Q6881511,enterprise,2026-04-10 08:14:08.375809
11773,NOV,Q1817417,instance_of,Q94532151,oilfield service company,2026-04-10 08:14:08.375809
11774,NRG,Q6955139,instance_of,Q891723,public company,2026-04-10 08:14:08.375809
11775,NRG,Q6955139,instance_of,Q4830453,business,2026-04-10 08:14:08.375809
11776,NVR,Q6955706,instance_of,Q891723,public company,2026-04-10 08:14:08.375809
11777,NVR,Q6955706,instance_of,Q4830453,business,2026-04-10 08:14:08.375809
11778,NWN,Q6955989,instance_of,Q891723,public company,2026-04-10 08:14:08.375809
11779,NWN,Q6955989,instance_of,Q1951366,public utility,2026-04-10 08:14:08.375809
11780,NWN,Q6955989,instance_of,Q4830453,business,2026-04-10 08:14:08.375809
11781,NPK,Q6975043,instance_of,Q891723,public company,2026-04-10 08:14:08.375809
11782,NPK,Q6975043,instance_of,Q4830453,business,2026-04-10 08:14:08.375809
11783,NNN,Q6978096,instance_of,Q891723,public company,2026-04-10 08:14:08.375809
11784,NNN,Q6978096,instance_of,Q4830453,business,2026-04-10 08:14:08.375809
11785,NNI,Q6990264,instance_of,Q891723,public company,2026-04-10 08:14:08.375809
11786,NNI,Q6990264,instance_of,Q4830453,business,2026-04-10 08:14:08.375809
11787,OC,Q7114736,instance_of,Q891723,public company,2026-04-10 08:14:08.375809
11788,OC,Q7114736,instance_of,Q4830453,business,2026-04-10 08:14:08.375809
11789,O,Q7301386,instance_of,Q891723,public company,2026-04-10 08:14:08.375809
11790,O,Q7301386,instance_of,Q1660104,real estate company,2026-04-10 08:14:08.375809
11791,O,Q7301386,instance_of,Q4830453,business,2026-04-10 08:14:08.375809
11792,NOW,Q7455653,instance_of,Q891723,public company,2026-04-10 08:14:08.375809
11793,NOW,Q7455653,instance_of,Q4830453,business,2026-04-10 08:14:08.375809
11794,OKE,Q11074156,instance_of,Q891723,public company,2026-04-10 08:14:08.375809
11795,OKE,Q11074156,instance_of,Q4830453,business,2026-04-10 08:14:08.375809
11796,NSP,Q16980616,instance_of,Q891723,public company,2026-04-10 08:14:08.375809
11797,NSP,Q16980616,instance_of,Q4830453,business,2026-04-10 08:14:08.375809
11798,NSC,Q20858163,instance_of,Q219577,holding company,2026-04-10 08:14:08.375809
11799,NSC,Q20858163,instance_of,Q891723,public company,2026-04-10 08:14:08.375809
11800,NSC,Q20858163,instance_of,Q4830453,business,2026-04-10 08:14:08.375809
11801,OMF,Q28444592,instance_of,Q891723,public company,2026-04-10 08:14:08.375809
11802,OMF,Q28444592,instance_of,Q4830453,business,2026-04-10 08:14:08.375809
11803,NP,Q56527497,instance_of,Q891723,public company,2026-04-10 08:14:08.375809
11804,NP,Q56527497,instance_of,Q4830453,business,2026-04-10 08:14:08.375809
11805,NRGV,Q57060073,instance_of,Q43229,organization,2026-04-10 08:14:08.375809
11806,NRGV,Q57060073,instance_of,Q129238,startup company,2026-04-10 08:14:08.375809
11807,NRGV,Q57060073,instance_of,Q891723,public company,2026-04-10 08:14:08.375809
11808,NVST,Q106295182,instance_of,Q891723,public company,2026-04-10 08:14:08.375809
11809,NVST,Q106295182,instance_of,Q4830453,business,2026-04-10 08:14:08.375809
11810,ONL,Q109619213,instance_of,Q697852,real estate investment trust,2026-04-10 08:14:08.375809
11811,ONL,Q109619213,instance_of,Q891723,public company,2026-04-10 08:14:08.375809
11812,ONL,Q109619213,instance_of,Q1186164,spin-off company,2026-04-10 08:14:08.375809
11813,ONL,Q109619213,instance_of,Q4830453,business,2026-04-10 08:14:08.375809
11815,NVS,Q507154,part_of,Q666714,Swiss Market Index,2026-04-10 08:14:08.375809
11816,NVS,Q507154,part_of,Q773026,Dow Jones Global Titans 50,2026-04-10 08:14:08.375809
11818,OGN,Q903372,part_of,Q242345,S&P 500,2026-04-10 08:14:08.375809
11819,NSC,Q1321054,part_of,Q242345,S&P 500,2026-04-10 08:14:08.375809
11820,NUE,Q1645081,part_of,Q242345,S&P 500,2026-04-10 08:14:08.375809
11822,NOV,Q1817417,part_of,Q242345,S&P 500,2026-04-10 08:14:08.375809
11823,NRG,Q6955139,part_of,Q242345,S&P 500,2026-04-10 08:14:08.375809
11824,NVR,Q6955706,part_of,Q242345,S&P 500,2026-04-10 08:14:08.375809
11830,O,Q7301386,part_of,Q242345,S&P 500,2026-04-10 08:14:08.375809
11831,NOW,Q7455653,part_of,Q242345,S&P 500,2026-04-10 08:14:08.375809
11832,NOW,Q7455653,part_of,Q1546793,S&P 100,2026-04-10 08:14:08.375809
11833,OKE,Q11074156,part_of,Q242345,S&P 500,2026-04-10 08:14:08.375809
12025,ORCL,Q19900,products,Q7397,software,2026-04-10 08:14:08.375809
12026,ORCL,Q19900,products,Q176165,database management system,2026-04-10 08:14:08.375809
12027,ORCL,Q19900,products,Q3932296,relational database management system,2026-04-10 08:14:08.375809
12028,ORCL,Q19900,products,Q28231474,API management,2026-04-10 08:14:08.375809
12029,OTIS,Q1134069,products,Q15003,escalator,2026-04-10 08:14:08.375809
12030,OTIS,Q1134069,products,Q132911,elevator,2026-04-10 08:14:08.375809
12032,ORA,Q1549511,products,Q3215493,geothermal power,2026-04-10 08:14:08.375809
12033,OSK,Q1969091,products,Q43193,truck,2026-04-10 08:14:08.375809
12034,OSK,Q1969091,products,Q1184840,military vehicle,2026-04-10 08:14:08.375809
12036,OGE,Q2007484,products,Q12725,electricity,2026-04-10 08:14:08.375809
12037,NYT,Q2529982,products,Q9684,The New York Times,2026-04-10 08:14:08.375809
12039,OLN,Q7086908,products,Q518350,copper-based alloy,2026-04-10 08:14:08.375809
12040,OOMA,Q7095328,products,Q81945,Voice over IP,2026-04-10 08:14:08.375809
12041,OPY,Q7098552,products,Q319845,investment bank,2026-04-10 08:14:08.375809
12042,OFG,Q7102329,products,Q22687,bank,2026-04-10 08:14:08.375809
12046,OGS,Q16983192,products,Q40858,natural gas,2026-04-10 08:14:08.375809
12050,PD,Q48989804,products,Q7397,software,2026-04-10 08:14:08.375809
12105,ORCL,Q19900,instance_of,Q891723,public company,2026-04-10 08:14:08.375809
12106,ORCL,Q19900,instance_of,Q4830453,business,2026-04-10 08:14:08.375809
12107,OTIS,Q1134069,instance_of,Q891723,public company,2026-04-10 08:14:08.375809
12108,OTIS,Q1134069,instance_of,Q4830453,business,2026-04-10 08:14:08.375809
12109,OMC,Q1519267,instance_of,Q216931,advertising agency,2026-04-10 08:14:08.375809
12110,OMC,Q1519267,instance_of,Q891723,public company,2026-04-10 08:14:08.375809
12111,OMC,Q1519267,instance_of,Q4830453,business,2026-04-10 08:14:08.375809
12112,ORA,Q1549511,instance_of,Q891723,public company,2026-04-10 08:14:08.375809
12113,ORA,Q1549511,instance_of,Q4830453,business,2026-04-10 08:14:08.375809
12114,OSK,Q1969091,instance_of,Q891723,public company,2026-04-10 08:14:08.375809
12115,OSK,Q1969091,instance_of,Q4830453,business,2026-04-10 08:14:08.375809
12116,OSK,Q1969091,instance_of,Q6881511,enterprise,2026-04-10 08:14:08.375809
12117,PAG,Q1975799,instance_of,Q891723,public company,2026-04-10 08:14:08.375809
12118,PAG,Q1975799,instance_of,Q4830453,business,2026-04-10 08:14:08.375809
12119,OGE,Q2007484,instance_of,Q891723,public company,2026-04-10 08:14:08.375809
12120,OGE,Q2007484,instance_of,Q4830453,business,2026-04-10 08:14:08.375809
12121,NYT,Q2529982,instance_of,Q891723,public company,2026-04-10 08:14:08.375809
12122,NYT,Q2529982,instance_of,Q2085381,publishing house,2026-04-10 08:14:08.375809
12123,NYT,Q2529982,instance_of,Q4830453,business,2026-04-10 08:14:08.375809
12124,NYT,Q2529982,instance_of,Q6881511,enterprise,2026-04-10 08:14:08.375809
12125,ORI,Q7084833,instance_of,Q891723,public company,2026-04-10 08:14:08.375809
12126,ORI,Q7084833,instance_of,Q4830453,business,2026-04-10 08:14:08.375809
12127,OLN,Q7086908,instance_of,Q891723,public company,2026-04-10 08:14:08.375809
12128,OLN,Q7086908,instance_of,Q4830453,business,2026-04-10 08:14:08.375809
12129,OLN,Q7086908,instance_of,Q6881511,enterprise,2026-04-10 08:14:08.375809
12130,OOMA,Q7095328,instance_of,Q891723,public company,2026-04-10 08:14:08.375809
12131,OOMA,Q7095328,instance_of,Q2401749,telecommunication company,2026-04-10 08:14:08.375809
12132,OOMA,Q7095328,instance_of,Q4830453,business,2026-04-10 08:14:08.375809
12133,OPY,Q7098552,instance_of,Q891723,public company,2026-04-10 08:14:08.375809
12134,OPY,Q7098552,instance_of,Q4830453,business,2026-04-10 08:14:08.375809
12135,OFG,Q7102329,instance_of,Q891723,public company,2026-04-10 08:14:08.375809
12136,OFG,Q7102329,instance_of,Q4830453,business,2026-04-10 08:14:08.375809
12137,OXM,Q7115371,instance_of,Q891723,public company,2026-04-10 08:14:08.375809
12138,OXM,Q7115371,instance_of,Q4830453,business,2026-04-10 08:14:08.375809
12139,PB,Q7250893,instance_of,Q891723,public company,2026-04-10 08:14:08.375809
12140,PB,Q7250893,instance_of,Q4830453,business,2026-04-10 08:14:08.375809
12141,ONTO,Q7377461,instance_of,Q891723,public company,2026-04-10 08:14:08.375809
12142,ONTO,Q7377461,instance_of,Q4830453,business,2026-04-10 08:14:08.375809
12143,OGS,Q16983192,instance_of,Q891723,public company,2026-04-10 08:14:08.375809
12144,OGS,Q16983192,instance_of,Q4830453,business,2026-04-10 08:14:08.375809
12145,OIS,Q17182243,instance_of,Q891723,public company,2026-04-10 08:14:08.375809
12146,OIS,Q17182243,instance_of,Q4830453,business,2026-04-10 08:14:08.375809
12147,OUT,Q23090931,instance_of,Q891723,public company,2026-04-10 08:14:08.375809
12148,OUT,Q23090931,instance_of,Q4830453,business,2026-04-10 08:14:08.375809
12149,OSCR,Q24204297,instance_of,Q891723,public company,2026-04-10 08:14:08.375809
12150,OSCR,Q24204297,instance_of,Q4830453,business,2026-04-10 08:14:08.375809
12151,PD,Q48989804,instance_of,Q891723,public company,2026-04-10 08:14:08.375809
12152,PD,Q48989804,instance_of,Q4830453,business,2026-04-10 08:14:08.375809
12153,PATH,Q55080120,instance_of,Q783794,company,2026-04-10 08:14:08.375809
12154,PATH,Q55080120,instance_of,Q891723,public company,2026-04-10 08:14:08.375809
12155,OKLO,Q110706493,instance_of,Q4830453,business,2026-04-10 08:14:08.375809
12156,OWL,Q114795591,instance_of,Q891723,public company,2026-04-10 08:14:08.375809
12157,OWL,Q114795591,instance_of,Q4830453,business,2026-04-10 08:14:08.375809
12158,OPFI,Q130281150,instance_of,Q891723,public company,2026-04-10 08:14:08.375809
12159,OPFI,Q130281150,instance_of,Q4830453,business,2026-04-10 08:14:08.375809
12160,ORCL,Q19900,part_of,Q242345,S&P 500,2026-04-10 08:14:08.375809
12161,ORCL,Q19900,part_of,Q773026,Dow Jones Global Titans 50,2026-04-10 08:14:08.375809
12162,ORCL,Q19900,part_of,Q1546793,S&P 100,2026-04-10 08:14:08.375809
12163,OTIS,Q1134069,part_of,Q242345,S&P 500,2026-04-10 08:14:08.375809
12164,OMC,Q1519267,part_of,Q242345,S&P 500,2026-04-10 08:14:08.375809
12165,ORA,Q1549511,part_of,Q1969854,Natur-Aktien-Index,2026-04-10 08:14:08.375809
12166,OSK,Q1969091,part_of,Q7386994,S&P 400,2026-04-10 08:14:08.375809
12167,OSK,Q1969091,part_of,Q134661623,list of companies involved in the Gaza war,2026-04-10 08:14:08.375809
12268,PFE,Q206921,subsidiaries,COTY,nan,2026-04-10 08:14:08.375809
12273,PFE,Q206921,subsidiaries,ZTS,nan,2026-04-10 08:14:08.375809
12414,PFE,Q206921,products,Q191521,sildenafil,2026-04-10 08:14:08.375809
12415,PFE,Q206921,products,Q411478,fluconazole,2026-04-10 08:14:08.375809
12416,PFE,Q206921,products,Q668093,atorvastatin,2026-04-10 08:14:08.375809
12417,PFE,Q206921,products,Q28885102,pharmaceutical product,2026-04-10 08:14:08.375809
12418,PFE,Q206921,products,Q97154240,Pfizer–BioNTech COVID-19 vaccine,2026-04-10 08:14:08.375809
12419,PG,Q212405,products,Q658915,Ariel,2026-04-10 08:14:08.375809
12420,PG,Q212405,products,Q922032,Charmin,2026-04-10 08:14:08.375809
12421,PG,Q212405,products,Q3500302,Always,2026-04-10 08:14:08.375809
12422,PG,Q212405,products,Q4950050,Bounty,2026-04-10 08:14:08.375809
12423,PBI,Q428977,products,Q387295,postage meter,2026-04-10 08:14:08.375809
12424,PEG,Q930919,products,Q40858,natural gas,2026-04-10 08:14:08.375809
12426,PCG,Q1815011,products,Q12725,electricity,2026-04-10 08:14:08.375809
12427,PII,Q1850587,products,Q17240,snowmobile,2026-04-10 08:14:08.375809
12428,PII,Q1850587,products,Q34493,motorcycle,2026-04-10 08:14:08.375809
12429,PII,Q1850587,products,Q193468,van,2026-04-10 08:14:08.375809
12430,PII,Q1850587,products,Q210988,all-terrain vehicle,2026-04-10 08:14:08.375809
12431,OXY,Q2013357,products,Q22656,petroleum,2026-04-10 08:14:08.375809
12434,PAY,Q2912154,products,Q605108,payment terminal,2026-04-10 08:14:08.375809
12436,PBT,Q7169321,products,Q42962,oil,2026-04-10 08:14:08.375809
12499,PFE,Q206921,instance_of,Q43229,organization,2026-04-10 08:14:08.375809
12500,PFE,Q206921,instance_of,Q891723,public company,2026-04-10 08:14:08.375809
12501,PFE,Q206921,instance_of,Q4830453,business,2026-04-10 08:14:08.375809
12502,PFE,Q206921,instance_of,Q131784011,biopharmaceutical company,2026-04-10 08:14:08.375809
12503,PG,Q212405,instance_of,Q187939,industrial manufacturing,2026-04-10 08:14:08.375809
12504,PG,Q212405,instance_of,Q891723,public company,2026-04-10 08:14:08.375809
12505,PG,Q212405,instance_of,Q4830453,business,2026-04-10 08:14:08.375809
12506,PG,Q212405,instance_of,Q6881511,enterprise,2026-04-10 08:14:08.375809
12507,PBI,Q428977,instance_of,Q891723,public company,2026-04-10 08:14:08.375809
12508,PBI,Q428977,instance_of,Q4830453,business,2026-04-10 08:14:08.375809
12509,PBI,Q428977,instance_of,Q6881511,enterprise,2026-04-10 08:14:08.375809
12510,PEG,Q930919,instance_of,Q891723,public company,2026-04-10 08:14:08.375809
12511,PEG,Q930919,instance_of,Q4830453,business,2026-04-10 08:14:08.375809
12512,PEG,Q930919,instance_of,Q6881511,enterprise,2026-04-10 08:14:08.375809
12513,PH,Q1470619,instance_of,Q891723,public company,2026-04-10 08:14:08.375809
12514,PH,Q1470619,instance_of,Q4830453,business,2026-04-10 08:14:08.375809
12515,PH,Q1470619,instance_of,Q6881511,enterprise,2026-04-10 08:14:08.375809
12516,PCG,Q1815011,instance_of,Q891723,public company,2026-04-10 08:14:08.375809
12517,PII,Q1850587,instance_of,Q786820,automobile manufacturer,2026-04-10 08:14:08.375809
12518,PII,Q1850587,instance_of,Q891723,public company,2026-04-10 08:14:08.375809
12519,PII,Q1850587,instance_of,Q6881511,enterprise,2026-04-10 08:14:08.375809
12520,PII,Q1850587,instance_of,Q15081030,motorcycle manufacturer,2026-04-10 08:14:08.375809
12521,OXY,Q2013357,instance_of,Q891723,public company,2026-04-10 08:14:08.375809
12522,OXY,Q2013357,instance_of,Q4830453,business,2026-04-10 08:14:08.375809
12523,PFGC,Q2070689,instance_of,Q891723,public company,2026-04-10 08:14:08.375809
12524,PFGC,Q2070689,instance_of,Q4830453,business,2026-04-10 08:14:08.375809
12525,PDS,Q2108251,instance_of,Q891723,public company,2026-04-10 08:14:08.375809
12526,PDS,Q2108251,instance_of,Q4830453,business,2026-04-10 08:14:08.375809
12527,PDS,Q2108251,instance_of,Q6881511,enterprise,2026-04-10 08:14:08.375809
12528,PAY,Q2912154,instance_of,Q891723,public company,2026-04-10 08:14:08.375809
12529,PAY,Q2912154,instance_of,Q4830453,business,2026-04-10 08:14:08.375809
12530,PIPR,Q3389022,instance_of,Q891723,public company,2026-04-10 08:14:08.375809
12531,PIPR,Q3389022,instance_of,Q4830453,business,2026-04-10 08:14:08.375809
12532,PBT,Q7169321,instance_of,Q891723,public company,2026-04-10 08:14:08.375809
12533,PBT,Q7169321,instance_of,Q4830453,business,2026-04-10 08:14:08.375809
12534,PEO,Q7178935,instance_of,Q891723,public company,2026-04-10 08:14:08.375809
12535,PEO,Q7178935,instance_of,Q4830453,business,2026-04-10 08:14:08.375809
12536,PHR,Q7188106,instance_of,Q891723,public company,2026-04-10 08:14:08.375809
12537,PHR,Q7188106,instance_of,Q4830453,business,2026-04-10 08:14:08.375809
12538,PBH,Q7241774,instance_of,Q891723,public company,2026-04-10 08:14:08.375809
12539,PBH,Q7241774,instance_of,Q4830453,business,2026-04-10 08:14:08.375809
12540,PGR,Q7248721,instance_of,Q891723,public company,2026-04-10 08:14:08.375809
12541,PGR,Q7248721,instance_of,Q2143354,insurance company,2026-04-10 08:14:08.375809
12542,PGR,Q7248721,instance_of,Q4830453,business,2026-04-10 08:14:08.375809
12543,PFS,Q7252517,instance_of,Q891723,public company,2026-04-10 08:14:08.375809
12544,PFS,Q7252517,instance_of,Q4830453,business,2026-04-10 08:14:08.375809
12545,PHM,Q7259716,instance_of,Q891723,public company,2026-04-10 08:14:08.375809
12546,PHM,Q7259716,instance_of,Q4830453,business,2026-04-10 08:14:08.375809
12547,PBF,Q16979157,instance_of,Q891723,public company,2026-04-10 08:14:08.375809
12548,PAYC,Q17084959,instance_of,Q891723,public company,2026-04-10 08:14:08.375809
12549,PCOR,Q25831309,instance_of,Q891723,public company,2026-04-10 08:14:08.375809
12550,PCOR,Q25831309,instance_of,Q4830453,business,2026-04-10 08:14:08.375809
12551,PINS,Q96095585,instance_of,Q891723,public company,2026-04-10 08:14:08.375809
12552,PINS,Q96095585,instance_of,Q4830453,business,2026-04-10 08:14:08.375809
12553,PHGE,Q96482167,instance_of,Q891723,public company,2026-04-10 08:14:08.375809
12554,PHGE,Q96482167,instance_of,Q4830453,business,2026-04-10 08:14:08.375809
12555,PHGE,Q96482167,instance_of,Q6881511,enterprise,2026-04-10 08:14:08.375809
12556,PACK,Q97188497,instance_of,Q891723,public company,2026-04-10 08:14:08.375809
12557,PACK,Q97188497,instance_of,Q4830453,business,2026-04-10 08:14:08.375809
12558,PFE,Q206921,part_of,Q180816,Dow Jones Industrial Average,2026-04-10 08:14:08.375809
12559,PFE,Q206921,part_of,Q242345,S&P 500,2026-04-10 08:14:08.375809
12560,PFE,Q206921,part_of,Q773026,Dow Jones Global Titans 50,2026-04-10 08:14:08.375809
12561,PFE,Q206921,part_of,Q1546793,S&P 100,2026-04-10 08:14:08.375809
12562,PFE,Q206921,part_of,Q47492123,STOXX Global Select Dividend 100,2026-04-10 08:14:08.375809
12563,PG,Q212405,part_of,Q180816,Dow Jones Industrial Average,2026-04-10 08:14:08.375809
12564,PG,Q212405,part_of,Q242345,S&P 500,2026-04-10 08:14:08.375809
12565,PG,Q212405,part_of,Q773026,Dow Jones Global Titans 50,2026-04-10 08:14:08.375809
12566,PG,Q212405,part_of,Q1546793,S&P 100,2026-04-10 08:14:08.375809
12568,PEG,Q930919,part_of,Q242345,S&P 500,2026-04-10 08:14:08.375809
12569,PH,Q1470619,part_of,Q242345,S&P 500,2026-04-10 08:14:08.375809
12572,OXY,Q2013357,part_of,Q242345,S&P 500,2026-04-10 08:14:08.375809
12581,PGR,Q7248721,part_of,Q242345,S&P 500,2026-04-10 08:14:08.375809
12583,PHM,Q7259716,part_of,Q242345,S&P 500,2026-04-10 08:14:08.375809
12585,PAYC,Q17084959,part_of,Q242345,S&P 500,2026-04-10 08:14:08.375809
12590,PFE,Q206921,owned_by,BLK,BlackRock,2026-04-10 08:14:08.375809
12592,PFE,Q206921,owned_by,STT,State Street Corporation,2026-04-10 08:14:08.375809
12593,PG,Q212405,owned_by,BLK,BlackRock,2026-04-10 08:14:08.375809
12612,PBF,Q16979157,owned_by,BX,Blackstone Inc.,2026-04-10 08:14:08.375809
12672,PNC,Q38928,subsidiaries,BLK,nan,2026-04-10 08:14:08.375809
12711,PNC,Q38928,investments,BLK,nan,2026-04-10 08:14:08.375809
12792,PNC,Q38928,products,Q43015,finance,2026-04-10 08:14:08.375809
12798,PM,Q1852556,products,Q1576,cigar,2026-04-10 08:14:08.375809
12799,PM,Q1852556,products,Q1578,cigarette,2026-04-10 08:14:08.375809
12800,PM,Q1852556,products,Q189511,electronic cigarette,2026-04-10 08:14:08.375809
12801,PM,Q1852556,products,Q3512694,smokeless tobacco,2026-04-10 08:14:08.375809
12802,PM,Q1852556,products,Q28657989,heated tobacco product,2026-04-10 08:14:08.375809
12803,PM,Q1852556,products,Q85789044,nicotine pouch,2026-04-10 08:14:08.375809
12804,PSO,Q1916402,products,Q571,book,2026-04-10 08:14:08.375809
12806,PRU,Q2114414,products,Q626608,life insurance,2026-04-10 08:14:08.375809
12809,POR,Q7231939,products,Q27137,electric power,2026-04-10 08:14:08.375809
12815,PLD,Q16983765,products,Q1520439,commercial property,2026-04-10 08:14:08.375809
12816,PL,Q17085620,products,Q1142930,CubeSat,2026-04-10 08:14:08.375809
12817,PL,Q17085620,products,Q27031816,SkySat,2026-04-10 08:14:08.375809
12818,PL,Q17085620,products,Q30765997,Dove,2026-04-10 08:14:08.375809
12819,PL,Q17085620,products,Q121879218,Planet Platform,2026-04-10 08:14:08.375809
12820,PL,Q17085620,products,Q122224342,PlanetScope,2026-04-10 08:14:08.375809
12821,PRLB,Q17152492,products,Q207977,prototype,2026-04-10 08:14:08.375809
12824,POST,Q27988145,products,Q768267,breakfast cereal,2026-04-10 08:14:08.375809
12877,PNC,Q38928,instance_of,Q22687,bank,2026-04-10 08:14:08.375809
12878,PNC,Q38928,instance_of,Q730038,credit institution,2026-04-10 08:14:08.375809
12879,PNC,Q38928,instance_of,Q891723,public company,2026-04-10 08:14:08.375809
12880,PNC,Q38928,instance_of,Q4830453,business,2026-04-10 08:14:08.375809
12881,PNC,Q38928,instance_of,Q6881511,enterprise,2026-04-10 08:14:08.375809
12882,PPG,Q48754,instance_of,Q43229,organization,2026-04-10 08:14:08.375809
12883,PPG,Q48754,instance_of,Q891723,public company,2026-04-10 08:14:08.375809
12884,PPG,Q48754,instance_of,Q4830453,business,2026-04-10 08:14:08.375809
12885,PPG,Q48754,instance_of,Q6881511,enterprise,2026-04-10 08:14:08.375809
12886,PKX,Q483946,instance_of,Q891723,public company,2026-04-10 08:14:08.375809
12887,PKX,Q483946,instance_of,Q4830453,business,2026-04-10 08:14:08.375809
12888,PKX,Q483946,instance_of,Q6881511,enterprise,2026-04-10 08:14:08.375809
12889,PRKS,Q828545,instance_of,Q891723,public company,2026-04-10 08:14:08.375809
12890,PRKS,Q828545,instance_of,Q4830453,business,2026-04-10 08:14:08.375809
12891,PRKS,Q828545,instance_of,Q6881511,enterprise,2026-04-10 08:14:08.375809
12892,PSA,Q1156045,instance_of,Q4830453,business,2026-04-10 08:14:08.375809
12893,PSX,Q1656230,instance_of,Q891723,public company,2026-04-10 08:14:08.375809
12894,PSX,Q1656230,instance_of,Q4830453,business,2026-04-10 08:14:08.375809
12895,PSX,Q1656230,instance_of,Q6881511,enterprise,2026-04-10 08:14:08.375809
12896,PSX,Q1656230,instance_of,Q64027599,gas station chain,2026-04-10 08:14:08.375809
12897,PM,Q1852556,instance_of,Q43229,organization,2026-04-10 08:14:08.375809
12898,PM,Q1852556,instance_of,Q891723,public company,2026-04-10 08:14:08.375809
12899,PM,Q1852556,instance_of,Q4830453,business,2026-04-10 08:14:08.375809
12900,PM,Q1852556,instance_of,Q6881511,enterprise,2026-04-10 08:14:08.375809
12901,PSO,Q1916402,instance_of,Q891723,public company,2026-04-10 08:14:08.375809
12902,PSO,Q1916402,instance_of,Q1331793,media company,2026-04-10 08:14:08.375809
12903,PSO,Q1916402,instance_of,Q2085381,publishing house,2026-04-10 08:14:08.375809
12904,PSO,Q1916402,instance_of,Q85790789,online program manager,2026-04-10 08:14:08.375809
12905,PPL,Q2044512,instance_of,Q891723,public company,2026-04-10 08:14:08.375809
12906,PPL,Q2044512,instance_of,Q4830453,business,2026-04-10 08:14:08.375809
12907,PRU,Q2114414,instance_of,Q891723,public company,2026-04-10 08:14:08.375809
12908,PRU,Q2114414,instance_of,Q4830453,business,2026-04-10 08:14:08.375809
12909,PRU,Q2114414,instance_of,Q6881511,enterprise,2026-04-10 08:14:08.375809
12910,PRU,Q2114414,instance_of,Q76226590,life insurance company,2026-04-10 08:14:08.375809
12911,PSN,Q3896512,instance_of,Q891723,public company,2026-04-10 08:14:08.375809
12912,PSN,Q3896512,instance_of,Q4830453,business,2026-04-10 08:14:08.375809
12913,PSN,Q3896512,instance_of,Q6881511,enterprise,2026-04-10 08:14:08.375809
12914,PLNT,Q7201095,instance_of,Q891723,public company,2026-04-10 08:14:08.375809
12915,PLNT,Q7201095,instance_of,Q4830453,business,2026-04-10 08:14:08.375809
12916,PLNT,Q7201095,instance_of,Q76223357,fitness center chain,2026-04-10 08:14:08.375809
12917,POR,Q7231939,instance_of,Q891723,public company,2026-04-10 08:14:08.375809
12918,POR,Q7231939,instance_of,Q1951366,public utility,2026-04-10 08:14:08.375809
12919,POR,Q7231939,instance_of,Q4830453,business,2026-04-10 08:14:08.375809
12920,PRI,Q7243481,instance_of,Q837171,financial services,2026-04-10 08:14:08.375809
12921,PRI,Q7243481,instance_of,Q891723,public company,2026-04-10 08:14:08.375809
12922,PRI,Q7243481,instance_of,Q6881511,enterprise,2026-04-10 08:14:08.375809
12923,PRA,Q7246635,instance_of,Q891723,public company,2026-04-10 08:14:08.375809
12924,PRA,Q7246635,instance_of,Q4830453,business,2026-04-10 08:14:08.375809
12925,PSTG,Q7261135,instance_of,Q43229,organization,2026-04-10 08:14:08.375809
12926,PSTG,Q7261135,instance_of,Q891723,public company,2026-04-10 08:14:08.375809
12927,PSTG,Q7261135,instance_of,Q4830453,business,2026-04-10 08:14:08.375809
12928,PKG,Q16983334,instance_of,Q891723,public company,2026-04-10 08:14:08.375809
12929,PKG,Q16983334,instance_of,Q4830453,business,2026-04-10 08:14:08.375809
12930,PKE,Q16983368,instance_of,Q891723,public company,2026-04-10 08:14:08.375809
12931,PKE,Q16983368,instance_of,Q4830453,business,2026-04-10 08:14:08.375809
12932,PLD,Q16983765,instance_of,Q891723,public company,2026-04-10 08:14:08.375809
12933,PLD,Q16983765,instance_of,Q4830453,business,2026-04-10 08:14:08.375809
12934,PL,Q17085620,instance_of,Q891723,public company,2026-04-10 08:14:08.375809
12935,PL,Q17085620,instance_of,Q4830453,business,2026-04-10 08:14:08.375809
12936,PRLB,Q17152492,instance_of,Q891723,public company,2026-04-10 08:14:08.375809
12937,PRLB,Q17152492,instance_of,Q4830453,business,2026-04-10 08:14:08.375809
12938,PJT,Q23680081,instance_of,Q319845,investment bank,2026-04-10 08:14:08.375809
12939,PJT,Q23680081,instance_of,Q891723,public company,2026-04-10 08:14:08.375809
12940,PNW,Q26110522,instance_of,Q167037,corporation,2026-04-10 08:14:08.375809
12941,PNW,Q26110522,instance_of,Q891723,public company,2026-04-10 08:14:08.375809
12942,PNW,Q26110522,instance_of,Q4830453,business,2026-04-10 08:14:08.375809
12943,POST,Q27988145,instance_of,Q891723,public company,2026-04-10 08:14:08.375809
12944,POST,Q27988145,instance_of,Q4830453,business,2026-04-10 08:14:08.375809
12945,PK,Q55075186,instance_of,Q43229,organization,2026-04-10 08:14:08.375809
12946,PK,Q55075186,instance_of,Q697852,real estate investment trust,2026-04-10 08:14:08.375809
12947,PNC,Q38928,part_of,Q242345,S&P 500,2026-04-10 08:14:08.375809
12948,PPG,Q48754,part_of,Q242345,S&P 500,2026-04-10 08:14:08.375809
12951,PSA,Q1156045,part_of,Q242345,S&P 500,2026-04-10 08:14:08.375809
12952,PSX,Q1656230,part_of,Q242345,S&P 500,2026-04-10 08:14:08.375809
12953,PM,Q1852556,part_of,Q242345,S&P 500,2026-04-10 08:14:08.375809
12954,PM,Q1852556,part_of,Q773026,Dow Jones Global Titans 50,2026-04-10 08:14:08.375809
12955,PM,Q1852556,part_of,Q1546793,S&P 100,2026-04-10 08:14:08.375809
12956,PSO,Q1916402,part_of,Q466496,FTSE 100 Index,2026-04-10 08:14:08.375809
12957,PSO,Q1916402,part_of,Q1969854,Natur-Aktien-Index,2026-04-10 08:14:08.375809
12958,PPL,Q2044512,part_of,Q242345,S&P 500,2026-04-10 08:14:08.375809
12959,PRU,Q2114414,part_of,Q242345,S&P 500,2026-04-10 08:14:08.375809
12966,PKG,Q16983334,part_of,Q242345,S&P 500,2026-04-10 08:14:08.375809
12968,PLD,Q16983765,part_of,Q242345,S&P 500,2026-04-10 08:14:08.375809
12972,PNW,Q26110522,part_of,Q242345,S&P 500,2026-04-10 08:14:08.375809
12979,PRKS,Q828545,owned_by,BX,Blackstone Inc.,2026-04-10 08:14:08.375809
12981,PSX,Q1656230,owned_by,BRK.A,Berkshire Hathaway,2026-04-10 08:14:08.375809
12982,PSX,Q1656230,owned_by,BLK,BlackRock,2026-04-10 08:14:08.375809
12985,PM,Q1852556,owned_by,BLK,BlackRock,2026-04-10 08:14:08.375809
13212,RCI,Q165684,products,Q738621,landline telephone,2026-04-10 08:14:08.375809
13215,RIO,Q821293,products,Q111044,chalcopyrite,2026-04-10 08:14:08.375809
13216,RDY,Q908961,products,Q12140,medication,2026-04-10 08:14:08.375809
13217,RF,Q917131,products,Q43015,finance,2026-04-10 08:14:08.375809
13218,PVH,Q1132272,products,Q11460,clothing,2026-04-10 08:14:08.375809
13219,PUK,Q1374135,products,Q626608,life insurance,2026-04-10 08:14:08.375809
13220,RGR,Q1508526,products,Q12796,firearm,2026-04-10 08:14:08.375809
13224,QUAD,Q7268255,products,Q207822,product packaging,2026-04-10 08:14:08.375809
13225,QUAD,Q7268255,products,Q1851835,advertising mail,2026-04-10 08:14:08.375809
13226,QUAD,Q7268255,products,Q124651461,content production,2026-04-10 08:14:08.375809
13232,RBRK,Q55632076,products,Q899388,data security,2026-04-10 08:14:08.375809
13233,RBRK,Q55632076,products,Q2024390,remote backup service,2026-04-10 08:14:08.375809
13234,RBRK,Q55632076,products,Q3510521,computer security,2026-04-10 08:14:08.375809
13235,RBRK,Q55632076,products,Q104852562,zero trust architecture,2026-04-10 08:14:08.375809
13236,RBRK,Q55632076,products,Q113208079,data security and protection,2026-04-10 08:14:08.375809
13237,RBLX,Q67186598,products,Q692989,Roblox,2026-04-10 08:14:08.375809
13238,RBLX,Q67186598,products,Q97167512,Roblox Studio,2026-04-10 08:14:08.375809
13241,RDDT,Q111759432,products,Q1136,Reddit,2026-04-10 08:14:08.375809
13294,RCI,Q165684,instance_of,Q11371,internet service provider,2026-04-10 08:14:08.375809
13295,RCI,Q165684,instance_of,Q891723,public company,2026-04-10 08:14:08.375809
13296,RCI,Q165684,instance_of,Q4830453,business,2026-04-10 08:14:08.375809
13297,RCL,Q427881,instance_of,Q891723,public company,2026-04-10 08:14:08.375809
13298,RCL,Q427881,instance_of,Q4830453,business,2026-04-10 08:14:08.375809
13299,RCL,Q427881,instance_of,Q6881511,enterprise,2026-04-10 08:14:08.375809
13300,RIG,Q686785,instance_of,Q891723,public company,2026-04-10 08:14:08.375809
13301,RIG,Q686785,instance_of,Q4830453,business,2026-04-10 08:14:08.375809
13302,RIO,Q821293,instance_of,Q778575,conglomerate,2026-04-10 08:14:08.375809
13303,RIO,Q821293,instance_of,Q17326725,group of companies,2026-04-10 08:14:08.375809
13304,RDY,Q908961,instance_of,Q891723,public company,2026-04-10 08:14:08.375809
13305,RDY,Q908961,instance_of,Q4830453,business,2026-04-10 08:14:08.375809
13306,RDY,Q908961,instance_of,Q6881511,enterprise,2026-04-10 08:14:08.375809
13307,RF,Q917131,instance_of,Q730038,credit institution,2026-04-10 08:14:08.375809
13308,RF,Q917131,instance_of,Q891723,public company,2026-04-10 08:14:08.375809
13309,RF,Q917131,instance_of,Q4830453,business,2026-04-10 08:14:08.375809
13310,RF,Q917131,instance_of,Q6881511,enterprise,2026-04-10 08:14:08.375809
13311,PVH,Q1132272,instance_of,Q891723,public company,2026-04-10 08:14:08.375809
13312,PVH,Q1132272,instance_of,Q4830453,business,2026-04-10 08:14:08.375809
13313,PUK,Q1374135,instance_of,Q891723,public company,2026-04-10 08:14:08.375809
13314,PUK,Q1374135,instance_of,Q4830453,business,2026-04-10 08:14:08.375809
13315,PUK,Q1374135,instance_of,Q6881511,enterprise,2026-04-10 08:14:08.375809
13316,RGR,Q1508526,instance_of,Q891723,public company,2026-04-10 08:14:08.375809
13317,RGR,Q1508526,instance_of,Q4830453,business,2026-04-10 08:14:08.375809
13318,RGR,Q1508526,instance_of,Q6881511,enterprise,2026-04-10 08:14:08.375809
13319,RGA,Q1793182,instance_of,Q891723,public company,2026-04-10 08:14:08.375809
13320,RGA,Q1793182,instance_of,Q4830453,business,2026-04-10 08:14:08.375809
13321,PXED,Q1889100,instance_of,Q3918,university,2026-04-10 08:14:08.375809
13322,PXED,Q1889100,instance_of,Q23002052,private for-profit educational institution,2026-04-10 08:14:08.375809
13323,R,Q2178198,instance_of,Q507619,retail chain,2026-04-10 08:14:08.375809
13324,R,Q2178198,instance_of,Q891723,public company,2026-04-10 08:14:08.375809
13325,R,Q2178198,instance_of,Q4830453,business,2026-04-10 08:14:08.375809
13326,QUAD,Q7268255,instance_of,Q891723,public company,2026-04-10 08:14:08.375809
13327,QUAD,Q7268255,instance_of,Q1900657,marketer,2026-04-10 08:14:08.375809
13328,QUAD,Q7268255,instance_of,Q4830453,business,2026-04-10 08:14:08.375809
13329,QUAD,Q7268255,instance_of,Q131427387,marketing solutions company,2026-04-10 08:14:08.375809
13330,PWR,Q7268886,instance_of,Q891723,public company,2026-04-10 08:14:08.375809
13331,PWR,Q7268886,instance_of,Q4830453,business,2026-04-10 08:14:08.375809
13332,RDN,Q7280290,instance_of,Q891723,public company,2026-04-10 08:14:08.375809
13333,RDN,Q7280290,instance_of,Q4830453,business,2026-04-10 08:14:08.375809
13334,RH,Q7316207,instance_of,Q891723,public company,2026-04-10 08:14:08.375809
13335,RH,Q7316207,instance_of,Q4830453,business,2026-04-10 08:14:08.375809
13336,RBA,Q7336661,instance_of,Q891723,public company,2026-04-10 08:14:08.375809
13337,RBA,Q7336661,instance_of,Q4830453,business,2026-04-10 08:14:08.375809
13338,RIO,Q10291918,instance_of,Q891723,public company,2026-04-10 08:14:08.375809
13339,RIO,Q10291918,instance_of,Q6881511,enterprise,2026-04-10 08:14:08.375809
13340,RBRK,Q55632076,instance_of,Q891723,public company,2026-04-10 08:14:08.375809
13341,RBRK,Q55632076,instance_of,Q4830453,business,2026-04-10 08:14:08.375809
13342,RBRK,Q55632076,instance_of,Q18388277,technology company,2026-04-10 08:14:08.375809
13343,RBLX,Q67186598,instance_of,Q210167,video game developer,2026-04-10 08:14:08.375809
13344,RBLX,Q67186598,instance_of,Q891723,public company,2026-04-10 08:14:08.375809
13345,RBLX,Q67186598,instance_of,Q4830453,business,2026-04-10 08:14:08.375809
13346,RDW,Q106432676,instance_of,Q891723,public company,2026-04-10 08:14:08.375809
13347,RDW,Q106432676,instance_of,Q4830453,business,2026-04-10 08:14:08.375809
13348,REZI,Q110443096,instance_of,Q783794,company,2026-04-10 08:14:08.375809
13349,REZI,Q110443096,instance_of,Q891723,public company,2026-04-10 08:14:08.375809
13350,REZI,Q110443096,instance_of,Q4830453,business,2026-04-10 08:14:08.375809
13351,RDDT,Q111759432,instance_of,Q1194970,dot-com company,2026-04-10 08:14:08.375809
13352,RDDT,Q111759432,instance_of,Q4830453,business,2026-04-10 08:14:08.375809
13353,RCUS,Q113503877,instance_of,Q891723,public company,2026-04-10 08:14:08.375809
13354,RAMP,Q125352505,instance_of,Q4830453,business,2026-04-10 08:14:08.375809
13356,RCL,Q427881,part_of,Q242345,S&P 500,2026-04-10 08:14:08.375809
13357,RIG,Q686785,part_of,Q666714,Swiss Market Index,2026-04-10 08:14:08.375809
13360,RF,Q917131,part_of,Q242345,S&P 500,2026-04-10 08:14:08.375809
13361,PVH,Q1132272,part_of,Q242345,S&P 500,2026-04-10 08:14:08.375809
13362,PUK,Q1374135,part_of,Q466496,FTSE 100 Index,2026-04-10 08:14:08.375809
13368,PWR,Q7268886,part_of,Q242345,S&P 500,2026-04-10 08:14:08.375809
13372,RIO,Q10291918,part_of,Q466496,FTSE 100 Index,2026-04-10 08:14:08.375809
13373,RIO,Q10291918,part_of,RIO,Rio Tinto Group,2026-04-10 08:14:08.375809
13384,RIO,Q821293,owned_by,BLK,BlackRock,2026-04-10 08:14:08.375809
13385,RIO,Q821293,owned_by,ACH,Aluminum Corporation of China,2026-04-10 08:14:08.375809
13554,S,Q301965,products,Q7397,software,2026-04-10 08:14:08.375809
13556,SAM,Q894558,products,Q21286736,Samuel Adams,2026-04-10 08:14:08.375809
13558,ROK,Q1529234,products,Q11661,information technology,2026-04-10 08:14:08.375809
13559,ROK,Q1529234,products,Q184199,automation,2026-04-10 08:14:08.375809
13560,RL,Q1641437,products,Q11460,clothing,2026-04-10 08:14:08.375809
13561,RL,Q1641437,products,Q131746,perfume,2026-04-10 08:14:08.375809
13562,RL,Q1641437,products,Q161439,jewelry,2026-04-10 08:14:08.375809
13563,RL,Q1641437,products,Q161928,footwear,2026-04-10 08:14:08.375809
13564,RL,Q1641437,products,Q369594,household goods,2026-04-10 08:14:08.375809
13566,RRC,Q4048013,products,Q22656,petroleum,2026-04-10 08:14:08.375809
13571,RYN,Q7299366,products,Q1370714,lumber,2026-04-10 08:14:08.375809
13573,RS,Q7311031,products,Q663,aluminium,2026-04-10 08:14:08.375809
13633,RPM,Q48755,instance_of,Q891723,public company,2026-04-10 08:14:08.375809
13634,RPM,Q48755,instance_of,Q4830453,business,2026-04-10 08:14:08.375809
13635,RPM,Q48755,instance_of,Q6881511,enterprise,2026-04-10 08:14:08.375809
13636,S,Q301965,instance_of,Q891723,public company,2026-04-10 08:14:08.375809
13637,S,Q301965,instance_of,Q1941618,mobile network operator,2026-04-10 08:14:08.375809
13638,S,Q301965,instance_of,Q4830453,business,2026-04-10 08:14:08.375809
13639,S,Q301965,instance_of,Q6881511,enterprise,2026-04-10 08:14:08.375809
13640,RY,Q735261,instance_of,Q22687,bank,2026-04-10 08:14:08.375809
13641,RY,Q735261,instance_of,Q43229,organization,2026-04-10 08:14:08.375809
13642,RY,Q735261,instance_of,Q650241,financial institution,2026-04-10 08:14:08.375809
13643,RY,Q735261,instance_of,Q891723,public company,2026-04-10 08:14:08.375809
13644,RY,Q735261,instance_of,Q4830453,business,2026-04-10 08:14:08.375809
13645,SAM,Q894558,instance_of,Q131734,brewery,2026-04-10 08:14:08.375809
13646,SAM,Q894558,instance_of,Q891723,public company,2026-04-10 08:14:08.375809
13647,ROK,Q1348664,instance_of,Q778575,conglomerate,2026-04-10 08:14:08.375809
13648,ROK,Q1348664,instance_of,Q891723,public company,2026-04-10 08:14:08.375809
13649,ROK,Q1529234,instance_of,Q891723,public company,2026-04-10 08:14:08.375809
13650,ROK,Q1529234,instance_of,Q4830453,business,2026-04-10 08:14:08.375809
13651,ROK,Q1529234,instance_of,Q6881511,enterprise,2026-04-10 08:14:08.375809
13652,RL,Q1641437,instance_of,Q891723,public company,2026-04-10 08:14:08.375809
13653,RL,Q1641437,instance_of,Q4830453,business,2026-04-10 08:14:08.375809
13654,RL,Q1641437,instance_of,Q6881511,enterprise,2026-04-10 08:14:08.375809
13655,RHI,Q2157448,instance_of,Q891723,public company,2026-04-10 08:14:08.375809
13656,RHI,Q2157448,instance_of,Q6881511,enterprise,2026-04-10 08:14:08.375809
13657,RHI,Q2157448,instance_of,Q17175443,recruitment agency,2026-04-10 08:14:08.375809
13658,RRC,Q4048013,instance_of,Q891723,public company,2026-04-10 08:14:08.375809
13659,RRC,Q4048013,instance_of,Q4830453,business,2026-04-10 08:14:08.375809
13660,RRC,Q4048013,instance_of,Q6881511,enterprise,2026-04-10 08:14:08.375809
13661,S,Q6499202,instance_of,Q891723,public company,2026-04-10 08:14:08.375809
13662,S,Q6499202,instance_of,Q4830453,business,2026-04-10 08:14:08.375809
13663,RLI,Q7276947,instance_of,Q891723,public company,2026-04-10 08:14:08.375809
13664,RLI,Q7276947,instance_of,Q4830453,business,2026-04-10 08:14:08.375809
13665,RPT,Q7289304,instance_of,Q891723,public company,2026-04-10 08:14:08.375809
13666,RPT,Q7289304,instance_of,Q4830453,business,2026-04-10 08:14:08.375809
13667,RJF,Q7298901,instance_of,Q891723,public company,2026-04-10 08:14:08.375809
13668,RJF,Q7298901,instance_of,Q4830453,business,2026-04-10 08:14:08.375809
13669,RJF,Q7298901,instance_of,Q6881511,enterprise,2026-04-10 08:14:08.375809
13670,RYN,Q7299366,instance_of,Q891723,public company,2026-04-10 08:14:08.375809
13671,RYN,Q7299366,instance_of,Q4830453,business,2026-04-10 08:14:08.375809
13672,RRX,Q7307899,instance_of,Q891723,public company,2026-04-10 08:14:08.375809
13673,RRX,Q7307899,instance_of,Q4830453,business,2026-04-10 08:14:08.375809
13674,RS,Q7311031,instance_of,Q891723,public company,2026-04-10 08:14:08.375809
13675,RS,Q7311031,instance_of,Q4830453,business,2026-04-10 08:14:08.375809
13676,RSG,Q7314415,instance_of,Q891723,public company,2026-04-10 08:14:08.375809
13677,RSG,Q7314415,instance_of,Q4830453,business,2026-04-10 08:14:08.375809
13678,RSG,Q7314415,instance_of,Q6881511,enterprise,2026-04-10 08:14:08.375809
13679,RMD,Q7314903,instance_of,Q891723,public company,2026-04-10 08:14:08.375809
13680,RMD,Q7314903,instance_of,Q4830453,business,2026-04-10 08:14:08.375809
13681,RNG,Q7334682,instance_of,Q891723,public company,2026-04-10 08:14:08.375809
13682,RNG,Q7334682,instance_of,Q4830453,business,2026-04-10 08:14:08.375809
13683,ROL,Q7361273,instance_of,Q891723,public company,2026-04-10 08:14:08.375809
13684,ROL,Q7361273,instance_of,Q4830453,business,2026-04-10 08:14:08.375809
13685,RNR,Q16984071,instance_of,Q891723,public company,2026-04-10 08:14:08.375809
13686,RNR,Q16984071,instance_of,Q4830453,business,2026-04-10 08:14:08.375809
13687,ROG,Q16984188,instance_of,Q891723,public company,2026-04-10 08:14:08.375809
13688,ROG,Q16984188,instance_of,Q4830453,business,2026-04-10 08:14:08.375809
13689,S,Q104844406,instance_of,Q891723,public company,2026-04-10 08:14:08.375809
13690,S,Q104844406,instance_of,Q4830453,business,2026-04-10 08:14:08.375809
13691,RKT,Q105887484,instance_of,Q783794,company,2026-04-10 08:14:08.375809
13692,RKT,Q105887484,instance_of,Q891723,public company,2026-04-10 08:14:08.375809
13693,RITM,Q124054377,instance_of,Q4830453,business,2026-04-10 08:14:08.375809
13696,RY,Q735261,part_of,Q773026,Dow Jones Global Titans 50,2026-04-10 08:14:08.375809
13699,ROK,Q1529234,part_of,Q242345,S&P 500,2026-04-10 08:14:08.375809
13700,RL,Q1641437,part_of,Q242345,S&P 500,2026-04-10 08:14:08.375809
13701,RHI,Q2157448,part_of,Q242345,S&P 500,2026-04-10 08:14:08.375809
13706,RJF,Q7298901,part_of,Q242345,S&P 500,2026-04-10 08:14:08.375809
13710,RSG,Q7314415,part_of,Q242345,S&P 500,2026-04-10 08:14:08.375809
13711,RMD,Q7314903,part_of,Q242345,S&P 500,2026-04-10 08:14:08.375809
13713,ROL,Q7361273,part_of,Q242345,S&P 500,2026-04-10 08:14:08.375809
13940,SID,Q400384,products,Q11427,steel,2026-04-10 08:14:08.375809
13942,SHAK,Q1058722,products,Q6663,hamburger,2026-04-10 08:14:08.375809
13946,SBH,Q7405065,products,Q131207,cosmetics,2026-04-10 08:14:08.375809
13947,SD,Q7415751,products,Q22656,petroleum,2026-04-10 08:14:08.375809
13950,SCCO,Q7569806,products,Q111044,chalcopyrite,2026-04-10 08:14:08.375809
13951,SF,Q7616390,products,Q160117,broker,2026-04-10 08:14:08.375809
13952,SF,Q7616390,products,Q837171,financial services,2026-04-10 08:14:08.375809
13953,SF,Q7616390,products,Q873442,asset management,2026-04-10 08:14:08.375809
13954,SF,Q7616390,products,Q1445414,intermediation,2026-04-10 08:14:08.375809
13955,SF,Q7616390,products,Q11774490,broker-dealer,2026-04-10 08:14:08.375809
13956,SF,Q7616390,products,Q11833245,investment banking,2026-04-10 08:14:08.375809
13958,SCI,Q11306218,products,Q201676,funeral,2026-04-10 08:14:08.375809
13961,SM,Q16984687,products,Q22656,petroleum,2026-04-10 08:14:08.375809
13963,SG,Q18636413,products,Q9266,salad,2026-04-10 08:14:08.375809
14018,SHW,Q48881,instance_of,Q891723,public company,2026-04-10 08:14:08.375809
14019,SHW,Q48881,instance_of,Q4830453,business,2026-04-10 08:14:08.375809
14020,SHW,Q48881,instance_of,Q6881511,enterprise,2026-04-10 08:14:08.375809
14021,SI,Q81230,instance_of,Q778575,conglomerate,2026-04-10 08:14:08.375809
14022,SI,Q81230,instance_of,Q4830453,business,2026-04-10 08:14:08.375809
14023,SI,Q81230,instance_of,Q6881511,enterprise,2026-04-10 08:14:08.375809
14024,SID,Q400384,instance_of,Q891723,public company,2026-04-10 08:14:08.375809
14025,SID,Q400384,instance_of,Q4830453,business,2026-04-10 08:14:08.375809
14026,SID,Q400384,instance_of,Q6881511,enterprise,2026-04-10 08:14:08.375809
14027,SKM,Q493145,instance_of,Q18127,record label,2026-04-10 08:14:08.375809
14028,SKM,Q493145,instance_of,Q891723,public company,2026-04-10 08:14:08.375809
14029,SKM,Q493145,instance_of,Q4830453,business,2026-04-10 08:14:08.375809
14030,SKM,Q493145,instance_of,Q6881511,enterprise,2026-04-10 08:14:08.375809
14031,SHAK,Q1058722,instance_of,Q891723,public company,2026-04-10 08:14:08.375809
14032,SHAK,Q1058722,instance_of,Q4830453,business,2026-04-10 08:14:08.375809
14033,SCHW,Q1066028,instance_of,Q891723,public company,2026-04-10 08:14:08.375809
14034,SCHW,Q1066028,instance_of,Q2073644,brokerage firm,2026-04-10 08:14:08.375809
14035,SCHW,Q1066028,instance_of,Q4230006,asset management company,2026-04-10 08:14:08.375809
14036,SCHW,Q1066028,instance_of,Q4830453,business,2026-04-10 08:14:08.375809
14037,SCHW,Q1066028,instance_of,Q6881511,enterprise,2026-04-10 08:14:08.375809
14038,SCL,Q3208192,instance_of,Q891723,public company,2026-04-10 08:14:08.375809
14039,SCL,Q3208192,instance_of,Q4830453,business,2026-04-10 08:14:08.375809
14040,SLG,Q7391016,instance_of,Q697852,real estate investment trust,2026-04-10 08:14:08.375809
14041,SLG,Q7391016,instance_of,Q891723,public company,2026-04-10 08:14:08.375809
14042,SBH,Q7405065,instance_of,Q507619,retail chain,2026-04-10 08:14:08.375809
14043,SBH,Q7405065,instance_of,Q891723,public company,2026-04-10 08:14:08.375809
14044,SBH,Q7405065,instance_of,Q4830453,business,2026-04-10 08:14:08.375809
14045,SD,Q7415751,instance_of,Q891723,public company,2026-04-10 08:14:08.375809
14046,SD,Q7415751,instance_of,Q4830453,business,2026-04-10 08:14:08.375809
14047,SD,Q7415751,instance_of,Q6881511,enterprise,2026-04-10 08:14:08.375809
14048,SEE,Q7440621,instance_of,Q891723,public company,2026-04-10 08:14:08.375809
14049,SEE,Q7440621,instance_of,Q4830453,business,2026-04-10 08:14:08.375809
14050,SAH,Q7561788,instance_of,Q891723,public company,2026-04-10 08:14:08.375809
14051,SAH,Q7561788,instance_of,Q4830453,business,2026-04-10 08:14:08.375809
14052,SCCO,Q7569806,instance_of,Q891723,public company,2026-04-10 08:14:08.375809
14053,SCCO,Q7569806,instance_of,Q4830453,business,2026-04-10 08:14:08.375809
14054,SF,Q7616390,instance_of,Q22687,bank,2026-04-10 08:14:08.375809
14055,SF,Q7616390,instance_of,Q730038,credit institution,2026-04-10 08:14:08.375809
14056,SF,Q7616390,instance_of,Q891723,public company,2026-04-10 08:14:08.375809
14057,SF,Q7616390,instance_of,Q4830453,business,2026-04-10 08:14:08.375809
14058,SF,Q7616390,instance_of,Q6881511,enterprise,2026-04-10 08:14:08.375809
14059,SJM,Q7742790,instance_of,Q891723,public company,2026-04-10 08:14:08.375809
14060,SJM,Q7742790,instance_of,Q4830453,business,2026-04-10 08:14:08.375809
14061,SCI,Q11306218,instance_of,Q891723,public company,2026-04-10 08:14:08.375809
14062,SCI,Q11306218,instance_of,Q4830453,business,2026-04-10 08:14:08.375809
14063,SCI,Q11306218,instance_of,Q6881511,enterprise,2026-04-10 08:14:08.375809
14064,SEM,Q16984522,instance_of,Q891723,public company,2026-04-10 08:14:08.375809
14065,SEM,Q16984522,instance_of,Q4830453,business,2026-04-10 08:14:08.375809
14066,SI,Q16984598,instance_of,Q891723,public company,2026-04-10 08:14:08.375809
14067,SI,Q16984598,instance_of,Q4830453,business,2026-04-10 08:14:08.375809
14068,SM,Q16984687,instance_of,Q891723,public company,2026-04-10 08:14:08.375809
14069,SM,Q16984687,instance_of,Q4830453,business,2026-04-10 08:14:08.375809
14070,SM,Q16984687,instance_of,Q6881511,enterprise,2026-04-10 08:14:08.375809
14071,RYAM,Q18619467,instance_of,Q891723,public company,2026-04-10 08:14:08.375809
14072,RYAM,Q18619467,instance_of,Q4830453,business,2026-04-10 08:14:08.375809
14073,SG,Q18636413,instance_of,Q891723,public company,2026-04-10 08:14:08.375809
14074,SG,Q18636413,instance_of,Q4830453,business,2026-04-10 08:14:08.375809
14075,SG,Q18636413,instance_of,Q18534542,restaurant chain,2026-04-10 08:14:08.375809
14076,SEMR,Q48818116,instance_of,Q431289,brand,2026-04-10 08:14:08.375809
14077,SEMR,Q48818116,instance_of,Q891723,public company,2026-04-10 08:14:08.375809
14078,SEMR,Q48818116,instance_of,Q4830453,business,2026-04-10 08:14:08.375809
14079,RTX,Q89368734,instance_of,Q891723,public company,2026-04-10 08:14:08.375809
14080,RTX,Q89368734,instance_of,Q1934969,defense contractor,2026-04-10 08:14:08.375809
14081,RTX,Q89368734,instance_of,Q4830453,business,2026-04-10 08:14:08.375809
14082,RVTY,Q120467527,instance_of,Q783794,company,2026-04-10 08:14:08.375809
14083,SBSI,Q134008655,instance_of,Q22687,bank,2026-04-10 08:14:08.375809
14084,SBSI,Q134008655,instance_of,Q65553774,chain,2026-04-10 08:14:08.375809
14085,SHW,Q48881,part_of,Q180816,Dow Jones Industrial Average,2026-04-10 08:14:08.375809
14086,SHW,Q48881,part_of,Q242345,S&P 500,2026-04-10 08:14:08.375809
14087,SI,Q81230,part_of,Q155718,DAX,2026-04-10 08:14:08.375809
14088,SI,Q81230,part_of,Q773026,Dow Jones Global Titans 50,2026-04-10 08:14:08.375809
14089,SI,Q81230,part_of,Q874430,CDAX,2026-04-10 08:14:08.375809
14090,SI,Q81230,part_of,Q981010,EURO STOXX 50,2026-04-10 08:14:08.375809
14091,SI,Q81230,part_of,Q1230458,DivDAX,2026-04-10 08:14:08.375809
14092,SI,Q81230,part_of,Q6571804,list of German companies by employees in 1938,2026-04-10 08:14:08.375809
14093,SI,Q81230,part_of,Q10366645,Stoxx Europe 600 Index,2026-04-10 08:14:08.375809
14097,SCHW,Q1066028,part_of,Q242345,S&P 500,2026-04-10 08:14:08.375809
14098,SCHW,Q1066028,part_of,Q1546793,S&P 100,2026-04-10 08:14:08.375809
14100,SLG,Q7391016,part_of,Q242345,S&P 500,2026-04-10 08:14:08.375809
14103,SEE,Q7440621,part_of,Q242345,S&P 500,2026-04-10 08:14:08.375809
14107,SJM,Q7742790,part_of,Q242345,S&P 500,2026-04-10 08:14:08.375809
14115,RTX,Q89368734,part_of,Q180816,Dow Jones Industrial Average,2026-04-10 08:14:08.375809
14116,RTX,Q89368734,part_of,Q242345,S&P 500,2026-04-10 08:14:08.375809
14117,RTX,Q89368734,part_of,Q1546793,S&P 100,2026-04-10 08:14:08.375809
14121,SI,Q81230,owned_by,BLK,BlackRock,2026-04-10 08:14:08.375809
14145,RTX,Q89368734,owned_by,JPM,JPMorgan Chase,2026-04-10 08:14:08.375809
14146,RTX,Q89368734,owned_by,BLK,BlackRock,2026-04-10 08:14:08.375809
14147,RTX,Q89368734,owned_by,MS,Morgan Stanley,2026-04-10 08:14:08.375809
14148,RTX,Q89368734,owned_by,BAC,Bank of America,2026-04-10 08:14:08.375809
14152,RTX,Q89368734,owned_by,STT,State Street Corporation,2026-04-10 08:14:08.375809
14248,SLF,Q835456,subsidiaries,MGF,nan,2026-04-10 08:14:08.375809
14336,SPCE,Q373225,products,Q1414565,spaceplane,2026-04-10 08:14:08.375809
14337,SNN,Q502509,products,Q6554101,medical device,2026-04-10 08:14:08.375809
14341,SLF,Q835456,products,Q4290,investment,2026-04-10 08:14:08.375809
14342,SLF,Q835456,products,Q156223,pension,2026-04-10 08:14:08.375809
14343,SLF,Q835456,products,Q334911,health insurance,2026-04-10 08:14:08.375809
14344,SLF,Q835456,products,Q873442,asset management,2026-04-10 08:14:08.375809
14345,SLF,Q835456,products,Q1416547,financial plan,2026-04-10 08:14:08.375809
14346,SLF,Q835456,products,Q4443484,,2026-04-10 08:14:08.375809
14349,STT,Q2037125,products,Q873442,asset management,2026-04-10 08:14:08.375809
14350,STT,Q2037125,products,Q2638043,,2026-04-10 08:14:08.375809
14352,SO,Q2304693,products,Q12725,electricity,2026-04-10 08:14:08.375809
14356,SMR,Q7067710,products,Q7543123,small modular reactor,2026-04-10 08:14:08.375809
14360,SKT,Q7682888,products,Q11315,shopping center,2026-04-10 08:14:08.375809
14362,SNOW,Q22078063,products,Q107383153,snowflake-connector-python,2026-04-10 08:14:08.375809
14363,SNAP,Q27022329,products,Q333618,,2026-04-10 08:14:08.375809
14364,SNAP,Q27022329,products,Q354869,image sharing,2026-04-10 08:14:08.375809
14365,SNAP,Q27022329,products,Q620615,mobile app,2026-04-10 08:14:08.375809
14366,SNAP,Q27022329,products,Q27866035,Spectacles,2026-04-10 08:14:08.375809
14367,SNAP,Q27022329,products,Q113578744,video sharing,2026-04-10 08:14:08.375809
14368,SSD,Q29469208,products,Q2997516,anchor bolt,2026-04-10 08:14:08.375809
14369,SSD,Q29469208,products,Q17144541,tension element,2026-04-10 08:14:08.375809
14425,SPCE,Q373225,instance_of,Q46970,airline,2026-04-10 08:14:08.375809
14426,SPCE,Q373225,instance_of,Q891723,public company,2026-04-10 08:14:08.375809
14427,SPCE,Q373225,instance_of,Q936518,aerospace manufacturer,2026-04-10 08:14:08.375809
14428,SNN,Q502509,instance_of,Q891723,public company,2026-04-10 08:14:08.375809
14429,SNN,Q502509,instance_of,Q4830453,business,2026-04-10 08:14:08.375809
14430,SNN,Q502509,instance_of,Q6881511,enterprise,2026-04-10 08:14:08.375809
14431,SNN,Q502509,instance_of,Q63383584,Indian medical surgical planning and 3D printing company,2026-04-10 08:14:08.375809
14432,STM,Q661845,instance_of,Q891723,public company,2026-04-10 08:14:08.375809
14433,STMMI.MI,Q661845,instance_of,Q891723,public company,2026-04-10 08:14:08.375809
14434,STM,Q661845,instance_of,Q4830453,business,2026-04-10 08:14:08.375809
14435,STMMI.MI,Q661845,instance_of,Q4830453,business,2026-04-10 08:14:08.375809
14436,STM,Q661845,instance_of,Q6881511,enterprise,2026-04-10 08:14:08.375809
14437,STMMI.MI,Q661845,instance_of,Q6881511,enterprise,2026-04-10 08:14:08.375809
14438,SPB,Q771865,instance_of,Q891723,public company,2026-04-10 08:14:08.375809
14439,SPB,Q771865,instance_of,Q4830453,business,2026-04-10 08:14:08.375809
14440,SPB,Q771865,instance_of,Q6881511,enterprise,2026-04-10 08:14:08.375809
14441,SLF,Q835456,instance_of,Q891723,public company,2026-04-10 08:14:08.375809
14442,SLF,Q835456,instance_of,Q4830453,business,2026-04-10 08:14:08.375809
14443,SLF,Q835456,instance_of,Q6881511,enterprise,2026-04-10 08:14:08.375809
14444,SPGI,Q868587,instance_of,Q891723,public company,2026-04-10 08:14:08.375809
14445,SPGI,Q868587,instance_of,Q4830453,business,2026-04-10 08:14:08.375809
14446,SPGI,Q868587,instance_of,Q6881511,enterprise,2026-04-10 08:14:08.375809
14447,SNA,Q1631922,instance_of,Q891723,public company,2026-04-10 08:14:08.375809
14448,SNA,Q1631922,instance_of,Q4830453,business,2026-04-10 08:14:08.375809
14449,STT,Q2037125,instance_of,Q730038,credit institution,2026-04-10 08:14:08.375809
14450,STT,Q2037125,instance_of,Q891723,public company,2026-04-10 08:14:08.375809
14451,STT,Q2037125,instance_of,Q4830453,business,2026-04-10 08:14:08.375809
14452,STT,Q2037125,instance_of,Q6881511,enterprise,2026-04-10 08:14:08.375809
14453,SPG,Q2287759,instance_of,Q697852,real estate investment trust,2026-04-10 08:14:08.375809
14454,SPG,Q2287759,instance_of,Q891723,public company,2026-04-10 08:14:08.375809
14455,SPG,Q2287759,instance_of,Q65553774,chain,2026-04-10 08:14:08.375809
14456,SO,Q2304693,instance_of,Q891723,public company,2026-04-10 08:14:08.375809
14457,SO,Q2304693,instance_of,Q1341478,energy company,2026-04-10 08:14:08.375809
14458,SO,Q2304693,instance_of,Q4830453,business,2026-04-10 08:14:08.375809
14459,SO,Q2304693,instance_of,Q6881511,enterprise,2026-04-10 08:14:08.375809
14460,STN,Q2331913,instance_of,Q891723,public company,2026-04-10 08:14:08.375809
14461,STN,Q2331913,instance_of,Q4830453,business,2026-04-10 08:14:08.375809
14462,SMG,Q2414097,instance_of,Q43229,organization,2026-04-10 08:14:08.375809
14463,SMG,Q2414097,instance_of,Q891723,public company,2026-04-10 08:14:08.375809
14464,SMG,Q2414097,instance_of,Q4830453,business,2026-04-10 08:14:08.375809
14465,SNDA,Q5035662,instance_of,Q43229,organization,2026-04-10 08:14:08.375809
14466,SNDA,Q5035662,instance_of,Q891723,public company,2026-04-10 08:14:08.375809
14467,SMR,Q7067710,instance_of,Q891723,public company,2026-04-10 08:14:08.375809
14468,SMR,Q7067710,instance_of,Q4830453,business,2026-04-10 08:14:08.375809
14469,SNDR,Q7431894,instance_of,Q891723,public company,2026-04-10 08:14:08.375809
14470,SNDR,Q7431894,instance_of,Q4830453,business,2026-04-10 08:14:08.375809
14471,SON,Q7562151,instance_of,Q891723,public company,2026-04-10 08:14:08.375809
14472,SON,Q7562151,instance_of,Q4830453,business,2026-04-10 08:14:08.375809
14473,SNX,Q7662493,instance_of,Q891723,public company,2026-04-10 08:14:08.375809
14474,SNX,Q7662493,instance_of,Q4830453,business,2026-04-10 08:14:08.375809
14475,SKT,Q7682888,instance_of,Q697852,real estate investment trust,2026-04-10 08:14:08.375809
14476,SKT,Q7682888,instance_of,Q891723,public company,2026-04-10 08:14:08.375809
14477,SKT,Q7682888,instance_of,Q4830453,business,2026-04-10 08:14:08.375809
14478,SKLZ,Q18378515,instance_of,Q891723,public company,2026-04-10 08:14:08.375809
14479,SKLZ,Q18378515,instance_of,Q4830453,business,2026-04-10 08:14:08.375809
14480,SKLZ,Q18378515,instance_of,Q27666158,video game platform,2026-04-10 08:14:08.375809
14481,SNOW,Q22078063,instance_of,Q7397,software,2026-04-10 08:14:08.375809
14482,SNOW,Q22078063,instance_of,Q43229,organization,2026-04-10 08:14:08.375809
14483,SNOW,Q22078063,instance_of,Q891723,public company,2026-04-10 08:14:08.375809
14484,SNOW,Q22078063,instance_of,Q1058914,software company,2026-04-10 08:14:08.375809
14485,SNOW,Q22078063,instance_of,Q4830453,business,2026-04-10 08:14:08.375809
14486,SNAP,Q27022329,instance_of,Q891723,public company,2026-04-10 08:14:08.375809
14487,SNAP,Q27022329,instance_of,Q4830453,business,2026-04-10 08:14:08.375809
14488,SSD,Q29469208,instance_of,Q783794,company,2026-04-10 08:14:08.375809
14489,SSD,Q29469208,instance_of,Q891723,public company,2026-04-10 08:14:08.375809
14490,SRG,Q105099852,instance_of,Q697852,real estate investment trust,2026-04-10 08:14:08.375809
14491,SRG,Q105099852,instance_of,Q891723,public company,2026-04-10 08:14:08.375809
14492,SRG,Q105099852,instance_of,Q4830453,business,2026-04-10 08:14:08.375809
14493,SNX,Q109539474,instance_of,Q783794,company,2026-04-10 08:14:08.375809
14494,SNX,Q109539474,instance_of,Q891723,public company,2026-04-10 08:14:08.375809
14495,SOLV,Q124795355,instance_of,Q121770336,health care organization,2026-04-10 08:14:08.375809
14497,SNN,Q502509,part_of,Q466496,FTSE 100 Index,2026-04-10 08:14:08.375809
14498,SNN,Q502509,part_of,Q1969854,Natur-Aktien-Index,2026-04-10 08:14:08.375809
14499,STM,Q661845,part_of,Q648828,CAC 40,2026-04-10 08:14:08.375809
14500,STMMI.MI,Q661845,part_of,Q648828,CAC 40,2026-04-10 08:14:08.375809
14503,SPGI,Q868587,part_of,Q242345,S&P 500,2026-04-10 08:14:08.375809
14504,SNA,Q1631922,part_of,Q242345,S&P 500,2026-04-10 08:14:08.375809
14505,STT,Q2037125,part_of,Q242345,S&P 500,2026-04-10 08:14:08.375809
14506,SPG,Q2287759,part_of,Q242345,S&P 500,2026-04-10 08:14:08.375809
14507,SPG,Q2287759,part_of,Q1546793,S&P 100,2026-04-10 08:14:08.375809
14508,SO,Q2304693,part_of,Q242345,S&P 500,2026-04-10 08:14:08.375809
14509,SO,Q2304693,part_of,Q1546793,S&P 100,2026-04-10 08:14:08.375809
14543,SMR,Q7067710,owned_by,FLR,Fluor Corporation,2026-04-10 08:14:08.375809
14717,TDC,Q430745,products,Q193351,data warehouse,2026-04-10 08:14:08.375809
14718,SWK,Q706094,products,Q39546,physical tool,2026-04-10 08:14:08.375809
14721,STZ,Q1128160,products,Q282,wine,2026-04-10 08:14:08.375809
14723,SU,Q1516410,products,Q22656,petroleum,2026-04-10 08:14:08.375809
14725,SYK,Q2357515,products,Q6554101,medical device,2026-04-10 08:14:08.375809
14728,TAP,Q3319685,products,Q44,beer,2026-04-10 08:14:08.375809
14731,SRE,Q7449804,products,Q40858,natural gas,2026-04-10 08:14:08.375809
14734,STC,Q7615829,products,Q7810126,title insurance,2026-04-10 08:14:08.375809
14736,SYF,Q18387139,products,Q161380,credit card,2026-04-10 08:14:08.375809
14740,SXI,Q48743554,products,Q212920,home appliance,2026-04-10 08:14:08.375809
14792,TDC,Q430745,instance_of,Q891723,public company,2026-04-10 08:14:08.375809
14793,TDC,Q430745,instance_of,Q4830453,business,2026-04-10 08:14:08.375809
14794,TDC,Q430745,instance_of,Q6881511,enterprise,2026-04-10 08:14:08.375809
14795,SWK,Q706094,instance_of,Q891723,public company,2026-04-10 08:14:08.375809
14796,SWK,Q706094,instance_of,Q4830453,business,2026-04-10 08:14:08.375809
14797,TAK,Q899133,instance_of,Q891723,public company,2026-04-10 08:14:08.375809
14798,TAK,Q899133,instance_of,Q1480166,kabushiki gaisha,2026-04-10 08:14:08.375809
14799,TAK,Q899133,instance_of,Q4830453,business,2026-04-10 08:14:08.375809
14800,TAK,Q899133,instance_of,Q6881511,enterprise,2026-04-10 08:14:08.375809
14801,TAK,Q899133,instance_of,Q19644607,pharmaceutical company,2026-04-10 08:14:08.375809
14802,SU,Q1032244,instance_of,Q891723,public company,2026-04-10 08:14:08.375809
14803,SU,Q1032244,instance_of,Q4830453,business,2026-04-10 08:14:08.375809
14804,SU,Q1032244,instance_of,Q6881511,enterprise,2026-04-10 08:14:08.375809
14805,STZ,Q1128160,instance_of,Q783794,company,2026-04-10 08:14:08.375809
14806,STZ,Q1128160,instance_of,Q891723,public company,2026-04-10 08:14:08.375809
14807,STZ,Q1128160,instance_of,Q4830453,business,2026-04-10 08:14:08.375809
14808,TD,Q1194832,instance_of,Q22687,bank,2026-04-10 08:14:08.375809
14809,TD,Q1194832,instance_of,Q730038,credit institution,2026-04-10 08:14:08.375809
14810,TD,Q1194832,instance_of,Q891723,public company,2026-04-10 08:14:08.375809
14811,TD,Q1194832,instance_of,Q4830453,business,2026-04-10 08:14:08.375809
14812,SU,Q1516410,instance_of,Q891723,public company,2026-04-10 08:14:08.375809
14813,SU,Q1516410,instance_of,Q4830453,business,2026-04-10 08:14:08.375809
14814,SU,Q1516410,instance_of,Q64027599,gas station chain,2026-04-10 08:14:08.375809
14815,SPXC,Q2207629,instance_of,Q891723,public company,2026-04-10 08:14:08.375809
14816,SPXC,Q2207629,instance_of,Q4830453,business,2026-04-10 08:14:08.375809
14817,SYK,Q2357515,instance_of,Q891723,public company,2026-04-10 08:14:08.375809
14818,SYK,Q2357515,instance_of,Q4830453,business,2026-04-10 08:14:08.375809
14819,SYK,Q2357515,instance_of,Q63383584,Indian medical surgical planning and 3D printing company,2026-04-10 08:14:08.375809
14820,SYY,Q2376711,instance_of,Q891723,public company,2026-04-10 08:14:08.375809
14821,SYY,Q2376711,instance_of,Q4830453,business,2026-04-10 08:14:08.375809
14822,SQM,Q3067064,instance_of,Q783794,company,2026-04-10 08:14:08.375809
14823,SQM,Q3067064,instance_of,Q891723,public company,2026-04-10 08:14:08.375809
14824,SQM,Q3067064,instance_of,Q4830453,business,2026-04-10 08:14:08.375809
14825,SQM,Q3067064,instance_of,Q6881511,enterprise,2026-04-10 08:14:08.375809
14826,TAP,Q3319685,instance_of,Q891723,public company,2026-04-10 08:14:08.375809
14827,TAP,Q3319685,instance_of,Q6881511,enterprise,2026-04-10 08:14:08.375809
14828,SSTK,Q3482689,instance_of,Q891723,public company,2026-04-10 08:14:08.375809
14829,SSTK,Q3482689,instance_of,Q4830453,business,2026-04-10 08:14:08.375809
14830,SSTK,Q3482689,instance_of,Q6881511,enterprise,2026-04-10 08:14:08.375809
14831,SR,Q6468754,instance_of,Q891723,public company,2026-04-10 08:14:08.375809
14832,SR,Q6468754,instance_of,Q4830453,business,2026-04-10 08:14:08.375809
14833,SRE,Q7449804,instance_of,Q891723,public company,2026-04-10 08:14:08.375809
14834,SRE,Q7449804,instance_of,Q4830453,business,2026-04-10 08:14:08.375809
14835,SXT,Q7451039,instance_of,Q891723,public company,2026-04-10 08:14:08.375809
14836,SXT,Q7451039,instance_of,Q4830453,business,2026-04-10 08:14:08.375809
14837,SWX,Q7571280,instance_of,Q891723,public company,2026-04-10 08:14:08.375809
14838,SWX,Q7571280,instance_of,Q4830453,business,2026-04-10 08:14:08.375809
14839,STC,Q7615829,instance_of,Q167037,corporation,2026-04-10 08:14:08.375809
14840,STC,Q7615829,instance_of,Q891723,public company,2026-04-10 08:14:08.375809
14841,SUI,Q7638250,instance_of,Q891723,public company,2026-04-10 08:14:08.375809
14842,SUI,Q7638250,instance_of,Q4830453,business,2026-04-10 08:14:08.375809
14843,SYF,Q18387139,instance_of,Q891723,public company,2026-04-10 08:14:08.375809
14844,SYF,Q18387139,instance_of,Q4830453,business,2026-04-10 08:14:08.375809
14845,SYF,Q18387139,instance_of,Q6881511,enterprise,2026-04-10 08:14:08.375809
14846,SPIR,Q19877982,instance_of,Q891723,public company,2026-04-10 08:14:08.375809
14847,SPIR,Q19877982,instance_of,Q4830453,business,2026-04-10 08:14:08.375809
14848,TBI,Q33127130,instance_of,Q891723,public company,2026-04-10 08:14:08.375809
14849,TBI,Q33127130,instance_of,Q4830453,business,2026-04-10 08:14:08.375809
14850,TALO,Q39055285,instance_of,Q891723,public company,2026-04-10 08:14:08.375809
14851,TALO,Q39055285,instance_of,Q4830453,business,2026-04-10 08:14:08.375809
14852,SXI,Q48743554,instance_of,Q891723,public company,2026-04-10 08:14:08.375809
14853,STEM,Q111384730,instance_of,Q891723,public company,2026-04-10 08:14:08.375809
14855,SWK,Q706094,part_of,Q242345,S&P 500,2026-04-10 08:14:08.375809
14857,SU,Q1032244,part_of,Q47492123,STOXX Global Select Dividend 100,2026-04-10 08:14:08.375809
14858,STZ,Q1128160,part_of,Q242345,S&P 500,2026-04-10 08:14:08.375809
14862,SYK,Q2357515,part_of,Q242345,S&P 500,2026-04-10 08:14:08.375809
14863,SYY,Q2376711,part_of,Q242345,S&P 500,2026-04-10 08:14:08.375809
14865,TAP,Q3319685,part_of,Q242345,S&P 500,2026-04-10 08:14:08.375809
14868,SRE,Q7449804,part_of,Q242345,S&P 500,2026-04-10 08:14:08.375809
14873,SYF,Q18387139,part_of,Q242345,S&P 500,2026-04-10 08:14:08.375809
15062,TKO,Q120435068,investments,TKO,nan,2026-04-10 08:14:08.375809
15099,TM,Q53268,products,Q1420,car,2026-04-10 08:14:08.375809
15100,TM,Q53268,products,Q2666883,light commercial vehicle,2026-04-10 08:14:08.375809
15101,TKR,Q469553,products,Q2131789,lithium grease,2026-04-10 08:14:08.375809
15104,TEX,Q1937503,products,Q178692,crane,2026-04-10 08:14:08.375809
15105,TGS,Q2449642,products,Q40858,natural gas,2026-04-10 08:14:08.375809
15108,TDY,Q7696127,products,Q7397,software,2026-04-10 08:14:08.375809
15113,TR,Q7824332,products,Q185583,candy,2026-04-10 08:14:08.375809
15114,TR,Q7824332,products,Q5159627,confection,2026-04-10 08:14:08.375809
15120,TDOC,Q20715093,products,Q46994,telemedicine,2026-04-10 08:14:08.375809
15122,TPH,Q58041994,products,Q1307276,single-family detached home,2026-04-10 08:14:08.375809
15175,TKO,Q35339,instance_of,Q721067,professional wrestling promotion,2026-04-10 08:14:08.375809
15176,TKO,Q35339,instance_of,Q891723,public company,2026-04-10 08:14:08.375809
15177,TKO,Q35339,instance_of,Q4830453,business,2026-04-10 08:14:08.375809
15178,TM,Q53268,instance_of,Q43229,organization,2026-04-10 08:14:08.375809
15179,TM,Q53268,instance_of,Q431289,brand,2026-04-10 08:14:08.375809
15180,TM,Q53268,instance_of,Q786820,automobile manufacturer,2026-04-10 08:14:08.375809
15181,TM,Q53268,instance_of,Q891723,public company,2026-04-10 08:14:08.375809
15182,TM,Q53268,instance_of,Q10429667,car brand,2026-04-10 08:14:08.375809
15183,TM,Q53268,instance_of,Q21980538,commercial organization,2026-04-10 08:14:08.375809
15184,TKR,Q469553,instance_of,Q891723,public company,2026-04-10 08:14:08.375809
15185,TKR,Q469553,instance_of,Q4830453,business,2026-04-10 08:14:08.375809
15186,TKR,Q469553,instance_of,Q6881511,enterprise,2026-04-10 08:14:08.375809
15187,TGT,Q1046951,instance_of,Q783794,company,2026-04-10 08:14:08.375809
15188,TGT,Q1046951,instance_of,Q891723,public company,2026-04-10 08:14:08.375809
15189,TGT,Q1046951,instance_of,Q18043413,supermarket chain,2026-04-10 08:14:08.375809
15190,TJX,Q1285819,instance_of,Q891723,public company,2026-04-10 08:14:08.375809
15191,TJX,Q1285819,instance_of,Q4830453,business,2026-04-10 08:14:08.375809
15192,TJX,Q1285819,instance_of,Q6881511,enterprise,2026-04-10 08:14:08.375809
15193,TEX,Q1937503,instance_of,Q891723,public company,2026-04-10 08:14:08.375809
15194,TGS,Q2449642,instance_of,Q891723,public company,2026-04-10 08:14:08.375809
15195,TGS,Q2449642,instance_of,Q4830453,business,2026-04-10 08:14:08.375809
15196,TGS,Q2449642,instance_of,Q6881511,enterprise,2026-04-10 08:14:08.375809
15197,THC,Q3518066,instance_of,Q891723,public company,2026-04-10 08:14:08.375809
15198,THC,Q3518066,instance_of,Q4830453,business,2026-04-10 08:14:08.375809
15199,TE,Q7669940,instance_of,Q891723,public company,2026-04-10 08:14:08.375809
15200,TE,Q7669940,instance_of,Q4830453,business,2026-04-10 08:14:08.375809
15201,TDY,Q7696127,instance_of,Q778575,conglomerate,2026-04-10 08:14:08.375809
15202,TDY,Q7696127,instance_of,Q891723,public company,2026-04-10 08:14:08.375809
15203,TDY,Q7696127,instance_of,Q4830453,business,2026-04-10 08:14:08.375809
15204,TFX,Q7696143,instance_of,Q891723,public company,2026-04-10 08:14:08.375809
15205,TFX,Q7696143,instance_of,Q4830453,business,2026-04-10 08:14:08.375809
15206,THO,Q7796068,instance_of,Q891723,public company,2026-04-10 08:14:08.375809
15207,THO,Q7796068,instance_of,Q4830453,business,2026-04-10 08:14:08.375809
15208,THO,Q7796068,instance_of,Q6881511,enterprise,2026-04-10 08:14:08.375809
15209,TDW,Q7800873,instance_of,Q4830453,business,2026-04-10 08:14:08.375809
15210,TOL,Q7814310,instance_of,Q891723,public company,2026-04-10 08:14:08.375809
15211,TOL,Q7814310,instance_of,Q4830453,business,2026-04-10 08:14:08.375809
15212,TR,Q7824332,instance_of,Q891723,public company,2026-04-10 08:14:08.375809
15213,TR,Q7824332,instance_of,Q4830453,business,2026-04-10 08:14:08.375809
15214,TDG,Q7833612,instance_of,Q891723,public company,2026-04-10 08:14:08.375809
15215,TDG,Q7833612,instance_of,Q4830453,business,2026-04-10 08:14:08.375809
15216,TG,Q7837478,instance_of,Q891723,public company,2026-04-10 08:14:08.375809
15217,TG,Q7837478,instance_of,Q4830453,business,2026-04-10 08:14:08.375809
15218,TNET,Q7839814,instance_of,Q891723,public company,2026-04-10 08:14:08.375809
15219,TNET,Q7839814,instance_of,Q4830453,business,2026-04-10 08:14:08.375809
15220,TPC,Q7856971,instance_of,Q891723,public company,2026-04-10 08:14:08.375809
15221,TPC,Q7856971,instance_of,Q4830453,business,2026-04-10 08:14:08.375809
15222,TNC,Q19884156,instance_of,Q891723,public company,2026-04-10 08:14:08.375809
15223,TNC,Q19884156,instance_of,Q4830453,business,2026-04-10 08:14:08.375809
15224,TDOC,Q20715093,instance_of,Q35127,website,2026-04-10 08:14:08.375809
15225,TDOC,Q20715093,instance_of,Q891723,public company,2026-04-10 08:14:08.375809
15226,TDOC,Q20715093,instance_of,Q4830453,business,2026-04-10 08:14:08.375809
15227,TPR,Q56273715,instance_of,Q891723,public company,2026-04-10 08:14:08.375809
15228,TPR,Q56273715,instance_of,Q4830453,business,2026-04-10 08:14:08.375809
15229,TPH,Q58041994,instance_of,Q891723,public company,2026-04-10 08:14:08.375809
15230,TPH,Q58041994,instance_of,Q6881511,enterprise,2026-04-10 08:14:08.375809
15231,TPH,Q105038141,instance_of,Q891723,public company,2026-04-10 08:14:08.375809
15232,TPH,Q105038141,instance_of,Q4830453,business,2026-04-10 08:14:08.375809
15233,TKO,Q120435068,instance_of,Q783794,company,2026-04-10 08:14:08.375809
15234,TKO,Q120435068,instance_of,Q4830453,business,2026-04-10 08:14:08.375809
15236,TM,Q53268,part_of,Q773026,Dow Jones Global Titans 50,2026-04-10 08:14:08.375809
15238,TGT,Q1046951,part_of,Q242345,S&P 500,2026-04-10 08:14:08.375809
15239,TGT,Q1046951,part_of,Q1546793,S&P 100,2026-04-10 08:14:08.375809
15240,TJX,Q1285819,part_of,Q242345,S&P 500,2026-04-10 08:14:08.375809
15245,TDY,Q7696127,part_of,Q242345,S&P 500,2026-04-10 08:14:08.375809
15246,TFX,Q7696143,part_of,Q242345,S&P 500,2026-04-10 08:14:08.375809
15251,TDG,Q7833612,part_of,Q242345,S&P 500,2026-04-10 08:14:08.375809
15257,TPR,Q56273715,part_of,Q242345,S&P 500,2026-04-10 08:14:08.375809
15342,TMO,Q643674,subsidiaries,LIFE,nan,2026-04-10 08:14:08.375809
15438,TSN,Q1325987,investments,TSN,nan,2026-04-10 08:14:08.375809
15497,TV,Q47099,products,Q289,television,2026-04-10 08:14:08.375809
15498,TKC,Q283852,products,Q992968,mobile telephony,2026-04-10 08:14:08.375809
15500,TTC,Q935059,products,Q260521,lawn mower,2026-04-10 08:14:08.375809
15501,TRV,Q942471,products,Q1586573,insurance contract,2026-04-10 08:14:08.375809
15502,TSN,Q1325987,products,Q10990,meat,2026-04-10 08:14:08.375809
15503,TSN,Q1325987,products,Q81799,fast food,2026-04-10 08:14:08.375809
15504,TSN,Q1325987,products,Q178559,poultry,2026-04-10 08:14:08.375809
15505,TSN,Q1325987,products,Q74708517,plant proteins,2026-04-10 08:14:08.375809
15506,TRP,Q1516108,products,Q383973,electricity generation,2026-04-10 08:14:08.375809
15507,TRP,Q1516108,products,Q725864,pipeline transport,2026-04-10 08:14:08.375809
15508,TRP,Q1516108,products,Q1349212,natural gas storage,2026-04-10 08:14:08.375809
15517,TRU,Q7833641,products,Q1070699,credit history,2026-04-10 08:14:08.375809
15520,U,Q7875835,products,Q46970,airline,2026-04-10 08:14:08.375809
15521,U,Q7893816,products,Q63966,,2026-04-10 08:14:08.375809
15522,TREX,Q16985774,products,Q2637989,deck,2026-04-10 08:14:08.375809
15524,UDR,Q27988153,products,Q188507,apartment,2026-04-10 08:14:08.375809
15582,TV,Q47099,instance_of,Q11371,internet service provider,2026-04-10 08:14:08.375809
15583,TV,Q47099,instance_of,Q891723,public company,2026-04-10 08:14:08.375809
15584,TV,Q47099,instance_of,Q1916382,media conglomerate,2026-04-10 08:14:08.375809
15585,TV,Q47099,instance_of,Q4830453,business,2026-04-10 08:14:08.375809
15586,TV,Q47099,instance_of,Q6881511,enterprise,2026-04-10 08:14:08.375809
15587,TKC,Q283852,instance_of,Q891723,public company,2026-04-10 08:14:08.375809
15588,TKC,Q283852,instance_of,Q4830453,business,2026-04-10 08:14:08.375809
15589,TKC,Q283852,instance_of,Q6881511,enterprise,2026-04-10 08:14:08.375809
15590,TMO,Q643674,instance_of,Q891723,public company,2026-04-10 08:14:08.375809
15591,TMO,Q643674,instance_of,Q4830453,business,2026-04-10 08:14:08.375809
15592,TMO,Q643674,instance_of,Q6881511,enterprise,2026-04-10 08:14:08.375809
15593,TTC,Q935059,instance_of,Q891723,public company,2026-04-10 08:14:08.375809
15594,TTC,Q935059,instance_of,Q4830453,business,2026-04-10 08:14:08.375809
15595,TTC,Q935059,instance_of,Q6881511,enterprise,2026-04-10 08:14:08.375809
15596,TRV,Q942471,instance_of,Q891723,public company,2026-04-10 08:14:08.375809
15597,TRV,Q942471,instance_of,Q4830453,business,2026-04-10 08:14:08.375809
15598,TRV,Q942471,instance_of,Q6881511,enterprise,2026-04-10 08:14:08.375809
15599,TSN,Q1325987,instance_of,Q891723,public company,2026-04-10 08:14:08.375809
15600,TSN,Q1325987,instance_of,Q4830453,business,2026-04-10 08:14:08.375809
15601,TSN,Q1325987,instance_of,Q6881511,enterprise,2026-04-10 08:14:08.375809
15602,TRP,Q1516108,instance_of,Q891723,public company,2026-04-10 08:14:08.375809
15603,TRP,Q1516108,instance_of,Q4830453,business,2026-04-10 08:14:08.375809
15604,TXT,Q2140315,instance_of,Q778575,conglomerate,2026-04-10 08:14:08.375809
15605,TXT,Q2140315,instance_of,Q891723,public company,2026-04-10 08:14:08.375809
15606,TRGP,Q7685824,instance_of,Q891723,public company,2026-04-10 08:14:08.375809
15607,TRGP,Q7685824,instance_of,Q4830453,business,2026-04-10 08:14:08.375809
15608,TMHC,Q7690075,instance_of,Q891723,public company,2026-04-10 08:14:08.375809
15609,TMHC,Q7690075,instance_of,Q4830453,business,2026-04-10 08:14:08.375809
15610,TRC,Q7695260,instance_of,Q891723,public company,2026-04-10 08:14:08.375809
15611,TRC,Q7695260,instance_of,Q4830453,business,2026-04-10 08:14:08.375809
15612,TPL,Q7707900,instance_of,Q891723,public company,2026-04-10 08:14:08.375809
15613,TPL,Q7707900,instance_of,Q4830453,business,2026-04-10 08:14:08.375809
15614,TLYS,Q7802889,instance_of,Q891723,public company,2026-04-10 08:14:08.375809
15615,TLYS,Q7802889,instance_of,Q4830453,business,2026-04-10 08:14:08.375809
15616,TWI,Q7809776,instance_of,Q891723,public company,2026-04-10 08:14:08.375809
15617,TWI,Q7809776,instance_of,Q4830453,business,2026-04-10 08:14:08.375809
15618,TSQ,Q7830269,instance_of,Q891723,public company,2026-04-10 08:14:08.375809
15619,TSQ,Q7830269,instance_of,Q1331793,media company,2026-04-10 08:14:08.375809
15620,TRU,Q7833641,instance_of,Q891723,public company,2026-04-10 08:14:08.375809
15621,TRU,Q7833641,instance_of,Q1187145,credit bureau,2026-04-10 08:14:08.375809
15622,TRU,Q7833641,instance_of,Q4830453,business,2026-04-10 08:14:08.375809
15623,TRU,Q7833641,instance_of,Q6881511,enterprise,2026-04-10 08:14:08.375809
15624,TRN,Q7842860,instance_of,Q891723,public company,2026-04-10 08:14:08.375809
15625,TRN,Q7842860,instance_of,Q4830453,business,2026-04-10 08:14:08.375809
15626,TWLO,Q7858039,instance_of,Q35127,website,2026-04-10 08:14:08.375809
15627,TWLO,Q7858039,instance_of,Q783794,company,2026-04-10 08:14:08.375809
15628,TWLO,Q7858039,instance_of,Q891723,public company,2026-04-10 08:14:08.375809
15629,TWLO,Q7858039,instance_of,Q4830453,business,2026-04-10 08:14:08.375809
15630,U,Q7875835,instance_of,Q219577,holding company,2026-04-10 08:14:08.375809
15631,U,Q7875835,instance_of,Q891723,public company,2026-04-10 08:14:08.375809
15632,U,Q7893816,instance_of,Q43229,organization,2026-04-10 08:14:08.375809
15633,U,Q7893816,instance_of,Q891723,public company,2026-04-10 08:14:08.375809
15634,U,Q7893816,instance_of,Q1058914,software company,2026-04-10 08:14:08.375809
15635,U,Q7893816,instance_of,Q4830453,business,2026-04-10 08:14:08.375809
15636,TREX,Q16985774,instance_of,Q891723,public company,2026-04-10 08:14:08.375809
15637,TREX,Q16985774,instance_of,Q4830453,business,2026-04-10 08:14:08.375809
15638,TOST,Q25025312,instance_of,Q891723,public company,2026-04-10 08:14:08.375809
15639,TOST,Q25025312,instance_of,Q4830453,business,2026-04-10 08:14:08.375809
15640,UDR,Q27988153,instance_of,Q697852,real estate investment trust,2026-04-10 08:14:08.375809
15641,UDR,Q27988153,instance_of,Q891723,public company,2026-04-10 08:14:08.375809
15642,UDR,Q27988153,instance_of,Q4830453,business,2026-04-10 08:14:08.375809
15643,TYL,Q48802335,instance_of,Q891723,public company,2026-04-10 08:14:08.375809
15644,TYL,Q48802335,instance_of,Q4830453,business,2026-04-10 08:14:08.375809
15645,UHAL,Q106221634,instance_of,Q891723,public company,2026-04-10 08:14:08.375809
15646,UHAL.B,Q106221634,instance_of,Q891723,public company,2026-04-10 08:14:08.375809
15647,UHAL,Q106221634,instance_of,Q4830453,business,2026-04-10 08:14:08.375809
15648,UHAL.B,Q106221634,instance_of,Q4830453,business,2026-04-10 08:14:08.375809
15650,TKC,Q283852,part_of,Q1453594,FreeMove,2026-04-10 08:14:08.375809
15651,TMO,Q643674,part_of,Q242345,S&P 500,2026-04-10 08:14:08.375809
15652,TMO,Q643674,part_of,Q1546793,S&P 100,2026-04-10 08:14:08.375809
15654,TRV,Q942471,part_of,Q180816,Dow Jones Industrial Average,2026-04-10 08:14:08.375809
15655,TRV,Q942471,part_of,Q242345,S&P 500,2026-04-10 08:14:08.375809
15656,TSN,Q1325987,part_of,Q242345,S&P 500,2026-04-10 08:14:08.375809
15658,TXT,Q2140315,part_of,Q242345,S&P 500,2026-04-10 08:14:08.375809
15673,UDR,Q27988153,part_of,Q242345,S&P 500,2026-04-10 08:14:08.375809
15674,TYL,Q48802335,part_of,Q242345,S&P 500,2026-04-10 08:14:08.375809
15864,UIS,Q518016,products,Q7397,software,2026-04-10 08:14:08.375809
15865,UIS,Q518016,products,Q11660,artificial intelligence,2026-04-10 08:14:08.375809
15866,UIS,Q518016,products,Q485396,analytics,2026-04-10 08:14:08.375809
15867,UIS,Q518016,products,Q1346018,infrastructure as a service,2026-04-10 08:14:08.375809
15868,UIS,Q518016,products,Q1665453,system integration,2026-04-10 08:14:08.375809
15869,UIS,Q518016,products,Q3510521,computer security,2026-04-10 08:14:08.375809
15870,UIS,Q518016,products,Q7007379,business process management,2026-04-10 08:14:08.375809
15871,UIS,Q518016,products,Q64687285,enterprise computing,2026-04-10 08:14:08.375809
15872,USB,Q739084,products,Q4290,investment,2026-04-10 08:14:08.375809
15873,USB,Q739084,products,Q161380,credit card,2026-04-10 08:14:08.375809
15874,USB,Q739084,products,Q182076,credit,2026-04-10 08:14:08.375809
15875,USB,Q739084,products,Q476115,private equity,2026-04-10 08:14:08.375809
15876,USB,Q739084,products,Q1363554,financial analysis,2026-04-10 08:14:08.375809
15878,USFD,Q1668265,products,Q10990,meat,2026-04-10 08:14:08.375809
15879,USFD,Q1668265,products,Q1202833,frozen meal,2026-04-10 08:14:08.375809
15880,USFD,Q1668265,products,Q1913301,produce,2026-04-10 08:14:08.375809
15881,UA,Q2031485,products,Q47037130,Aasa,2026-04-10 08:14:08.375809
15882,UAA,Q2031485,products,Q47037130,Aasa,2026-04-10 08:14:08.375809
15887,UI,Q7876533,products,Q4503,network switch,2026-04-10 08:14:08.375809
15888,UI,Q7876533,products,Q5318,router,2026-04-10 08:14:08.375809
15889,UI,Q7876533,products,Q131214,antenna,2026-04-10 08:14:08.375809
15890,UI,Q7876533,products,Q188447,electrical cable,2026-04-10 08:14:08.375809
15891,UI,Q7876533,products,Q188635,network bridge,2026-04-10 08:14:08.375809
15892,UI,Q7876533,products,Q313614,video camera,2026-04-10 08:14:08.375809
15893,UI,Q7876533,products,Q326717,wireless access point,2026-04-10 08:14:08.375809
15894,UI,Q7876533,products,Q334415,security camera,2026-04-10 08:14:08.375809
15895,UI,Q7876533,products,Q943687,VoIP phone,2026-04-10 08:14:08.375809
15896,UI,Q7876533,products,Q1146262,customer-premises equipment,2026-04-10 08:14:08.375809
15897,UI,Q7876533,products,Q3407440,wireless router,2026-04-10 08:14:08.375809
15898,UNF,Q7884645,products,Q7434,uniform,2026-04-10 08:14:08.375809
15899,UNF,Q7884645,products,Q1136834,mat,2026-04-10 08:14:08.375809
15900,UNFI,Q7888979,products,Q380778,organic food,2026-04-10 08:14:08.375809
15901,UNFI,Q7888979,products,Q6980681,natural food,2026-04-10 08:14:08.375809
15905,UTZ,Q7903503,products,Q749316,snack,2026-04-10 08:14:08.375809
16139,UNM,Q143435,instance_of,Q891723,public company,2026-04-10 08:14:08.375809
16140,UNM,Q143435,instance_of,Q4830453,business,2026-04-10 08:14:08.375809
16141,UMC,Q143616,instance_of,Q891723,public company,2026-04-10 08:14:08.375809
16142,UMC,Q143616,instance_of,Q4830453,business,2026-04-10 08:14:08.375809
16143,UMC,Q143616,instance_of,Q6881511,enterprise,2026-04-10 08:14:08.375809
16144,UPS,Q155026,instance_of,Q891723,public company,2026-04-10 08:14:08.375809
16145,UPS,Q155026,instance_of,Q4830453,business,2026-04-10 08:14:08.375809
16146,UIS,Q518016,instance_of,Q891723,public company,2026-04-10 08:14:08.375809
16147,UIS,Q518016,instance_of,Q4830453,business,2026-04-10 08:14:08.375809
16148,USB,Q739084,instance_of,Q650241,financial institution,2026-04-10 08:14:08.375809
16149,USB,Q739084,instance_of,Q730038,credit institution,2026-04-10 08:14:08.375809
16150,USB,Q739084,instance_of,Q891723,public company,2026-04-10 08:14:08.375809
16151,USB,Q739084,instance_of,Q4830453,business,2026-04-10 08:14:08.375809
16152,UBER,Q780442,instance_of,Q7397,software,2026-04-10 08:14:08.375809
16153,UBER,Q780442,instance_of,Q27973,ridesharing company,2026-04-10 08:14:08.375809
16154,UBER,Q780442,instance_of,Q43229,organization,2026-04-10 08:14:08.375809
16155,UBER,Q780442,instance_of,Q891723,public company,2026-04-10 08:14:08.375809
16156,UBER,Q780442,instance_of,Q1668023,Internet booking engine,2026-04-10 08:14:08.375809
16157,UBER,Q780442,instance_of,Q4830453,business,2026-04-10 08:14:08.375809
16158,UBER,Q780442,instance_of,Q6881511,enterprise,2026-04-10 08:14:08.375809
16159,UBER,Q780442,instance_of,Q10932402,food delivery service,2026-04-10 08:14:08.375809
16160,UBER,Q780442,instance_of,Q59859818,data controller,2026-04-10 08:14:08.375809
16161,UBER,Q780442,instance_of,Q64896574,platform,2026-04-10 08:14:08.375809
16162,UBER,Q780442,instance_of,Q65295049,online taxi service,2026-04-10 08:14:08.375809
16163,UBER,Q780442,instance_of,Q110029326,platform company,2026-04-10 08:14:08.375809
16164,USFD,Q1668265,instance_of,Q891723,public company,2026-04-10 08:14:08.375809
16165,USFD,Q1668265,instance_of,Q4830453,business,2026-04-10 08:14:08.375809
16166,UA,Q2031485,instance_of,Q891723,public company,2026-04-10 08:14:08.375809
16167,UAA,Q2031485,instance_of,Q891723,public company,2026-04-10 08:14:08.375809
16168,UA,Q2031485,instance_of,Q4830453,business,2026-04-10 08:14:08.375809
16169,UAA,Q2031485,instance_of,Q4830453,business,2026-04-10 08:14:08.375809
16170,UA,Q2031485,instance_of,Q6881511,enterprise,2026-04-10 08:14:08.375809
16171,UAA,Q2031485,instance_of,Q6881511,enterprise,2026-04-10 08:14:08.375809
16172,UNH,Q2103926,instance_of,Q43229,organization,2026-04-10 08:14:08.375809
16173,UNH,Q2103926,instance_of,Q891723,public company,2026-04-10 08:14:08.375809
16174,UNH,Q2103926,instance_of,Q4830453,business,2026-04-10 08:14:08.375809
16175,UNH,Q2103926,instance_of,Q6881511,enterprise,2026-04-10 08:14:08.375809
16176,USNA,Q2502355,instance_of,Q891723,public company,2026-04-10 08:14:08.375809
16177,USNA,Q2502355,instance_of,Q29643579,multi-level marketing company,2026-04-10 08:14:08.375809
16178,UGI,Q2852632,instance_of,Q1341478,energy company,2026-04-10 08:14:08.375809
16179,UGI,Q2852632,instance_of,Q4830453,business,2026-04-10 08:14:08.375809
16180,UGI,Q2852632,instance_of,Q6881511,enterprise,2026-04-10 08:14:08.375809
16181,VAC,Q6772994,instance_of,Q891723,public company,2026-04-10 08:14:08.375809
16182,VAC,Q6772994,instance_of,Q4830453,business,2026-04-10 08:14:08.375809
16183,UI,Q7876533,instance_of,Q891723,public company,2026-04-10 08:14:08.375809
16184,UI,Q7876533,instance_of,Q4830453,business,2026-04-10 08:14:08.375809
16185,UI,Q7876533,instance_of,Q6881511,enterprise,2026-04-10 08:14:08.375809
16186,UNF,Q7884645,instance_of,Q891723,public company,2026-04-10 08:14:08.375809
16187,UNF,Q7884645,instance_of,Q4830453,business,2026-04-10 08:14:08.375809
16188,UNF,Q7884645,instance_of,Q6881511,enterprise,2026-04-10 08:14:08.375809
16189,UNFI,Q7888979,instance_of,Q891723,public company,2026-04-10 08:14:08.375809
16190,UNFI,Q7888979,instance_of,Q4830453,business,2026-04-10 08:14:08.375809
16191,URI,Q7889101,instance_of,Q507619,retail chain,2026-04-10 08:14:08.375809
16192,URI,Q7889101,instance_of,Q891723,public company,2026-04-10 08:14:08.375809
16193,URI,Q7889101,instance_of,Q4830453,business,2026-04-10 08:14:08.375809
16194,UHS,Q7893967,instance_of,Q891723,public company,2026-04-10 08:14:08.375809
16195,UHS,Q7893967,instance_of,Q4830453,business,2026-04-10 08:14:08.375809
16196,UTI,Q7894082,instance_of,Q891723,public company,2026-04-10 08:14:08.375809
16197,UTI,Q7894082,instance_of,Q4830453,business,2026-04-10 08:14:08.375809
16198,UTI,Q7894082,instance_of,Q23002052,private for-profit educational institution,2026-04-10 08:14:08.375809
16199,UTZ,Q7903503,instance_of,Q891723,public company,2026-04-10 08:14:08.375809
16200,UTZ,Q7903503,instance_of,Q4830453,business,2026-04-10 08:14:08.375809
16201,UTL,Q17144598,instance_of,Q891723,public company,2026-04-10 08:14:08.375809
16202,UTL,Q17144598,instance_of,Q4830453,business,2026-04-10 08:14:08.375809
16203,UNP,Q20183163,instance_of,Q891723,public company,2026-04-10 08:14:08.375809
16204,UNP,Q20183163,instance_of,Q4830453,business,2026-04-10 08:14:08.375809
16205,UNP,Q20183163,instance_of,Q6881511,enterprise,2026-04-10 08:14:08.375809
16206,UMH,Q25103752,instance_of,Q697852,real estate investment trust,2026-04-10 08:14:08.375809
16207,UMH,Q25103752,instance_of,Q891723,public company,2026-04-10 08:14:08.375809
16208,UMH,Q25103752,instance_of,Q4830453,business,2026-04-10 08:14:08.375809
16209,UP,Q56273933,instance_of,Q783794,company,2026-04-10 08:14:08.375809
16210,UP,Q56273933,instance_of,Q891723,public company,2026-04-10 08:14:08.375809
16211,UP,Q56273933,instance_of,Q4830453,business,2026-04-10 08:14:08.375809
16212,UWMC,Q106024170,instance_of,Q891723,public company,2026-04-10 08:14:08.375809
16213,UWMC,Q106024170,instance_of,Q4830453,business,2026-04-10 08:14:08.375809
16214,UWMC,Q110877094,instance_of,Q891723,public company,2026-04-10 08:14:08.375809
16215,UNM,Q143435,part_of,Q242345,S&P 500,2026-04-10 08:14:08.375809
16217,UPS,Q155026,part_of,Q242345,S&P 500,2026-04-10 08:14:08.375809
16218,UPS,Q155026,part_of,Q688712,Dow Jones Transportation Average,2026-04-10 08:14:08.375809
16219,UPS,Q155026,part_of,Q1546793,S&P 100,2026-04-10 08:14:08.375809
16221,USB,Q739084,part_of,Q242345,S&P 500,2026-04-10 08:14:08.375809
16222,USB,Q739084,part_of,Q1546793,S&P 100,2026-04-10 08:14:08.375809
16223,UBER,Q780442,part_of,Q242345,S&P 500,2026-04-10 08:14:08.375809
16224,UBER,Q780442,part_of,Q51711208,gig economy,2026-04-10 08:14:08.375809
16226,UA,Q2031485,part_of,Q242345,S&P 500,2026-04-10 08:14:08.375809
16227,UAA,Q2031485,part_of,Q242345,S&P 500,2026-04-10 08:14:08.375809
16228,UNH,Q2103926,part_of,Q180816,Dow Jones Industrial Average,2026-04-10 08:14:08.375809
16229,UNH,Q2103926,part_of,Q242345,S&P 500,2026-04-10 08:14:08.375809
16230,UNH,Q2103926,part_of,Q1546793,S&P 100,2026-04-10 08:14:08.375809
16236,UNFI,Q7888979,part_of,Q1969854,Natur-Aktien-Index,2026-04-10 08:14:08.375809
16237,URI,Q7889101,part_of,Q242345,S&P 500,2026-04-10 08:14:08.375809
16238,UHS,Q7893967,part_of,Q242345,S&P 500,2026-04-10 08:14:08.375809
16242,UNP,Q20183163,part_of,Q242345,S&P 500,2026-04-10 08:14:08.375809
16243,UNP,Q20183163,part_of,Q1546793,S&P 100,2026-04-10 08:14:08.375809
16250,UPS,Q155026,owned_by,BLK,BlackRock,2026-04-10 08:14:08.375809
16253,USB,Q739084,owned_by,BRK.A,Berkshire Hathaway,2026-04-10 08:14:08.375809
16254,UBER,Q780442,owned_by,MS,Morgan Stanley,2026-04-10 08:14:08.375809
16430,VSCO,Q332477,products,Q131207,cosmetics,2026-04-10 08:14:08.375809
16431,VSCO,Q332477,products,Q131746,perfume,2026-04-10 08:14:08.375809
16432,VSCO,Q332477,products,Q198763,undergarment,2026-04-10 08:14:08.375809
16433,VSCO,Q332477,products,Q855691,lingerie,2026-04-10 08:14:08.375809
16435,VFC,Q457960,products,Q11460,clothing,2026-04-10 08:14:08.375809
16436,VYX,Q524989,products,Q81235,automated teller machine,2026-04-10 08:14:08.375809
16438,VLO,Q1283291,products,Q42501,fuel,2026-04-10 08:14:08.375809
16439,WAT,Q1322011,products,Q5374416,Empower,2026-04-10 08:14:08.375809
16440,WAT,Q1322011,products,Q111526958,UPLC,2026-04-10 08:14:08.375809
16441,WAT,Q1322011,products,Q111528211,Sep-Pak,2026-04-10 08:14:08.375809
16443,VSH,Q2528284,products,Q137717248,,2026-04-10 08:14:08.375809
16449,VVV,Q16531742,products,Q193784,motor oil,2026-04-10 08:14:08.375809
16450,VVV,Q16531742,products,Q350176,additive,2026-04-10 08:14:08.375809
16459,VPG,Q120007567,products,Q167676,sensor,2026-04-10 08:14:08.375809
16511,VSCO,Q332477,instance_of,Q726870,brick and mortar,2026-04-10 08:14:08.375809
16512,VSCO,Q332477,instance_of,Q891723,public company,2026-04-10 08:14:08.375809
16513,VSCO,Q332477,instance_of,Q1618899,fashion label,2026-04-10 08:14:08.375809
16514,VSCO,Q332477,instance_of,Q4830453,business,2026-04-10 08:14:08.375809
16515,VNO,Q368181,instance_of,Q891723,public company,2026-04-10 08:14:08.375809
16516,VNO,Q368181,instance_of,Q4830453,business,2026-04-10 08:14:08.375809
16517,VFC,Q457960,instance_of,Q891723,public company,2026-04-10 08:14:08.375809
16518,VFC,Q457960,instance_of,Q4830453,business,2026-04-10 08:14:08.375809
16519,VFC,Q457960,instance_of,Q6881511,enterprise,2026-04-10 08:14:08.375809
16520,VYX,Q524989,instance_of,Q891723,public company,2026-04-10 08:14:08.375809
16521,VYX,Q524989,instance_of,Q4830453,business,2026-04-10 08:14:08.375809
16522,VYX,Q524989,instance_of,Q6881511,enterprise,2026-04-10 08:14:08.375809
16523,WAB,Q741707,instance_of,Q891723,public company,2026-04-10 08:14:08.375809
16524,WAB,Q741707,instance_of,Q2995256,rail vehicle manufacturer,2026-04-10 08:14:08.375809
16525,WAB,Q741707,instance_of,Q4830453,business,2026-04-10 08:14:08.375809
16526,WAB,Q741707,instance_of,Q6881511,enterprise,2026-04-10 08:14:08.375809
16527,VLO,Q1283291,instance_of,Q891723,public company,2026-04-10 08:14:08.375809
16528,VLO,Q1283291,instance_of,Q4830453,business,2026-04-10 08:14:08.375809
16529,VLO,Q1283291,instance_of,Q6881511,enterprise,2026-04-10 08:14:08.375809
16530,VLO,Q1283291,instance_of,Q64027599,gas station chain,2026-04-10 08:14:08.375809
16531,WAT,Q1322011,instance_of,Q4830453,business,2026-04-10 08:14:08.375809
16532,WAT,Q1322011,instance_of,Q6881511,enterprise,2026-04-10 08:14:08.375809
16533,VMC,Q1685287,instance_of,Q891723,public company,2026-04-10 08:14:08.375809
16534,VMC,Q1685287,instance_of,Q4830453,business,2026-04-10 08:14:08.375809
16535,VMC,Q1685287,instance_of,Q6881511,enterprise,2026-04-10 08:14:08.375809
16536,VSH,Q2528284,instance_of,Q891723,public company,2026-04-10 08:14:08.375809
16537,VSH,Q2528284,instance_of,Q4830453,business,2026-04-10 08:14:08.375809
16538,VSH,Q2528284,instance_of,Q6881511,enterprise,2026-04-10 08:14:08.375809
16539,W,Q3540193,instance_of,Q35127,website,2026-04-10 08:14:08.375809
16540,W,Q3540193,instance_of,Q891723,public company,2026-04-10 08:14:08.375809
16541,W,Q3540193,instance_of,Q4830453,business,2026-04-10 08:14:08.375809
16542,W,Q3540193,instance_of,Q6881511,enterprise,2026-04-10 08:14:08.375809
16543,VOYA,Q5972276,instance_of,Q891723,public company,2026-04-10 08:14:08.375809
16544,VOYA,Q5972276,instance_of,Q4830453,business,2026-04-10 08:14:08.375809
16545,UVV,Q7893929,instance_of,Q891723,public company,2026-04-10 08:14:08.375809
16546,UVV,Q7893929,instance_of,Q4830453,business,2026-04-10 08:14:08.375809
16547,VMI,Q7912506,instance_of,Q891723,public company,2026-04-10 08:14:08.375809
16548,VMI,Q7912506,instance_of,Q4830453,business,2026-04-10 08:14:08.375809
16549,VMI,Q7912506,instance_of,Q6881511,enterprise,2026-04-10 08:14:08.375809
16550,WCC,Q7949044,instance_of,Q891723,public company,2026-04-10 08:14:08.375809
16551,WCC,Q7949044,instance_of,Q4830453,business,2026-04-10 08:14:08.375809
16552,VVV,Q16531742,instance_of,Q891723,public company,2026-04-10 08:14:08.375809
16553,VHI,Q22909604,instance_of,Q891723,public company,2026-04-10 08:14:08.375809
16554,VHI,Q22909604,instance_of,Q4830453,business,2026-04-10 08:14:08.375809
16555,VHI,Q22909604,instance_of,Q6881511,enterprise,2026-04-10 08:14:08.375809
16556,VEEV,Q24204493,instance_of,Q891723,public company,2026-04-10 08:14:08.375809
16557,VEEV,Q24204493,instance_of,Q4830453,business,2026-04-10 08:14:08.375809
16558,VIA,Q25339988,instance_of,Q4830453,business,2026-04-10 08:14:08.375809
16559,VICI,Q54263910,instance_of,Q133215,casino,2026-04-10 08:14:08.375809
16560,VICI,Q54263910,instance_of,Q891723,public company,2026-04-10 08:14:08.375809
16561,VICI,Q54263910,instance_of,Q1660104,real estate company,2026-04-10 08:14:08.375809
16562,WD,Q60764327,instance_of,Q891723,public company,2026-04-10 08:14:08.375809
16563,WD,Q60764327,instance_of,Q4830453,business,2026-04-10 08:14:08.375809
16564,VNT,Q101209850,instance_of,Q891723,public company,2026-04-10 08:14:08.375809
16565,VNT,Q101209850,instance_of,Q4830453,business,2026-04-10 08:14:08.375809
16566,VST,Q104158381,instance_of,Q891723,public company,2026-04-10 08:14:08.375809
16567,VST,Q104158381,instance_of,Q4830453,business,2026-04-10 08:14:08.375809
16568,WAL,Q106238038,instance_of,Q783794,company,2026-04-10 08:14:08.375809
16569,WAL,Q106238038,instance_of,Q891723,public company,2026-04-10 08:14:08.375809
16570,VPG,Q120007567,instance_of,Q891723,public company,2026-04-10 08:14:08.375809
16571,VPG,Q120007567,instance_of,Q4830453,business,2026-04-10 08:14:08.375809
16572,VPG,Q120007567,instance_of,Q6881511,enterprise,2026-04-10 08:14:08.375809
16573,VLTO,Q124721239,instance_of,Q4830453,business,2026-04-10 08:14:08.375809
16575,VNO,Q368181,part_of,Q242345,S&P 500,2026-04-10 08:14:08.375809
16576,VFC,Q457960,part_of,Q242345,S&P 500,2026-04-10 08:14:08.375809
16578,WAB,Q741707,part_of,Q242345,S&P 500,2026-04-10 08:14:08.375809
16579,VLO,Q1283291,part_of,Q242345,S&P 500,2026-04-10 08:14:08.375809
16580,WAT,Q1322011,part_of,Q242345,S&P 500,2026-04-10 08:14:08.375809
16581,VMC,Q1685287,part_of,Q242345,S&P 500,2026-04-10 08:14:08.375809
16594,VNT,Q101209850,part_of,Q242345,S&P 500,2026-04-10 08:14:08.375809
16600,VNO,Q368181,owned_by,JPM,JPMorgan Chase,2026-04-10 08:14:08.375809
16601,VNO,Q368181,owned_by,BLK,BlackRock,2026-04-10 08:14:08.375809
16604,VNO,Q368181,owned_by,STT,State Street Corporation,2026-04-10 08:14:08.375809
16609,WAB,Q741707,owned_by,GE,General Electric,2026-04-10 08:14:08.375809
16610,WAB,Q741707,owned_by,BLK,BlackRock,2026-04-10 08:14:08.375809
16629,VST,Q104158381,owned_by,BLK,BlackRock,2026-04-10 08:14:08.375809
16809,WF,Q484117,products,Q837171,financial services,2026-04-10 08:14:08.375809
16810,WFC,Q744149,products,Q1586573,insurance contract,2026-04-10 08:14:08.375809
16811,WMB,Q930639,products,Q40858,natural gas,2026-04-10 08:14:08.375809
16814,WHR,Q1471346,products,Q212920,home appliance,2026-04-10 08:14:08.375809
16815,WLY,Q1479654,products,Q7397,software,2026-04-10 08:14:08.375809
16816,WLYB,Q1479654,products,Q7397,software,2026-04-10 08:14:08.375809
16820,VRT,Q5370909,products,Q594593,IT infrastructure,2026-04-10 08:14:08.375809
16821,VRT,Q5370909,products,Q4437810,power management,2026-04-10 08:14:08.375809
16822,VRT,Q5370909,products,Q15477170,thermal management of electronic devices and systems,2026-04-10 08:14:08.375809
16823,WNC,Q7958645,products,Q944315,semi-trailer,2026-04-10 08:14:08.375809
16824,WBS,Q7978891,products,Q22687,bank,2026-04-10 08:14:08.375809
16825,WGO,Q8025558,products,Q1350309,runabout,2026-04-10 08:14:08.375809
16826,WGO,Q8025558,products,Q2103880,pontoon boat,2026-04-10 08:14:08.375809
16827,WGO,Q8025558,products,Q2573218,center console,2026-04-10 08:14:08.375809
16828,WGO,Q8025558,products,Q13553228,motorhome,2026-04-10 08:14:08.375809
16829,WH,Q8040120,products,Q27686,hotel,2026-04-10 08:14:08.375809
16830,WH,Q8040120,products,Q171947,franchising,2026-04-10 08:14:08.375809
16892,VZ,Q467752,instance_of,Q11371,internet service provider,2026-04-10 08:14:08.375809
16893,VZ,Q467752,instance_of,Q891723,public company,2026-04-10 08:14:08.375809
16894,VZ,Q467752,instance_of,Q1331793,media company,2026-04-10 08:14:08.375809
16895,VZ,Q467752,instance_of,Q2401749,telecommunication company,2026-04-10 08:14:08.375809
16896,VZ,Q467752,instance_of,Q4830453,business,2026-04-10 08:14:08.375809
16897,VZ,Q467752,instance_of,Q6881511,enterprise,2026-04-10 08:14:08.375809
16898,WF,Q484117,instance_of,Q22687,bank,2026-04-10 08:14:08.375809
16899,WF,Q484117,instance_of,Q730038,credit institution,2026-04-10 08:14:08.375809
16900,WF,Q484117,instance_of,Q891723,public company,2026-04-10 08:14:08.375809
16901,WF,Q484117,instance_of,Q4830453,business,2026-04-10 08:14:08.375809
16902,WF,Q484117,instance_of,Q6881511,enterprise,2026-04-10 08:14:08.375809
16903,WFC,Q744149,instance_of,Q22687,bank,2026-04-10 08:14:08.375809
16904,WFC,Q744149,instance_of,Q650241,financial institution,2026-04-10 08:14:08.375809
16905,WFC,Q744149,instance_of,Q891723,public company,2026-04-10 08:14:08.375809
16906,WFC,Q744149,instance_of,Q4830453,business,2026-04-10 08:14:08.375809
16907,WFC,Q744149,instance_of,Q6881511,enterprise,2026-04-10 08:14:08.375809
16908,WMB,Q930639,instance_of,Q891723,public company,2026-04-10 08:14:08.375809
16909,WMB,Q930639,instance_of,Q1341478,energy company,2026-04-10 08:14:08.375809
16910,WIT,Q1364176,instance_of,Q891723,public company,2026-04-10 08:14:08.375809
16911,WIT,Q1364176,instance_of,Q4830453,business,2026-04-10 08:14:08.375809
16912,WIT,Q1364176,instance_of,Q6881511,enterprise,2026-04-10 08:14:08.375809
16913,WRB,Q1369955,instance_of,Q891723,public company,2026-04-10 08:14:08.375809
16914,WRB,Q1369955,instance_of,Q4830453,business,2026-04-10 08:14:08.375809
16915,WHR,Q1471346,instance_of,Q4830453,business,2026-04-10 08:14:08.375809
16916,WHR,Q1471346,instance_of,Q6881511,enterprise,2026-04-10 08:14:08.375809
16917,WLY,Q1479654,instance_of,Q891723,public company,2026-04-10 08:14:08.375809
16918,WLYB,Q1479654,instance_of,Q891723,public company,2026-04-10 08:14:08.375809
16919,WLY,Q1479654,instance_of,Q1320047,book publisher,2026-04-10 08:14:08.375809
16920,WLYB,Q1479654,instance_of,Q1320047,book publisher,2026-04-10 08:14:08.375809
16921,WLY,Q1479654,instance_of,Q2085381,publishing house,2026-04-10 08:14:08.375809
16922,WLYB,Q1479654,instance_of,Q2085381,publishing house,2026-04-10 08:14:08.375809
16923,WLY,Q1479654,instance_of,Q2201426,educational publishing company,2026-04-10 08:14:08.375809
16924,WLYB,Q1479654,instance_of,Q2201426,educational publishing company,2026-04-10 08:14:08.375809
16925,WLY,Q1479654,instance_of,Q45400320,open-access publisher,2026-04-10 08:14:08.375809
16926,WLYB,Q1479654,instance_of,Q45400320,open-access publisher,2026-04-10 08:14:08.375809
16927,WLY,Q1479654,instance_of,Q96888669,academic publisher,2026-04-10 08:14:08.375809
16928,WLYB,Q1479654,instance_of,Q96888669,academic publisher,2026-04-10 08:14:08.375809
16929,WFG,Q1765036,instance_of,Q891723,public company,2026-04-10 08:14:08.375809
16930,WFG,Q1765036,instance_of,Q4830453,business,2026-04-10 08:14:08.375809
16931,WM,Q2552219,instance_of,Q891723,public company,2026-04-10 08:14:08.375809
16932,WM,Q2552219,instance_of,Q4830453,business,2026-04-10 08:14:08.375809
16933,VTOL,Q4969137,instance_of,Q891723,public company,2026-04-10 08:14:08.375809
16934,VTOL,Q4969137,instance_of,Q53649729,helicopter airline,2026-04-10 08:14:08.375809
16935,VRT,Q5370909,instance_of,Q161726,multinational corporation,2026-04-10 08:14:08.375809
16936,VRT,Q5370909,instance_of,Q891723,public company,2026-04-10 08:14:08.375809
16937,VRT,Q5370909,instance_of,Q4830453,business,2026-04-10 08:14:08.375809
16938,VRT,Q5370909,instance_of,Q6881511,enterprise,2026-04-10 08:14:08.375809
16939,WNC,Q7958645,instance_of,Q891723,public company,2026-04-10 08:14:08.375809
16940,WNC,Q7958645,instance_of,Q4830453,business,2026-04-10 08:14:08.375809
16941,WBS,Q7978891,instance_of,Q891723,public company,2026-04-10 08:14:08.375809
16942,WBS,Q7978891,instance_of,Q4830453,business,2026-04-10 08:14:08.375809
16943,WGO,Q8025558,instance_of,Q891723,public company,2026-04-10 08:14:08.375809
16944,WGO,Q8025558,instance_of,Q4830453,business,2026-04-10 08:14:08.375809
16945,WGO,Q8025558,instance_of,Q6881511,enterprise,2026-04-10 08:14:08.375809
16946,WH,Q8040120,instance_of,Q891723,public company,2026-04-10 08:14:08.375809
16947,WH,Q8040120,instance_of,Q1631129,hotel chain,2026-04-10 08:14:08.375809
16948,WH,Q8040120,instance_of,Q4830453,business,2026-04-10 08:14:08.375809
16949,VRE,Q17109460,instance_of,Q891723,public company,2026-04-10 08:14:08.375809
16950,VRE,Q17109460,instance_of,Q4830453,business,2026-04-10 08:14:08.375809
16951,WLK,Q17326957,instance_of,Q891723,public company,2026-04-10 08:14:08.375809
16952,WK,Q18156998,instance_of,Q891723,public company,2026-04-10 08:14:08.375809
16953,VTR,Q19865761,instance_of,Q891723,public company,2026-04-10 08:14:08.375809
16954,VTR,Q19865761,instance_of,Q4830453,business,2026-04-10 08:14:08.375809
16955,WELL,Q20486917,instance_of,Q891723,public company,2026-04-10 08:14:08.375809
16956,WHG,Q21010691,instance_of,Q891723,public company,2026-04-10 08:14:08.375809
16957,WHG,Q21010691,instance_of,Q4830453,business,2026-04-10 08:14:08.375809
16958,WMS,Q60745531,instance_of,Q891723,public company,2026-04-10 08:14:08.375809
16959,WHD,Q111384774,instance_of,Q891723,public company,2026-04-10 08:14:08.375809
16960,VSTS,Q122947676,instance_of,Q4830453,business,2026-04-10 08:14:08.375809
16961,VZ,Q467752,part_of,Q180816,Dow Jones Industrial Average,2026-04-10 08:14:08.375809
16962,VZ,Q467752,part_of,Q242345,S&P 500,2026-04-10 08:14:08.375809
16963,VZ,Q467752,part_of,Q1546793,S&P 100,2026-04-10 08:14:08.375809
16965,WFC,Q744149,part_of,Q242345,S&P 500,2026-04-10 08:14:08.375809
16966,WFC,Q744149,part_of,Q1546793,S&P 100,2026-04-10 08:14:08.375809
16967,WMB,Q930639,part_of,Q242345,S&P 500,2026-04-10 08:14:08.375809
16969,WRB,Q1369955,part_of,Q242345,S&P 500,2026-04-10 08:14:08.375809
16970,WHR,Q1471346,part_of,Q242345,S&P 500,2026-04-10 08:14:08.375809
16974,WM,Q2552219,part_of,Q242345,S&P 500,2026-04-10 08:14:08.375809
16984,VTR,Q19865761,part_of,Q242345,S&P 500,2026-04-10 08:14:08.375809
16985,WELL,Q20486917,part_of,Q242345,S&P 500,2026-04-10 08:14:08.375809
16990,VZ,Q467752,owned_by,BLK,BlackRock,2026-04-10 08:14:08.375809
16993,WFC,Q744149,owned_by,BRK.A,Berkshire Hathaway,2026-04-10 08:14:08.375809
16994,WFC,Q744149,owned_by,BLK,BlackRock,2026-04-10 08:14:08.375809
17119,XOM,Q156238,investments,NAE.PA,nan,2026-04-10 08:14:08.375809
17177,XOM,Q156238,products,Q2131789,lithium grease,2026-04-10 08:14:08.375809
17180,WY,Q1780382,products,Q5469189,forest product,2026-04-10 08:14:08.375809
17181,YPF,Q2006989,products,Q42501,fuel,2026-04-10 08:14:08.375809
17185,WOLF,Q5183828,products,Q25504,light-emitting diode,2026-04-10 08:14:08.375809
17186,WRBY,Q7968882,products,Q37501,glasses,2026-04-10 08:14:08.375809
17187,WSO,Q7974766,products,Q1798773,"heating, ventilation, and air conditioning",2026-04-10 08:14:08.375809
17192,WWW,Q8030548,products,Q161928,footwear,2026-04-10 08:14:08.375809
17193,WEX,Q8038212,products,Q1164942,fuel card,2026-04-10 08:14:08.375809
17196,ZIP,Q8072594,products,Q7397,software,2026-04-10 08:14:08.375809
17198,XHR,Q21021003,products,Q27686,hotel,2026-04-10 08:14:08.375809
17252,XOM,Q156238,instance_of,Q161726,multinational corporation,2026-04-10 08:14:08.375809
17253,XOM,Q156238,instance_of,Q891723,public company,2026-04-10 08:14:08.375809
17254,XOM,Q156238,instance_of,Q4830453,business,2026-04-10 08:14:08.375809
17255,XOM,Q156238,instance_of,Q6881511,enterprise,2026-04-10 08:14:08.375809
17256,XOM,Q156238,instance_of,Q14941854,oil company,2026-04-10 08:14:08.375809
17257,XOM,Q156238,instance_of,Q64027599,gas station chain,2026-04-10 08:14:08.375809
17258,ZBH,Q203552,instance_of,Q891723,public company,2026-04-10 08:14:08.375809
17259,ZBH,Q203552,instance_of,Q4830453,business,2026-04-10 08:14:08.375809
17260,ZBH,Q203552,instance_of,Q6881511,enterprise,2026-04-10 08:14:08.375809
17261,WU,Q861042,instance_of,Q650241,financial institution,2026-04-10 08:14:08.375809
17262,WU,Q861042,instance_of,Q891723,public company,2026-04-10 08:14:08.375809
17263,WU,Q861042,instance_of,Q4830453,business,2026-04-10 08:14:08.375809
17264,WY,Q1780382,instance_of,Q891723,public company,2026-04-10 08:14:08.375809
17265,WY,Q1780382,instance_of,Q4830453,business,2026-04-10 08:14:08.375809
17266,WY,Q1780382,instance_of,Q6881511,enterprise,2026-04-10 08:14:08.375809
17267,YPF,Q2006989,instance_of,Q891723,public company,2026-04-10 08:14:08.375809
17268,YPF,Q2006989,instance_of,Q4830453,business,2026-04-10 08:14:08.375809
17269,YPF,Q2006989,instance_of,Q6881511,enterprise,2026-04-10 08:14:08.375809
17270,YPF,Q2006989,instance_of,Q64027599,gas station chain,2026-04-10 08:14:08.375809
17271,WSM,Q2581220,instance_of,Q891723,public company,2026-04-10 08:14:08.375809
17272,WSM,Q2581220,instance_of,Q4830453,business,2026-04-10 08:14:08.375809
17273,WTRG,Q2894362,instance_of,Q891723,public company,2026-04-10 08:14:08.375809
17274,WTRG,Q2894362,instance_of,Q4830453,business,2026-04-10 08:14:08.375809
17275,XYL,Q3146975,instance_of,Q891723,public company,2026-04-10 08:14:08.375809
17276,XYL,Q3146975,instance_of,Q4830453,business,2026-04-10 08:14:08.375809
17277,WOLF,Q5183828,instance_of,Q891723,public company,2026-04-10 08:14:08.375809
17278,WOLF,Q5183828,instance_of,Q4830453,business,2026-04-10 08:14:08.375809
17279,WOLF,Q5183828,instance_of,Q6881511,enterprise,2026-04-10 08:14:08.375809
17280,WRBY,Q7968882,instance_of,Q891723,public company,2026-04-10 08:14:08.375809
17281,WRBY,Q7968882,instance_of,Q4830453,business,2026-04-10 08:14:08.375809
17282,WSO,Q7974766,instance_of,Q891723,public company,2026-04-10 08:14:08.375809
17283,WSO,Q7974766,instance_of,Q4830453,business,2026-04-10 08:14:08.375809
17284,WMK,Q7980370,instance_of,Q213441,shop,2026-04-10 08:14:08.375809
17285,WMK,Q7980370,instance_of,Q891723,public company,2026-04-10 08:14:08.375809
17286,WMK,Q7980370,instance_of,Q6881511,enterprise,2026-04-10 08:14:08.375809
17287,WMK,Q7980370,instance_of,Q18043413,supermarket chain,2026-04-10 08:14:08.375809
17288,WTM,Q7995089,instance_of,Q891723,public company,2026-04-10 08:14:08.375809
17289,WTM,Q7995089,instance_of,Q4830453,business,2026-04-10 08:14:08.375809
17290,WEC,Q8027166,instance_of,Q891723,public company,2026-04-10 08:14:08.375809
17291,WEC,Q8027166,instance_of,Q4830453,business,2026-04-10 08:14:08.375809
17292,WT,Q8027406,instance_of,Q891723,public company,2026-04-10 08:14:08.375809
17293,WT,Q8027406,instance_of,Q4830453,business,2026-04-10 08:14:08.375809
17294,WWW,Q8030548,instance_of,Q891723,public company,2026-04-10 08:14:08.375809
17295,WWW,Q8030548,instance_of,Q4830453,business,2026-04-10 08:14:08.375809
17296,WEX,Q8038212,instance_of,Q891723,public company,2026-04-10 08:14:08.375809
17297,WEX,Q8038212,instance_of,Q4830453,business,2026-04-10 08:14:08.375809
17298,XPO,Q8042415,instance_of,Q891723,public company,2026-04-10 08:14:08.375809
17299,XPO,Q8042415,instance_of,Q1468664,logistics company,2026-04-10 08:14:08.375809
17300,XPO,Q8042415,instance_of,Q4830453,business,2026-04-10 08:14:08.375809
17301,XPO,Q8042415,instance_of,Q6881511,enterprise,2026-04-10 08:14:08.375809
17302,ZETA,Q8069710,instance_of,Q891723,public company,2026-04-10 08:14:08.375809
17303,ZETA,Q8069710,instance_of,Q4830453,business,2026-04-10 08:14:08.375809
17304,ZIP,Q8072594,instance_of,Q19541,search engine,2026-04-10 08:14:08.375809
17305,ZIP,Q8072594,instance_of,Q580148,employment website,2026-04-10 08:14:08.375809
17306,ZIP,Q8072594,instance_of,Q891723,public company,2026-04-10 08:14:08.375809
17307,ZIP,Q8072594,instance_of,Q1194970,dot-com company,2026-04-10 08:14:08.375809
17308,ZTS,Q8073337,instance_of,Q891723,public company,2026-04-10 08:14:08.375809
17309,ZTS,Q8073337,instance_of,Q4830453,business,2026-04-10 08:14:08.375809
17310,XHR,Q21021003,instance_of,Q891723,public company,2026-04-10 08:14:08.375809
17311,YOU,Q25245477,instance_of,Q891723,public company,2026-04-10 08:14:08.375809
17312,YOU,Q25245477,instance_of,Q4830453,business,2026-04-10 08:14:08.375809
17313,WST,Q30338243,instance_of,Q4830453,business,2026-04-10 08:14:08.375809
17314,XYZ,Q110778747,instance_of,Q891723,public company,2026-04-10 08:14:08.375809
17315,XYZ,Q110778747,instance_of,Q1194970,dot-com company,2026-04-10 08:14:08.375809
17316,XYZ,Q110778747,instance_of,Q4830453,business,2026-04-10 08:14:08.375809
17317,XYZ,Q110778747,instance_of,Q6881511,enterprise,2026-04-10 08:14:08.375809
17318,XOM,Q156238,part_of,Q242345,S&P 500,2026-04-10 08:14:08.375809
17319,XOM,Q156238,part_of,Q773026,Dow Jones Global Titans 50,2026-04-10 08:14:08.375809
17320,XOM,Q156238,part_of,Q1330390,Big Oil,2026-04-10 08:14:08.375809
17321,XOM,Q156238,part_of,Q1546793,S&P 100,2026-04-10 08:14:08.375809
17322,XOM,Q156238,part_of,Q3835939,fossil fuels lobby,2026-04-10 08:14:08.375809
17323,ZBH,Q203552,part_of,Q242345,S&P 500,2026-04-10 08:14:08.375809
17324,WU,Q861042,part_of,Q242345,S&P 500,2026-04-10 08:14:08.375809
17325,WY,Q1780382,part_of,Q242345,S&P 500,2026-04-10 08:14:08.375809
17329,XYL,Q3146975,part_of,Q242345,S&P 500,2026-04-10 08:14:08.375809
17335,WEC,Q8027166,part_of,Q242345,S&P 500,2026-04-10 08:14:08.375809
17339,XPO,Q8042415,part_of,Q7386994,S&P 400,2026-04-10 08:14:08.375809
17342,ZTS,Q8073337,part_of,Q242345,S&P 500,2026-04-10 08:14:08.375809
17345,WST,Q30338243,part_of,Q242345,S&P 500,2026-04-10 08:14:08.375809
17349,WU,Q861042,owned_by,BLK,BlackRock,2026-04-10 08:14:08.375809
17351,WU,Q861042,owned_by,STT,State Street Corporation,2026-04-10 08:14:08.375809
17527,KRZ.IR,Q253967,products,Q10426,cold cut,2026-04-10 08:14:08.375809
17528,KRZ.IR,Q253967,products,Q1202833,frozen meal,2026-04-10 08:14:08.375809
17535,KMR.IR,Q6389445,products,Q190729,ilmenite,2026-04-10 08:14:08.375809
17536,KRX.IR,Q6413386,products,Q7333812,rigid panel insulation,2026-04-10 08:14:08.375809
17542,YETI,Q22026369,products,Q23664,vacuum flask,2026-04-10 08:14:08.375809
17602,RYA.IR,Q170614,instance_of,Q43229,organization,2026-04-10 08:14:08.375809
17603,RYA.IR,Q170614,instance_of,Q46970,airline,2026-04-10 08:14:08.375809
17604,RYA.IR,Q170614,instance_of,Q891723,public company,2026-04-10 08:14:08.375809
17605,KRZ.IR,Q253967,instance_of,Q891723,public company,2026-04-10 08:14:08.375809
17606,KRZ.IR,Q253967,instance_of,Q4830453,business,2026-04-10 08:14:08.375809
17607,KRZ.IR,Q253967,instance_of,Q6881511,enterprise,2026-04-10 08:14:08.375809
17608,BIRG.IR,Q806689,instance_of,Q22687,bank,2026-04-10 08:14:08.375809
17609,BIRG.IR,Q806689,instance_of,Q650241,financial institution,2026-04-10 08:14:08.375809
17610,BIRG.IR,Q806689,instance_of,Q730038,credit institution,2026-04-10 08:14:08.375809
17611,BIRG.IR,Q806689,instance_of,Q891723,public company,2026-04-10 08:14:08.375809
17612,BIRG.IR,Q806689,instance_of,Q4830453,business,2026-04-10 08:14:08.375809
17613,BIRG.IR,Q806689,instance_of,Q6881511,enterprise,2026-04-10 08:14:08.375809
17614,YELP,Q2299611,instance_of,Q891723,public company,2026-04-10 08:14:08.375809
17615,YELP,Q2299611,instance_of,Q1340449,review site,2026-04-10 08:14:08.375809
17616,YELP,Q2299611,instance_of,Q3220391,social networking service,2026-04-10 08:14:08.375809
17617,YELP,Q2299611,instance_of,Q4830453,business,2026-04-10 08:14:08.375809
17618,YELP,Q2299611,instance_of,Q6881511,enterprise,2026-04-10 08:14:08.375809
17619,EXAI.MI,Q5421217,instance_of,Q4830453,business,2026-04-10 08:14:08.375809
17620,EG7.IR,Q5424559,instance_of,Q4830453,business,2026-04-10 08:14:08.375809
17621,GL9.IR,Q5566596,instance_of,Q891723,public company,2026-04-10 08:14:08.375809
17622,GL9.IR,Q5566596,instance_of,Q4830453,business,2026-04-10 08:14:08.375809
17623,IR5B.IR,Q6070650,instance_of,Q891723,public company,2026-04-10 08:14:08.375809
17624,IR5B.IR,Q6070650,instance_of,Q4830453,business,2026-04-10 08:14:08.375809
17625,KMR.IR,Q6389445,instance_of,Q4830453,business,2026-04-10 08:14:08.375809
17626,KRX.IR,Q6413386,instance_of,Q43229,organization,2026-04-10 08:14:08.375809
17627,KRX.IR,Q6413386,instance_of,Q4830453,business,2026-04-10 08:14:08.375809
17628,OIZ.IR,Q7102461,instance_of,Q4830453,business,2026-04-10 08:14:08.375809
17629,YEXT,Q8053341,instance_of,Q35127,website,2026-04-10 08:14:08.375809
17630,YEXT,Q8053341,instance_of,Q891723,public company,2026-04-10 08:14:08.375809
17631,YEXT,Q8053341,instance_of,Q4830453,business,2026-04-10 08:14:08.375809
17632,ZVIA,Q8069865,instance_of,Q891723,public company,2026-04-10 08:14:08.375809
17633,ZVIA,Q8069865,instance_of,Q4830453,business,2026-04-10 08:14:08.375809
17634,MONT.BR,Q11693803,instance_of,Q188451,music genre,2026-04-10 08:14:08.375809
17635,MONT.BR,Q11693803,instance_of,Q6881511,enterprise,2026-04-10 08:14:08.375809
17636,MONT.BR,Q11693803,instance_of,Q107357104,type of dance,2026-04-10 08:14:08.375809
17637,WDP.BR,Q19709860,instance_of,Q4830453,business,2026-04-10 08:14:08.375809
17638,YETI,Q22026369,instance_of,Q891723,public company,2026-04-10 08:14:08.375809
17639,YETI,Q22026369,instance_of,Q4830453,business,2026-04-10 08:14:08.375809
17640,ICOP.MI,Q30289920,instance_of,Q4830453,business,2026-04-10 08:14:08.375809
17641,YUMC,Q30645592,instance_of,Q891723,public company,2026-04-10 08:14:08.375809
17642,YUMC,Q30645592,instance_of,Q4830453,business,2026-04-10 08:14:08.375809
17643,HSW.IR,Q61925901,instance_of,Q891723,public company,2026-04-10 08:14:08.375809
17644,HSW.IR,Q61925901,instance_of,Q4830453,business,2026-04-10 08:14:08.375809
17645,IRES.IR,Q85769999,instance_of,Q4830453,business,2026-04-10 08:14:08.375809
17646,C5H.IR,Q96374260,instance_of,Q4830453,business,2026-04-10 08:14:08.375809
17647,GRP.IR,Q97354365,instance_of,Q43229,organization,2026-04-10 08:14:08.375809
17650,AED.BR,Q130525063,instance_of,Q1660104,real estate company,2026-04-10 08:14:08.375809
17651,AED.BR,Q130525063,instance_of,Q6881511,enterprise,2026-04-10 08:14:08.375809
17665,MONT.BR,Q11693803,part_of,Q795831,BEL20,2026-04-10 08:14:08.375809
17694,YUMC,Q30645592,owned_by,BLK,BlackRock,2026-04-10 08:14:08.375809
17769,CS.PA,Q160054,subsidiaries,EQH,nan,2026-04-10 08:14:08.375809
17950,AIR.PA,Q2311,products,Q197,airplane,2026-04-10 08:14:08.375809
17954,ALO.PA,Q309084,products,Q324768,Flexity,2026-04-10 08:14:08.375809
17955,ALO.PA,Q309084,products,Q432757,Alstom Citadis,2026-04-10 08:14:08.375809
17956,ALO.PA,Q309084,products,Q662195,,2026-04-10 08:14:08.375809
17957,ALO.PA,Q309084,products,Q3570298,X'Trapolis,2026-04-10 08:14:08.375809
17958,ALO.PA,Q309084,products,Q7468057,Alstom Coradia,2026-04-10 08:14:08.375809
17959,ALO.PA,Q309084,products,Q99965194,Avelia,2026-04-10 08:14:08.375809
17960,ALO.PA,Q309084,products,Q122181844,Alstom Traxx,2026-04-10 08:14:08.375809
17963,AKE.PA,Q673327,products,Q423145,acrylate polymer,2026-04-10 08:14:08.375809
18031,AIR.PA,Q2311,instance_of,Q206361,concern,2026-04-10 08:14:08.375809
18032,AIR.PA,Q2311,instance_of,Q891723,public company,2026-04-10 08:14:08.375809
18033,AIR.PA,Q2311,instance_of,Q4830453,business,2026-04-10 08:14:08.375809
18034,AIR.PA,Q2311,instance_of,Q6881511,enterprise,2026-04-10 08:14:08.375809
18035,CS.PA,Q160054,instance_of,Q2143354,insurance company,2026-04-10 08:14:08.375809
18036,CS.PA,Q160054,instance_of,Q4830453,business,2026-04-10 08:14:08.375809
18037,AC.PA,Q212599,instance_of,Q43229,organization,2026-04-10 08:14:08.375809
18038,AC.PA,Q212599,instance_of,Q3117865,hotel group,2026-04-10 08:14:08.375809
18039,AC.PA,Q212599,instance_of,Q4830453,business,2026-04-10 08:14:08.375809
18040,ATE.PA,Q294520,instance_of,Q43229,organization,2026-04-10 08:14:08.375809
18041,ATE.PA,Q294520,instance_of,Q4830453,business,2026-04-10 08:14:08.375809
18042,ALO.PA,Q309084,instance_of,Q43229,organization,2026-04-10 08:14:08.375809
18043,ALO.PA,Q309084,instance_of,Q2995256,rail vehicle manufacturer,2026-04-10 08:14:08.375809
18044,ALO.PA,Q309084,instance_of,Q4830453,business,2026-04-10 08:14:08.375809
18045,AI.PA,Q407448,instance_of,Q43229,organization,2026-04-10 08:14:08.375809
18046,AI.PA,Q407448,instance_of,Q4830453,business,2026-04-10 08:14:08.375809
18047,CDA.PA,Q624378,instance_of,Q43229,organization,2026-04-10 08:14:08.375809
18048,AKE.PA,Q673327,instance_of,Q43229,organization,2026-04-10 08:14:08.375809
18049,ASY.PA,Q691748,instance_of,Q43229,organization,2026-04-10 08:14:08.375809
18050,SOLB.BR,Q706184,instance_of,Q161726,multinational corporation,2026-04-10 08:14:08.375809
18051,SOLB.BR,Q706184,instance_of,Q891723,public company,2026-04-10 08:14:08.375809
18052,SOLB.BR,Q706184,instance_of,Q4830453,business,2026-04-10 08:14:08.375809
18053,ADP.PA,Q794563,instance_of,Q43229,organization,2026-04-10 08:14:08.375809
18054,ADP.PA,Q794563,instance_of,Q670113,fixed-base operator,2026-04-10 08:14:08.375809
18055,BAIN.PA,Q1162190,instance_of,Q4830453,business,2026-04-10 08:14:08.375809
18056,BAIN.PA,Q1162190,instance_of,Q6881511,enterprise,2026-04-10 08:14:08.375809
18057,AYV.PA,Q2819236,instance_of,Q43229,organization,2026-04-10 08:14:08.375809
18058,AMUN.PA,Q2844522,instance_of,Q4830453,business,2026-04-10 08:14:08.375809
18059,AUB.PA,Q2870542,instance_of,Q43229,organization,2026-04-10 08:14:08.375809
18060,AKW.PA,Q3272921,instance_of,Q43229,organization,2026-04-10 08:14:08.375809
18061,FAGR.BR,Q4796496,instance_of,Q4830453,business,2026-04-10 08:14:08.375809
18062,FAGR.BR,Q4796496,instance_of,Q6881511,enterprise,2026-04-10 08:14:08.375809
18063,ABVX.PA,Q30268737,instance_of,Q43229,organization,2026-04-10 08:14:08.375809
18064,ADOC.PA,Q30268807,instance_of,Q4830453,business,2026-04-10 08:14:08.375809
18065,ABNX.PA,Q30268868,instance_of,Q4830453,business,2026-04-10 08:14:08.375809
18066,ANTIN.PA,Q85742021,instance_of,Q4830453,business,2026-04-10 08:14:08.375809
18067,ARG.PA,Q86672224,instance_of,Q6881511,enterprise,2026-04-10 08:14:08.375809
18068,ATLD.PA,Q115167290,instance_of,Q43229,organization,2026-04-10 08:14:08.375809
18071,AIR.PA,Q2311,part_of,Q155718,DAX,2026-04-10 08:14:08.375809
18072,AIR.PA,Q2311,part_of,Q595622,MDAX,2026-04-10 08:14:08.375809
18073,AIR.PA,Q2311,part_of,Q648828,CAC 40,2026-04-10 08:14:08.375809
18074,AIR.PA,Q2311,part_of,Q981010,EURO STOXX 50,2026-04-10 08:14:08.375809
18075,AIR.PA,Q2311,part_of,Q1266453,competition between Airbus and Boeing,2026-04-10 08:14:08.375809
18076,CS.PA,Q160054,part_of,Q648828,CAC 40,2026-04-10 08:14:08.375809
18077,AC.PA,Q212599,part_of,Q648828,CAC 40,2026-04-10 08:14:08.375809
18079,ALO.PA,Q309084,part_of,Q648828,CAC 40,2026-04-10 08:14:08.375809
18080,ALO.PA,Q309084,part_of,Q1922499,Euronext 100,2026-04-10 08:14:08.375809
18081,AI.PA,Q407448,part_of,Q648828,CAC 40,2026-04-10 08:14:08.375809
18085,SOLB.BR,Q706184,part_of,Q648828,CAC 40,2026-04-10 08:14:08.375809
18117,ADP.PA,Q794563,owned_by,DG.PA,Vinci,2026-04-10 08:14:08.375809
18122,BAIN.PA,Q1162190,owned_by,MC.PA,LVMH,2026-04-10 08:14:08.375809
18125,AYV.PA,Q2819236,owned_by,GLE.PA,Société Générale,2026-04-10 08:14:08.375809
18126,AMUN.PA,Q2844522,owned_by,ACA.PA,Credit Agricole Group,2026-04-10 08:14:08.375809
18255,EN.PA,Q895325,subsidiaries,TFI.PA,nan,2026-04-10 08:14:08.375809
18277,CA.PA,Q3117359,subsidiaries,CARM.PA,nan,2026-04-10 08:14:08.375809
18305,BOL.PA,Q444172,investments,VIV.PA,nan,2026-04-10 08:14:08.375809
18326,CDI.PA,Q542767,investments,MC.PA,nan,2026-04-10 08:14:08.375809
18404,BN.PA,Q329426,products,Q2095,food,2026-04-10 08:14:08.375809
18405,BN.PA,Q329426,products,Q8486,coffee,2026-04-10 08:14:08.375809
18406,BN.PA,Q329426,products,Q185217,dairy product,2026-04-10 08:14:08.375809
18407,BN.PA,Q329426,products,Q797971,baby food,2026-04-10 08:14:08.375809
18408,BN.PA,Q329426,products,Q1049049,bottled water,2026-04-10 08:14:08.375809
18409,BOL.PA,Q444172,products,Q177777,logistics,2026-04-10 08:14:08.375809
18410,BNP.PA,Q499707,products,Q873442,asset management,2026-04-10 08:14:08.375809
18411,CDI.PA,Q542767,products,Q11460,clothing,2026-04-10 08:14:08.375809
18415,BB.PA,Q795981,products,Q20459,lighter,2026-04-10 08:14:08.375809
18416,BB.PA,Q795981,products,Q160137,ballpoint pen,2026-04-10 08:14:08.375809
18417,BB.PA,Q795981,products,Q2901604,BIC Cristal,2026-04-10 08:14:08.375809
18418,BB.PA,Q795981,products,Q16294897,cartridge safety razor,2026-04-10 08:14:08.375809
18419,BB.PA,Q795981,products,Q79033922,disposable razor,2026-04-10 08:14:08.375809
18420,BB.PA,Q795981,products,Q109448176,BIC lighter,2026-04-10 08:14:08.375809
18421,BB.PA,Q795981,products,Q124394612,BIC razor,2026-04-10 08:14:08.375809
18424,BON.PA,Q892279,products,Q843389,canning,2026-04-10 08:14:08.375809
18425,EN.PA,Q895325,products,Q77590,civil engineering,2026-04-10 08:14:08.375809
18432,CA.PA,Q3117359,products,Q320677,cash and carry,2026-04-10 08:14:08.375809
18492,BN.PA,Q329426,instance_of,Q43229,organization,2026-04-10 08:14:08.375809
18493,BN.PA,Q329426,instance_of,Q1252971,food manufacturer,2026-04-10 08:14:08.375809
18494,BOL.PA,Q444172,instance_of,Q43229,organization,2026-04-10 08:14:08.375809
18495,BNP.PA,Q499707,instance_of,Q22687,bank,2026-04-10 08:14:08.375809
18496,BNP.PA,Q499707,instance_of,Q43229,organization,2026-04-10 08:14:08.375809
18497,BNP.PA,Q499707,instance_of,Q650241,financial institution,2026-04-10 08:14:08.375809
18498,BNP.PA,Q499707,instance_of,Q1548033,large bank,2026-04-10 08:14:08.375809
18499,BNP.PA,Q499707,instance_of,Q4830453,business,2026-04-10 08:14:08.375809
18500,CDI.PA,Q542767,instance_of,Q4830453,business,2026-04-10 08:14:08.375809
18501,CDI.PA,Q542767,instance_of,Q137183855,perfume brand,2026-04-10 08:14:08.375809
18502,ACA.PA,Q590952,instance_of,Q22687,bank,2026-04-10 08:14:08.375809
18503,ACA.PA,Q590952,instance_of,Q43229,organization,2026-04-10 08:14:08.375809
18504,COFA.PA,Q658635,instance_of,Q43229,organization,2026-04-10 08:14:08.375809
18505,COV.PA,Q741445,instance_of,Q43229,organization,2026-04-10 08:14:08.375809
18506,BB.PA,Q795981,instance_of,Q4830453,business,2026-04-10 08:14:08.375809
18507,BB.PA,Q795981,instance_of,Q13235160,manufacturer,2026-04-10 08:14:08.375809
18508,BIG.PA,Q859575,instance_of,Q43229,organization,2026-04-10 08:14:08.375809
18509,NACON.PA,Q859575,instance_of,Q43229,organization,2026-04-10 08:14:08.375809
18510,BON.PA,Q892279,instance_of,Q43229,organization,2026-04-10 08:14:08.375809
18511,EN.PA,Q895325,instance_of,Q43229,organization,2026-04-10 08:14:08.375809
18512,EN.PA,Q895325,instance_of,Q4830453,business,2026-04-10 08:14:08.375809
18513,BEN.PA,Q962626,instance_of,Q43229,organization,2026-04-10 08:14:08.375809
18514,CAP.PA,Q1034621,instance_of,Q43229,organization,2026-04-10 08:14:08.375809
18515,CAP.PA,Q1034621,instance_of,Q161726,multinational corporation,2026-04-10 08:14:08.375809
18516,CAP.PA,Q1034621,instance_of,Q2089936,consulting company,2026-04-10 08:14:08.375809
18517,FGR.PA,Q1302944,instance_of,Q43229,organization,2026-04-10 08:14:08.375809
18518,BVI.PA,Q1974503,instance_of,Q43229,organization,2026-04-10 08:14:08.375809
18519,BVI.PA,Q1974503,instance_of,Q87415039,accrediting body,2026-04-10 08:14:08.375809
18520,EDEN.PA,Q3047407,instance_of,Q43229,organization,2026-04-10 08:14:08.375809
18521,EDEN.PA,Q3047407,instance_of,Q4830453,business,2026-04-10 08:14:08.375809
18522,ELIOR.PA,Q3051036,instance_of,Q43229,organization,2026-04-10 08:14:08.375809
18523,CA.PA,Q3117359,instance_of,Q43229,organization,2026-04-10 08:14:08.375809
18524,CA.PA,Q3117359,instance_of,Q161726,multinational corporation,2026-04-10 08:14:08.375809
18525,CLARI.PA,Q3198944,instance_of,Q43229,organization,2026-04-10 08:14:08.375809
18526,CLARI.PA,Q3198944,instance_of,Q4830453,business,2026-04-10 08:14:08.375809
18527,EFG.PA,Q3347591,instance_of,Q43229,organization,2026-04-10 08:14:08.375809
18528,DBV.PA,Q5204430,instance_of,Q43229,organization,2026-04-10 08:14:08.375809
18529,BSD.PA,Q16533733,instance_of,Q43229,organization,2026-04-10 08:14:08.375809
18530,BSD.PA,Q16533733,instance_of,Q17232649,news website,2026-04-10 08:14:08.375809
18531,CARM.PA,Q17175654,instance_of,Q43229,organization,2026-04-10 08:14:08.375809
18534,BN.PA,Q329426,part_of,Q648828,CAC 40,2026-04-10 08:14:08.375809
18535,BN.PA,Q329426,part_of,Q981010,EURO STOXX 50,2026-04-10 08:14:08.375809
18537,BNP.PA,Q499707,part_of,Q648828,CAC 40,2026-04-10 08:14:08.375809
18538,BNP.PA,Q499707,part_of,Q981010,EURO STOXX 50,2026-04-10 08:14:08.375809
18540,ACA.PA,Q590952,part_of,Q648828,CAC 40,2026-04-10 08:14:08.375809
18547,EN.PA,Q895325,part_of,Q648828,CAC 40,2026-04-10 08:14:08.375809
18548,EN.PA,Q895325,part_of,Q47492123,STOXX Global Select Dividend 100,2026-04-10 08:14:08.375809
18550,CAP.PA,Q1034621,part_of,Q648828,CAC 40,2026-04-10 08:14:08.375809
18553,EDEN.PA,Q3047407,part_of,Q648828,CAC 40,2026-04-10 08:14:08.375809
18555,CA.PA,Q3117359,part_of,Q648828,CAC 40,2026-04-10 08:14:08.375809
18556,CLARI.PA,Q3198944,part_of,Q2442030,CAC Mid 60,2026-04-10 08:14:08.375809
18568,COFA.PA,Q658635,owned_by,ACGL,Arch Capital Group,2026-04-10 08:14:08.375809
18577,FGR.PA,Q1302944,owned_by,BLK,BlackRock,2026-04-10 08:14:08.375809
18578,FGR.PA,Q1302944,owned_by,GLE.PA,Société Générale,2026-04-10 08:14:08.375809
18584,BVI.PA,Q1974503,owned_by,MF.PA,Wendel,2026-04-10 08:14:08.375809
18594,CARM.PA,Q17175654,owned_by,GLE.PA,Société Générale,2026-04-10 08:14:08.375809
18596,CARM.PA,Q17175654,owned_by,CA.PA,Carrefour Group,2026-04-10 08:14:08.375809
18784,FRVIA.PA,Q142205,products,Q137723777,,2026-04-10 08:14:08.375809
18793,ELEC.PA,Q2311262,products,Q12725,electricity,2026-04-10 08:14:08.375809
18798,ENGI.PA,Q13416787,products,Q40858,natural gas,2026-04-10 08:14:08.375809
18799,FDE.PA,Q25386010,products,Q556,hydrogen,2026-04-10 08:14:08.375809
18800,FDE.PA,Q25386010,products,Q842311,town gas,2026-04-10 08:14:08.375809
18804,EL.PA,Q56853086,products,Q5422874,eyewear,2026-04-10 08:14:08.375809
18860,FRVIA.PA,Q142205,instance_of,Q43229,organization,2026-04-10 08:14:08.375809
18861,FRVIA.PA,Q142205,instance_of,Q3477381,automotive supplier,2026-04-10 08:14:08.375809
18862,ENXP.LS,Q842108,instance_of,Q891723,public company,2026-04-10 08:14:08.375809
18863,ENXP.LS,Q842108,instance_of,Q4830453,business,2026-04-10 08:14:08.375809
18864,GBT.PA,Q906156,instance_of,Q43229,organization,2026-04-10 08:14:08.375809
18865,ERA.PA,Q1347990,instance_of,Q43229,organization,2026-04-10 08:14:08.375809
18866,RF.PA,Q1374315,instance_of,Q43229,organization,2026-04-10 08:14:08.375809
18867,EXE.PA,Q1383652,instance_of,Q43229,organization,2026-04-10 08:14:08.375809
18868,FDJU.PA,Q1450805,instance_of,Q43229,organization,2026-04-10 08:14:08.375809
18869,GFC.PA,Q1497417,instance_of,Q43229,organization,2026-04-10 08:14:08.375809
18870,GET.PA,Q2274634,instance_of,Q43229,organization,2026-04-10 08:14:08.375809
18871,GET.PA,Q2274634,instance_of,Q521458,railway infrastructure manager,2026-04-10 08:14:08.375809
18872,ELEC.PA,Q2311262,instance_of,Q43229,organization,2026-04-10 08:14:08.375809
18873,DBG.PA,Q3023799,instance_of,Q43229,organization,2026-04-10 08:14:08.375809
18874,ELIS.PA,Q3051054,instance_of,Q43229,organization,2026-04-10 08:14:08.375809
18875,GLO.PA,Q3093234,instance_of,Q43229,organization,2026-04-10 08:14:08.375809
18876,EMEIS.PA,Q3347694,instance_of,Q43229,organization,2026-04-10 08:14:08.375809
18877,ENGI.PA,Q13416787,instance_of,Q43229,organization,2026-04-10 08:14:08.375809
18878,ENGI.PA,Q13416787,instance_of,Q161726,multinational corporation,2026-04-10 08:14:08.375809
18879,ENGI.PA,Q13416787,instance_of,Q1341478,energy company,2026-04-10 08:14:08.375809
18880,FDE.PA,Q25386010,instance_of,Q43229,organization,2026-04-10 08:14:08.375809
18881,FDE.PA,Q25386010,instance_of,Q6881511,enterprise,2026-04-10 08:14:08.375809
18882,GNFT.PA,Q30256850,instance_of,Q43229,organization,2026-04-10 08:14:08.375809
18883,SIGHT.PA,Q30268936,instance_of,Q43229,organization,2026-04-10 08:14:08.375809
18884,FNAC.PA,Q47088340,instance_of,Q43229,organization,2026-04-10 08:14:08.375809
18885,EL.PA,Q56853086,instance_of,Q43229,organization,2026-04-10 08:14:08.375809
18886,EL.PA,Q56853086,instance_of,Q161726,multinational corporation,2026-04-10 08:14:08.375809
18887,EL.PA,Q56853086,instance_of,Q219577,holding company,2026-04-10 08:14:08.375809
18888,GTT.PA,Q64174304,instance_of,Q783794,company,2026-04-10 08:14:08.375809
18889,GTT.PA,Q64174304,instance_of,Q4830453,business,2026-04-10 08:14:08.375809
18890,GTT.PA,Q64174304,instance_of,Q6881511,enterprise,2026-04-10 08:14:08.375809
18893,EXA.PA,Q125849806,instance_of,Q4830453,business,2026-04-10 08:14:08.375809
18894,ETL.PA,Q133262748,instance_of,Q4830453,business,2026-04-10 08:14:08.375809
18909,ENGI.PA,Q13416787,part_of,Q648828,CAC 40,2026-04-10 08:14:08.375809
18910,ENGI.PA,Q13416787,part_of,Q981010,EURO STOXX 50,2026-04-10 08:14:08.375809
18915,EL.PA,Q56853086,part_of,Q648828,CAC 40,2026-04-10 08:14:08.375809
18916,EL.PA,Q56853086,part_of,Q981010,EURO STOXX 50,2026-04-10 08:14:08.375809
18924,ENXP.LS,Q842108,owned_by,ABN.AS,ABN AMRO,2026-04-10 08:14:08.375809
18926,ENXP.LS,Q842108,owned_by,ISP.MI,Intesa Sanpaolo,2026-04-10 08:14:08.375809
18938,GET.PA,Q2274634,owned_by,FGR.PA,Eiffage,2026-04-10 08:14:08.375809
18945,EMEIS.PA,Q3347694,owned_by,PEUG.PA,Peugeot Invest,2026-04-10 08:14:08.375809
18959,ETL.PA,Q133262748,owned_by,LAZ,Lazard,2026-04-10 08:14:08.375809
19170,OR.PA,Q156077,investments,SAN.PA,nan,2026-04-10 08:14:08.375809
19301,DEC.PA,Q74877,products,Q13397636,street furniture,2026-04-10 08:14:08.375809
19304,MC.PA,Q504998,products,Q11460,clothing,2026-04-10 08:14:08.375809
19305,MTU.PA,Q599791,products,Q41577,forklift,2026-04-10 08:14:08.375809
19306,LR.PA,Q636755,products,Q5320,electrical switch,2026-04-10 08:14:08.375809
19307,RMS.PA,Q843887,products,Q11460,clothing,2026-04-10 08:14:08.375809
19308,NK.PA,Q917717,products,Q5309,graphite,2026-04-10 08:14:08.375809
19309,MBWS.PA,Q920412,products,Q374,vodka,2026-04-10 08:14:08.375809
19310,KER.PA,Q931207,products,Q949715,luxury good,2026-04-10 08:14:08.375809
19311,MMB.PA,Q1490400,products,Q3972943,publishing,2026-04-10 08:14:08.375809
19319,LI.PA,Q3197950,products,Q1520439,commercial property,2026-04-10 08:14:08.375809
19376,DEC.PA,Q74877,instance_of,Q43229,organization,2026-04-10 08:14:08.375809
19377,IPN.PA,Q111546,instance_of,Q43229,organization,2026-04-10 08:14:08.375809
19378,IPN.PA,Q111546,instance_of,Q19644607,pharmaceutical company,2026-04-10 08:14:08.375809
19379,OR.PA,Q156077,instance_of,Q43229,organization,2026-04-10 08:14:08.375809
19380,OR.PA,Q156077,instance_of,Q161726,multinational corporation,2026-04-10 08:14:08.375809
19381,MC.PA,Q504998,instance_of,Q778575,conglomerate,2026-04-10 08:14:08.375809
19382,MC.PA,Q504998,instance_of,Q4830453,business,2026-04-10 08:14:08.375809
19383,MTU.PA,Q599791,instance_of,Q43229,organization,2026-04-10 08:14:08.375809
19384,LR.PA,Q636755,instance_of,Q43229,organization,2026-04-10 08:14:08.375809
19385,LR.PA,Q636755,instance_of,Q4830453,business,2026-04-10 08:14:08.375809
19386,RMS.PA,Q843887,instance_of,Q4830453,business,2026-04-10 08:14:08.375809
19387,RMS.PA,Q843887,instance_of,Q137183855,perfume brand,2026-04-10 08:14:08.375809
19388,NK.PA,Q917717,instance_of,Q43229,organization,2026-04-10 08:14:08.375809
19389,NK.PA,Q917717,instance_of,Q4830453,business,2026-04-10 08:14:08.375809
19390,MBWS.PA,Q920412,instance_of,Q4830453,business,2026-04-10 08:14:08.375809
19391,KER.PA,Q931207,instance_of,Q43229,organization,2026-04-10 08:14:08.375809
19392,KER.PA,Q931207,instance_of,Q4830453,business,2026-04-10 08:14:08.375809
19393,MMB.PA,Q1490400,instance_of,Q891723,public company,2026-04-10 08:14:08.375809
19394,MMB.PA,Q1490400,instance_of,Q1320047,book publisher,2026-04-10 08:14:08.375809
19395,MMB.PA,Q1490400,instance_of,Q1331793,media company,2026-04-10 08:14:08.375809
19396,GUI.PA,Q1553986,instance_of,Q4830453,business,2026-04-10 08:14:08.375809
19397,GUI.PA,Q1553986,instance_of,Q6881511,enterprise,2026-04-10 08:14:08.375809
19398,JCQ.PA,Q1654143,instance_of,Q891723,public company,2026-04-10 08:14:08.375809
19399,IPS.PA,Q1672300,instance_of,Q43229,organization,2026-04-10 08:14:08.375809
19400,MMB.PA,Q2067115,instance_of,Q1114515,comics publishing company,2026-04-10 08:14:08.375809
19401,MMB.PA,Q2067115,instance_of,Q1320047,book publisher,2026-04-10 08:14:08.375809
19402,MMB.PA,Q2067115,instance_of,Q1644277,audiobook publisher,2026-04-10 08:14:08.375809
19403,MMB.PA,Q2067115,instance_of,Q4830453,business,2026-04-10 08:14:08.375809
19404,ICAD.PA,Q3147573,instance_of,Q43229,organization,2026-04-10 08:14:08.375809
19405,ICAD.PA,Q3147573,instance_of,Q697852,real estate investment trust,2026-04-10 08:14:08.375809
19406,ITP.PA,Q3153545,instance_of,Q43229,organization,2026-04-10 08:14:08.375809
19407,KOF.PA,Q3194284,instance_of,Q4830453,business,2026-04-10 08:14:08.375809
19408,KOF.PA,Q3194284,instance_of,Q6881511,enterprise,2026-04-10 08:14:08.375809
19409,LI.PA,Q3197950,instance_of,Q43229,organization,2026-04-10 08:14:08.375809
19410,LI.PA,Q3197950,instance_of,Q4830453,business,2026-04-10 08:14:08.375809
19411,FII.PA,Q3206063,instance_of,Q43229,organization,2026-04-10 08:14:08.375809
19412,LIN.PA,Q3241501,instance_of,Q4830453,business,2026-04-10 08:14:08.375809
19413,MDM.PA,Q3280364,instance_of,Q43229,organization,2026-04-10 08:14:08.375809
19414,PIG.PA,Q3388721,instance_of,Q43229,organization,2026-04-10 08:14:08.375809
19415,IPH.PA,Q30262286,instance_of,Q43229,organization,2026-04-10 08:14:08.375809
19416,IVA.PA,Q30269095,instance_of,Q43229,organization,2026-04-10 08:14:08.375809
19419,OR.PA,Q156077,part_of,Q648828,CAC 40,2026-04-10 08:14:08.375809
19420,OR.PA,Q156077,part_of,Q109447951,KHOL,2026-04-10 08:14:08.375809
19421,MC.PA,Q504998,part_of,Q648828,CAC 40,2026-04-10 08:14:08.375809
19422,MC.PA,Q504998,part_of,Q109447951,KHOL,2026-04-10 08:14:08.375809
19424,LR.PA,Q636755,part_of,Q648828,CAC 40,2026-04-10 08:14:08.375809
19425,RMS.PA,Q843887,part_of,Q648828,CAC 40,2026-04-10 08:14:08.375809
19426,RMS.PA,Q843887,part_of,Q109447951,KHOL,2026-04-10 08:14:08.375809
19429,KER.PA,Q931207,part_of,Q648828,CAC 40,2026-04-10 08:14:08.375809
19430,KER.PA,Q931207,part_of,Q981010,EURO STOXX 50,2026-04-10 08:14:08.375809
19431,KER.PA,Q931207,part_of,Q109447951,KHOL,2026-04-10 08:14:08.375809
19451,MC.PA,Q504998,owned_by,CDI.PA,Christian Dior,2026-04-10 08:14:08.375809
19459,MMB.PA,Q1490400,owned_by,ALHG.PA,Louis Hachette Group,2026-04-10 08:14:08.375809
19466,ITP.PA,Q3153545,owned_by,AMP,Ameriprise Financial,2026-04-10 08:14:08.375809
19468,LI.PA,Q3197950,owned_by,BLK,BlackRock,2026-04-10 08:14:08.375809
19469,LI.PA,Q3197950,owned_by,SPG,Simon Property Group,2026-04-10 08:14:08.375809
19473,MDM.PA,Q3280364,owned_by,CS.PA,AXA,2026-04-10 08:14:08.375809
19570,ORA.PA,Q1431486,subsidiaries,OBEL.BR,nan,2026-04-10 08:14:08.375809
19595,ORA.PA,Q1431486,subsidiaries,OBEL.BR,nan,2026-04-10 08:14:08.375809
19630,SAN.PA,Q158205,investments,REGN,nan,2026-04-10 08:14:08.375809
19703,SAN.PA,Q158205,products,Q1643563,prescription drug,2026-04-10 08:14:08.375809
19704,OVH.PA,Q568183,products,Q878048,virtual private server,2026-04-10 08:14:08.375809
19705,OVH.PA,Q568183,products,Q1996088,dedicated hosting service,2026-04-10 08:14:08.375809
19706,RI.PA,Q837049,products,Q154,alcoholic beverage,2026-04-10 08:14:08.375809
19707,RI.PA,Q837049,products,Q2482,Jameson,2026-04-10 08:14:08.375809
19708,RI.PA,Q837049,products,Q1763924,Beefeater Gin,2026-04-10 08:14:08.375809
19709,NAE.PA,Q867662,products,Q39558,gasoline,2026-04-10 08:14:08.375809
19710,NAE.PA,Q867662,products,Q323840,lubricant,2026-04-10 08:14:08.375809
19711,RCO.PA,Q1345059,products,Q282,wine,2026-04-10 08:14:08.375809
19712,RCO.PA,Q1345059,products,Q284,cognac,2026-04-10 08:14:08.375809
19713,RCO.PA,Q1345059,products,Q83376,rum,2026-04-10 08:14:08.375809
19714,RCO.PA,Q1345059,products,Q178780,liqueur,2026-04-10 08:14:08.375809
19715,RCO.PA,Q1345059,products,Q12673554,spirit drink,2026-04-10 08:14:08.375809
19716,NRG.PA,Q1412968,products,Q872,radio,2026-04-10 08:14:08.375809
19718,ORA.PA,Q1431486,products,Q11371,internet service provider,2026-04-10 08:14:08.375809
19719,ORA.PA,Q1431486,products,Q17517,mobile phone,2026-04-10 08:14:08.375809
19720,ORA.PA,Q1431486,products,Q177518,IPTV,2026-04-10 08:14:08.375809
19721,ORA.PA,Q1431486,products,Q194163,broadband,2026-04-10 08:14:08.375809
19722,ORA.PA,Q1431486,products,Q614362,Orange Livebox,2026-04-10 08:14:08.375809
19725,PARRO.PA,Q1894793,products,Q7397,software,2026-04-10 08:14:08.375809
19726,LPE.PA,Q2342764,products,Q630531,French wine,2026-04-10 08:14:08.375809
19727,MMT.PA,Q3117481,products,Q289,television,2026-04-10 08:14:08.375809
19728,LSS.PA,Q3228778,products,Q184793,computer-aided design,2026-04-10 08:14:08.375809
19729,MAU.PA,Q3300250,products,Q22656,petroleum,2026-04-10 08:14:08.375809
19804,NEX.PA,Q141644,instance_of,Q43229,organization,2026-04-10 08:14:08.375809
19805,SAN.PA,Q158205,instance_of,Q43229,organization,2026-04-10 08:14:08.375809
19806,SAN.PA,Q158205,instance_of,Q19644607,pharmaceutical company,2026-04-10 08:14:08.375809
19807,OVH.PA,Q568183,instance_of,Q43229,organization,2026-04-10 08:14:08.375809
19808,OVH.PA,Q568183,instance_of,Q1073015,domain name registrar,2026-04-10 08:14:08.375809
19809,OVH.PA,Q568183,instance_of,Q1210425,internet hosting service,2026-04-10 08:14:08.375809
19810,OVH.PA,Q568183,instance_of,Q1346018,infrastructure as a service,2026-04-10 08:14:08.375809
19811,RI.PA,Q837049,instance_of,Q43229,organization,2026-04-10 08:14:08.375809
19812,RI.PA,Q837049,instance_of,Q4830453,business,2026-04-10 08:14:08.375809
19813,NAE.PA,Q867662,instance_of,Q431289,brand,2026-04-10 08:14:08.375809
19814,NAE.PA,Q867662,instance_of,Q64027599,gas station chain,2026-04-10 08:14:08.375809
19815,RCO.PA,Q1345059,instance_of,Q43229,organization,2026-04-10 08:14:08.375809
19816,NRG.PA,Q1412968,instance_of,Q43229,organization,2026-04-10 08:14:08.375809
19817,VAC.PA,Q1431285,instance_of,Q43229,organization,2026-04-10 08:14:08.375809
19818,ORA.PA,Q1431486,instance_of,Q43229,organization,2026-04-10 08:14:08.375809
19819,ORA.PA,Q1431486,instance_of,Q4830453,business,2026-04-10 08:14:08.375809
19820,PUB.PA,Q1537378,instance_of,Q43229,organization,2026-04-10 08:14:08.375809
19821,PUB.PA,Q1537378,instance_of,Q216931,advertising agency,2026-04-10 08:14:08.375809
19822,PROAC.PA,Q1633703,instance_of,Q891723,public company,2026-04-10 08:14:08.375809
19823,PARRO.PA,Q1894793,instance_of,Q43229,organization,2026-04-10 08:14:08.375809
19824,LPE.PA,Q2342764,instance_of,Q43229,organization,2026-04-10 08:14:08.375809
19825,MMT.PA,Q3117481,instance_of,Q43229,organization,2026-04-10 08:14:08.375809
19826,LSS.PA,Q3228778,instance_of,Q4830453,business,2026-04-10 08:14:08.375809
19827,LSS.PA,Q3228778,instance_of,Q6881511,enterprise,2026-04-10 08:14:08.375809
19828,MAU.PA,Q3300250,instance_of,Q43229,organization,2026-04-10 08:14:08.375809
19829,MRN.PA,Q3306644,instance_of,Q43229,organization,2026-04-10 08:14:08.375809
19830,NXI.PA,Q3339185,instance_of,Q43229,organization,2026-04-10 08:14:08.375809
19831,OPM.PA,Q3391735,instance_of,Q43229,organization,2026-04-10 08:14:08.375809
19832,OPM.PA,Q3391735,instance_of,Q891723,public company,2026-04-10 08:14:08.375809
19833,NANO.PA,Q6963996,instance_of,Q43229,organization,2026-04-10 08:14:08.375809
19834,MEDCL.PA,Q30262381,instance_of,Q43229,organization,2026-04-10 08:14:08.375809
19835,OSE.PA,Q30269268,instance_of,Q43229,organization,2026-04-10 08:14:08.375809
19836,LBIRD.PA,Q61933117,instance_of,Q4830453,business,2026-04-10 08:14:08.375809
19837,LHYFE.PA,Q109043442,instance_of,Q43229,organization,2026-04-10 08:14:08.375809
19838,SK.PA,Q125082559,instance_of,Q43229,organization,2026-04-10 08:14:08.375809
19839,SK.PA,Q125082559,instance_of,Q6881511,enterprise,2026-04-10 08:14:08.375809
19841,SAN.PA,Q158205,part_of,Q648828,CAC 40,2026-04-10 08:14:08.375809
19842,SAN.PA,Q158205,part_of,Q773026,Dow Jones Global Titans 50,2026-04-10 08:14:08.375809
19843,OVH.PA,Q568183,part_of,Q1022714,CAC Small,2026-04-10 08:14:08.375809
19844,RI.PA,Q837049,part_of,Q648828,CAC 40,2026-04-10 08:14:08.375809
19845,NAE.PA,Q867662,part_of,Q1165860,Seven Sisters,2026-04-10 08:14:08.375809
19849,ORA.PA,Q1431486,part_of,Q648828,CAC 40,2026-04-10 08:14:08.375809
19850,PUB.PA,Q1537378,part_of,Q648828,CAC 40,2026-04-10 08:14:08.375809
19864,LHYFE.PA,Q109043442,part_of,Q1022714,CAC Small,2026-04-10 08:14:08.375809
19867,SAN.PA,Q158205,owned_by,OR.PA,L'Oréal,2026-04-10 08:14:08.375809
19870,NAE.PA,Q867662,owned_by,XOM,ExxonMobil,2026-04-10 08:14:08.375809
19879,PUB.PA,Q1537378,owned_by,BLK,BlackRock,2026-04-10 08:14:08.375809
19991,GLE.PA,Q270363,subsidiaries,AYV.PA,nan,2026-04-10 08:14:08.375809
20044,PEUG.PA,Q3488278,subsidiaries,STLAM.MI,nan,2026-04-10 08:14:08.375809
20060,STLAM.MI,Q97439162,subsidiaries,C,nan,2026-04-10 08:14:08.375809
20100,GLE.PA,Q270363,investments,VIV.PA,nan,2026-04-10 08:14:08.375809
20103,GLE.PA,Q270363,investments,AYV.PA,nan,2026-04-10 08:14:08.375809
20182,RNO.PA,Q6686,products,Q1420,car,2026-04-10 08:14:08.375809
20183,RNO.PA,Q6686,products,Q43193,truck,2026-04-10 08:14:08.375809
20184,RNO.PA,Q6686,products,Q2666883,light commercial vehicle,2026-04-10 08:14:08.375809
20185,SU.PA,Q49053,products,Q7397,software,2026-04-10 08:14:08.375809
20186,SU.PA,Q49053,products,Q3749263,electrical device,2026-04-10 08:14:08.375809
20187,GLE.PA,Q270363,products,Q837171,financial services,2026-04-10 08:14:08.375809
20188,SESG.PA,Q333025,products,Q149918,communications satellite,2026-04-10 08:14:08.375809
20189,PLNW.PA,Q676735,products,Q7397,software,2026-04-10 08:14:08.375809
20191,SAVE.PA,Q892432,products,Q185217,dairy product,2026-04-10 08:14:08.375809
20193,RXL.PA,Q962489,products,Q3749263,electrical device,2026-04-10 08:14:08.375809
20194,SW.PA,Q1475554,products,Q41958,food service,2026-04-10 08:14:08.375809
20195,SAF.PA,Q1886126,products,Q743004,aircraft engine,2026-04-10 08:14:08.375809
20196,SAF.PA,Q1886126,products,Q1633693,helicopter engine,2026-04-10 08:14:08.375809
20202,RUI.PA,Q3446514,products,Q39558,gasoline,2026-04-10 08:14:08.375809
20203,RUI.PA,Q3446514,products,Q205495,filling station,2026-04-10 08:14:08.375809
20211,STLAM.MI,Q97439162,products,Q1420,car,2026-04-10 08:14:08.375809
20212,STLAM.MI,Q97439162,products,Q43193,truck,2026-04-10 08:14:08.375809
20213,STLAM.MI,Q97439162,products,Q580939,commercial vehicle,2026-04-10 08:14:08.375809
20214,STLAM.MI,Q97439162,products,Q3564023,utility vehicle,2026-04-10 08:14:08.375809
20215,STLAM.MI,Q97439162,products,Q6405028,automotive part,2026-04-10 08:14:08.375809
20266,RNO.PA,Q6686,instance_of,Q43229,organization,2026-04-10 08:14:08.375809
20267,RNO.PA,Q6686,instance_of,Q786820,automobile manufacturer,2026-04-10 08:14:08.375809
20268,SU.PA,Q49053,instance_of,Q43229,organization,2026-04-10 08:14:08.375809
20269,SU.PA,Q49053,instance_of,Q161726,multinational corporation,2026-04-10 08:14:08.375809
20270,GLE.PA,Q270363,instance_of,Q43229,organization,2026-04-10 08:14:08.375809
20271,SESG.PA,Q333025,instance_of,Q891723,public company,2026-04-10 08:14:08.375809
20272,SESG.PA,Q333025,instance_of,Q4830453,business,2026-04-10 08:14:08.375809
20273,SESG.PA,Q333025,instance_of,Q6881511,enterprise,2026-04-10 08:14:08.375809
20274,PLNW.PA,Q676735,instance_of,Q7397,software,2026-04-10 08:14:08.375809
20275,PLNW.PA,Q676735,instance_of,Q4830453,business,2026-04-10 08:14:08.375809
20276,SGO.PA,Q678565,instance_of,Q21980538,commercial organization,2026-04-10 08:14:08.375809
20277,SAVE.PA,Q892432,instance_of,Q43229,organization,2026-04-10 08:14:08.375809
20278,SCR.PA,Q920000,instance_of,Q43229,organization,2026-04-10 08:14:08.375809
20279,RXL.PA,Q962489,instance_of,Q43229,organization,2026-04-10 08:14:08.375809
20280,RXL.PA,Q962489,instance_of,Q891723,public company,2026-04-10 08:14:08.375809
20281,SW.PA,Q1475554,instance_of,Q43229,organization,2026-04-10 08:14:08.375809
20282,SW.PA,Q1475554,instance_of,Q5465569,foodservice distributor,2026-04-10 08:14:08.375809
20283,SAF.PA,Q1886126,instance_of,Q43229,organization,2026-04-10 08:14:08.375809
20284,SAF.PA,Q1886126,instance_of,Q4830453,business,2026-04-10 08:14:08.375809
20285,QDT.PA,Q1977631,instance_of,Q4830453,business,2026-04-10 08:14:08.375809
20286,QDT.PA,Q1977631,instance_of,Q6881511,enterprise,2026-04-10 08:14:08.375809
20287,SGRO.PA,Q2205753,instance_of,Q891723,public company,2026-04-10 08:14:08.375809
20288,SGRO.PA,Q2205753,instance_of,Q4830453,business,2026-04-10 08:14:08.375809
20289,SGRO.PA,Q2205753,instance_of,Q6881511,enterprise,2026-04-10 08:14:08.375809
20290,GDS.PA,Q3123085,instance_of,Q43229,organization,2026-04-10 08:14:08.375809
20291,RBT.PA,Q3436812,instance_of,Q43229,organization,2026-04-10 08:14:08.375809
20292,RBO.PA,Q3437504,instance_of,Q43229,organization,2026-04-10 08:14:08.375809
20293,RUI.PA,Q3446514,instance_of,Q43229,organization,2026-04-10 08:14:08.375809
20294,PEUG.PA,Q3488278,instance_of,Q43229,organization,2026-04-10 08:14:08.375809
20295,SPIE.PA,Q3488573,instance_of,Q43229,organization,2026-04-10 08:14:08.375809
20296,SOI.PA,Q3488995,instance_of,Q43229,organization,2026-04-10 08:14:08.375809
20297,S30.PA,Q3489662,instance_of,Q891723,public company,2026-04-10 08:14:08.375809
20298,S30.PA,Q3489662,instance_of,Q4830453,business,2026-04-10 08:14:08.375809
20299,SMCP.PA,Q17629435,instance_of,Q43229,organization,2026-04-10 08:14:08.375809
20300,SOP.PA,Q21021580,instance_of,Q43229,organization,2026-04-10 08:14:08.375809
20301,SEFER.PA,Q65149867,instance_of,Q6881511,enterprise,2026-04-10 08:14:08.375809
20302,STLAM.MI,Q97439162,instance_of,Q786820,automobile manufacturer,2026-04-10 08:14:08.375809
20303,STLAM.MI,Q97439162,instance_of,Q4830453,business,2026-04-10 08:14:08.375809
20304,STLAM.MI,Q97439162,instance_of,Q6881511,enterprise,2026-04-10 08:14:08.375809
20305,RNO.PA,Q6686,part_of,Q648828,CAC 40,2026-04-10 08:14:08.375809
20306,RNO.PA,Q6686,part_of,Q1477864,Renault–Nissan–Mitsubishi Alliance,2026-04-10 08:14:08.375809
20307,SU.PA,Q49053,part_of,Q648828,CAC 40,2026-04-10 08:14:08.375809
20308,GLE.PA,Q270363,part_of,Q648828,CAC 40,2026-04-10 08:14:08.375809
20311,SGO.PA,Q678565,part_of,Q648828,CAC 40,2026-04-10 08:14:08.375809
20312,SGO.PA,Q678565,part_of,Q981010,EURO STOXX 50,2026-04-10 08:14:08.375809
20317,SAF.PA,Q1886126,part_of,Q489978,Stoxx Europe 50,2026-04-10 08:14:08.375809
20318,SAF.PA,Q1886126,part_of,Q648828,CAC 40,2026-04-10 08:14:08.375809
20320,SGRO.PA,Q2205753,part_of,Q466496,FTSE 100 Index,2026-04-10 08:14:08.375809
20332,STLAM.MI,Q97439162,part_of,Q648828,CAC 40,2026-04-10 08:14:08.375809
20340,SGO.PA,Q678565,owned_by,MF.PA,Wendel,2026-04-10 08:14:08.375809
20360,STLAM.MI,Q97439162,owned_by,EXO.AS,Exor,2026-04-10 08:14:08.375809
20362,STLAM.MI,Q97439162,owned_by,PEUG.PA,Peugeot Invest,2026-04-10 08:14:08.375809
20422,TTE.PA,Q154037,subsidiaries,SPWR,nan,2026-04-10 08:14:08.375809
20453,VIV.PA,Q1127887,subsidiaries,UMG.AS,nan,2026-04-10 08:14:08.375809
20620,VIV.PA,Q1127887,investments,TIT.MI,nan,2026-04-10 08:14:08.375809
20623,VIV.PA,Q1127887,investments,MMB.PA,nan,2026-04-10 08:14:08.375809
20629,DG.PA,Q1475312,investments,CFEB.BR,nan,2026-04-10 08:14:08.375809
20687,TTE.PA,Q154037,products,Q2131789,lithium grease,2026-04-10 08:14:08.375809
20688,UBI.PA,Q188273,products,Q7397,software,2026-04-10 08:14:08.375809
20689,UBI.PA,Q188273,products,Q7889,video game,2026-04-10 08:14:08.375809
20693,HO.PA,Q1161666,products,Q8421,aeronautics,2026-04-10 08:14:08.375809
20694,HO.PA,Q1161666,products,Q47528,radar,2026-04-10 08:14:08.375809
20695,HO.PA,Q1161666,products,Q1406909,remote weapon station,2026-04-10 08:14:08.375809
20696,HO.PA,Q1161666,products,Q6029127,infantry mobility vehicle,2026-04-10 08:14:08.375809
20697,VCT.PA,Q1276709,products,Q45190,cement,2026-04-10 08:14:08.375809
20698,FR.PA,Q1305281,products,Q6405028,automotive part,2026-04-10 08:14:08.375809
20702,TFI.PA,Q2412906,products,Q289,television,2026-04-10 08:14:08.375809
20766,TTE.PA,Q154037,instance_of,Q161726,multinational corporation,2026-04-10 08:14:08.375809
20767,TTE.PA,Q154037,instance_of,Q4830453,business,2026-04-10 08:14:08.375809
20768,TTE.PA,Q154037,instance_of,Q14941854,oil company,2026-04-10 08:14:08.375809
20769,TTE.PA,Q154037,instance_of,Q64027599,gas station chain,2026-04-10 08:14:08.375809
20770,UBI.PA,Q188273,instance_of,Q43229,organization,2026-04-10 08:14:08.375809
20771,UBI.PA,Q188273,instance_of,Q210167,video game developer,2026-04-10 08:14:08.375809
20772,UBI.PA,Q188273,instance_of,Q1137109,video game publisher,2026-04-10 08:14:08.375809
20773,URW.PA,Q608518,instance_of,Q43229,organization,2026-04-10 08:14:08.375809
20774,XFAB.PA,Q690374,instance_of,Q4830453,business,2026-04-10 08:14:08.375809
20775,XFAB.PA,Q690374,instance_of,Q6881511,enterprise,2026-04-10 08:14:08.375809
20776,VIV.PA,Q1127887,instance_of,Q43229,organization,2026-04-10 08:14:08.375809
20777,VIV.PA,Q1127887,instance_of,Q4830453,business,2026-04-10 08:14:08.375809
20778,HO.PA,Q1161666,instance_of,Q43229,organization,2026-04-10 08:14:08.375809
20779,HO.PA,Q1161666,instance_of,Q161726,multinational corporation,2026-04-10 08:14:08.375809
20780,VCT.PA,Q1276709,instance_of,Q43229,organization,2026-04-10 08:14:08.375809
20781,VCT.PA,Q1276709,instance_of,Q4830453,business,2026-04-10 08:14:08.375809
20782,FR.PA,Q1305281,instance_of,Q43229,organization,2026-04-10 08:14:08.375809
20783,FR.PA,Q1305281,instance_of,Q3477381,automotive supplier,2026-04-10 08:14:08.375809
20784,DG.PA,Q1475312,instance_of,Q43229,organization,2026-04-10 08:14:08.375809
20785,DG.PA,Q1475312,instance_of,Q4830453,business,2026-04-10 08:14:08.375809
20786,VIE.PA,Q1632461,instance_of,Q43229,organization,2026-04-10 08:14:08.375809
20787,VIE.PA,Q1632461,instance_of,Q161726,multinational corporation,2026-04-10 08:14:08.375809
20788,TEP.PA,Q2392255,instance_of,Q43229,organization,2026-04-10 08:14:08.375809
20789,TEP.PA,Q2392255,instance_of,Q279014,Societas Europaea,2026-04-10 08:14:08.375809
20790,TFI.PA,Q2412906,instance_of,Q4830453,business,2026-04-10 08:14:08.375809
20791,MF.PA,Q2558951,instance_of,Q43229,organization,2026-04-10 08:14:08.375809
20792,WLN.PA,Q2869596,instance_of,Q43229,organization,2026-04-10 08:14:08.375809
20793,STF.PA,Q3460106,instance_of,Q43229,organization,2026-04-10 08:14:08.375809
20794,WAVE.PA,Q3489630,instance_of,Q43229,organization,2026-04-10 08:14:08.375809
20795,WAVE.PA,Q3489630,instance_of,Q2089936,consulting company,2026-04-10 08:14:08.375809
20796,VU.PA,Q3499779,instance_of,Q43229,organization,2026-04-10 08:14:08.375809
20797,SWP.PA,Q3506693,instance_of,Q43229,organization,2026-04-10 08:14:08.375809
20798,SCHP.PA,Q3510418,instance_of,Q43229,organization,2026-04-10 08:14:08.375809
20799,TRI.PA,Q3539134,instance_of,Q43229,organization,2026-04-10 08:14:08.375809
20800,VIRP.PA,Q3560575,instance_of,Q43229,organization,2026-04-10 08:14:08.375809
20801,VLA.PA,Q20663010,instance_of,Q43229,organization,2026-04-10 08:14:08.375809
20802,TE.PA,Q106314555,instance_of,Q4830453,business,2026-04-10 08:14:08.375809
20803,EC.PA,Q112178337,instance_of,Q43229,organization,2026-04-10 08:14:08.375809
20805,TTE.PA,Q154037,part_of,Q489978,Stoxx Europe 50,2026-04-10 08:14:08.375809
20806,TTE.PA,Q154037,part_of,Q648828,CAC 40,2026-04-10 08:14:08.375809
20807,TTE.PA,Q154037,part_of,Q773026,Dow Jones Global Titans 50,2026-04-10 08:14:08.375809
20808,TTE.PA,Q154037,part_of,Q981010,EURO STOXX 50,2026-04-10 08:14:08.375809
20810,URW.PA,Q608518,part_of,Q648828,CAC 40,2026-04-10 08:14:08.375809
20812,VIV.PA,Q1127887,part_of,Q648828,CAC 40,2026-04-10 08:14:08.375809
20813,HO.PA,Q1161666,part_of,Q648828,CAC 40,2026-04-10 08:14:08.375809
20815,FR.PA,Q1305281,part_of,Q648828,CAC 40,2026-04-10 08:14:08.375809
20816,DG.PA,Q1475312,part_of,Q489978,Stoxx Europe 50,2026-04-10 08:14:08.375809
20817,DG.PA,Q1475312,part_of,Q648828,CAC 40,2026-04-10 08:14:08.375809
20818,DG.PA,Q1475312,part_of,Q981010,EURO STOXX 50,2026-04-10 08:14:08.375809
20819,DG.PA,Q1475312,part_of,Q1922499,Euronext 100,2026-04-10 08:14:08.375809
20820,DG.PA,Q1475312,part_of,Q10366645,Stoxx Europe 600 Index,2026-04-10 08:14:08.375809
20821,VIE.PA,Q1632461,part_of,Q648828,CAC 40,2026-04-10 08:14:08.375809
20822,TEP.PA,Q2392255,part_of,Q648828,CAC 40,2026-04-10 08:14:08.375809
20823,TFI.PA,Q2412906,part_of,Q2442030,CAC Mid 60,2026-04-10 08:14:08.375809
20824,TFI.PA,Q2412906,part_of,Q3459242,SBF 120,2026-04-10 08:14:08.375809
20826,WLN.PA,Q2869596,part_of,Q648828,CAC 40,2026-04-10 08:14:08.375809
20838,TTE.PA,Q154037,owned_by,BLK,BlackRock,2026-04-10 08:14:08.375809
20845,VIV.PA,Q1127887,owned_by,GLE.PA,Société Générale,2026-04-10 08:14:08.375809
20846,VIV.PA,Q1127887,owned_by,BOL.PA,Bolloré,2026-04-10 08:14:08.375809
20857,DG.PA,Q1475312,owned_by,BLK,BlackRock,2026-04-10 08:14:08.375809
20869,TFI.PA,Q2412906,owned_by,EN.PA,Bouygues,2026-04-10 08:14:08.375809
20978,EDP.LS,Q1341222,subsidiaries,EDPR.LS,nan,2026-04-10 08:14:08.375809
20985,SEM.LS,Q1862723,subsidiaries,NVG.LS,nan,2026-04-10 08:14:08.375809
20988,SON.LS,Q2035375,subsidiaries,NOS.LS,nan,2026-04-10 08:14:08.375809
21042,AD.AS,Q795473,investments,JMT.LS,nan,2026-04-10 08:14:08.375809
21089,MT.AS,Q27893,products,Q1127242,high speed steel,2026-04-10 08:14:08.375809
21093,NOS.LS,Q136331,products,Q11035,telephone,2026-04-10 08:14:08.375809
21095,NVG.LS,Q686182,products,Q11472,paper,2026-04-10 08:14:08.375809
21096,AD.AS,Q795473,products,Q180846,supermarket,2026-04-10 08:14:08.375809
21100,EDPR.LS,Q1274362,products,Q43302,wind power,2026-04-10 08:14:08.375809
21101,EDPR.LS,Q1274362,products,Q192127,photovoltaics,2026-04-10 08:14:08.375809
21102,EDP.LS,Q1341222,products,Q27137,electric power,2026-04-10 08:14:08.375809
21103,GALP.LS,Q1492739,products,Q39558,gasoline,2026-04-10 08:14:08.375809
21109,SON.LS,Q2035375,products,Q750656,hypermarket,2026-04-10 08:14:08.375809
21110,PHR.LS,Q2105426,products,Q11035,telephone,2026-04-10 08:14:08.375809
21165,MT.AS,Q27893,instance_of,Q891723,public company,2026-04-10 08:14:08.375809
21166,MT.AS,Q27893,instance_of,Q4830453,business,2026-04-10 08:14:08.375809
21167,MT.AS,Q27893,instance_of,Q6881511,enterprise,2026-04-10 08:14:08.375809
21168,SCP.LS,Q75729,instance_of,Q476028,association football club,2026-04-10 08:14:08.375809
21169,SCP.LS,Q75729,instance_of,Q847017,sports club,2026-04-10 08:14:08.375809
21170,FCP.LS,Q128446,instance_of,Q476028,association football club,2026-04-10 08:14:08.375809
21171,FCP.LS,Q128446,instance_of,Q13580678,multisports club,2026-04-10 08:14:08.375809
21172,SLBEN.LS,Q131499,instance_of,Q476028,association football club,2026-04-10 08:14:08.375809
21173,SLBEN.LS,Q131499,instance_of,Q20639856,professional sports team,2026-04-10 08:14:08.375809
21174,NOS.LS,Q136331,instance_of,Q11371,internet service provider,2026-04-10 08:14:08.375809
21175,NOS.LS,Q136331,instance_of,Q4830453,business,2026-04-10 08:14:08.375809
21176,ALTR.LS,Q444971,instance_of,Q783794,company,2026-04-10 08:14:08.375809
21177,ALTR.LS,Q444971,instance_of,Q891723,public company,2026-04-10 08:14:08.375809
21178,ALTR.LS,Q444971,instance_of,Q4830453,business,2026-04-10 08:14:08.375809
21179,NVG.LS,Q686182,instance_of,Q4830453,business,2026-04-10 08:14:08.375809
21180,NVG.LS,Q686182,instance_of,Q6881511,enterprise,2026-04-10 08:14:08.375809
21181,AD.AS,Q795473,instance_of,Q891723,public company,2026-04-10 08:14:08.375809
21182,AD.AS,Q795473,instance_of,Q4830453,business,2026-04-10 08:14:08.375809
21183,AD.AS,Q795473,instance_of,Q6881511,enterprise,2026-04-10 08:14:08.375809
21184,CTT.LS,Q1024518,instance_of,Q11028,information,2026-04-10 08:14:08.375809
21185,CTT.LS,Q1024518,instance_of,Q891723,public company,2026-04-10 08:14:08.375809
21186,CTT.LS,Q1024518,instance_of,Q1529128,postal service,2026-04-10 08:14:08.375809
21187,CTT.LS,Q1024518,instance_of,Q4830453,business,2026-04-10 08:14:08.375809
21188,MAR.LS,Q1121894,instance_of,Q4830453,business,2026-04-10 08:14:08.375809
21189,COR.LS,Q1135601,instance_of,Q891723,public company,2026-04-10 08:14:08.375809
21190,EDPR.LS,Q1274362,instance_of,Q891723,public company,2026-04-10 08:14:08.375809
21191,EDPR.LS,Q1274362,instance_of,Q4830453,business,2026-04-10 08:14:08.375809
21192,EDP.LS,Q1341222,instance_of,Q891723,public company,2026-04-10 08:14:08.375809
21193,EDP.LS,Q1341222,instance_of,Q4830453,business,2026-04-10 08:14:08.375809
21194,GALP.LS,Q1492739,instance_of,Q891723,public company,2026-04-10 08:14:08.375809
21195,GALP.LS,Q1492739,instance_of,Q4830453,business,2026-04-10 08:14:08.375809
21196,GALP.LS,Q1492739,instance_of,Q6881511,enterprise,2026-04-10 08:14:08.375809
21197,GALP.LS,Q1492739,instance_of,Q64027599,gas station chain,2026-04-10 08:14:08.375809
21198,TDSA.LS,Q1580189,instance_of,Q4830453,business,2026-04-10 08:14:08.375809
21199,JMT.LS,Q1688026,instance_of,Q4830453,business,2026-04-10 08:14:08.375809
21200,SEM.LS,Q1862723,instance_of,Q4830453,business,2026-04-10 08:14:08.375809
21201,SEM.LS,Q1862723,instance_of,Q6881511,enterprise,2026-04-10 08:14:08.375809
21202,RENE.LS,Q1862842,instance_of,Q112046,transmission system operator for electricity,2026-04-10 08:14:08.375809
21203,RENE.LS,Q1862842,instance_of,Q891723,public company,2026-04-10 08:14:08.375809
21204,RENE.LS,Q1862842,instance_of,Q4830453,business,2026-04-10 08:14:08.375809
21205,RENE.LS,Q1862842,instance_of,Q6881511,enterprise,2026-04-10 08:14:08.375809
21206,EGL.LS,Q1949595,instance_of,Q4830453,business,2026-04-10 08:14:08.375809
21207,SON.LS,Q2035375,instance_of,Q161726,multinational corporation,2026-04-10 08:14:08.375809
21208,SON.LS,Q2035375,instance_of,Q4830453,business,2026-04-10 08:14:08.375809
21209,PHR.LS,Q2105426,instance_of,Q891723,public company,2026-04-10 08:14:08.375809
21210,PHR.LS,Q2105426,instance_of,Q4830453,business,2026-04-10 08:14:08.375809
21211,AD.AS,Q20539261,instance_of,Q891723,public company,2026-04-10 08:14:08.375809
21212,AD.AS,Q20539261,instance_of,Q4830453,business,2026-04-10 08:14:08.375809
21213,AD.AS,Q20539261,instance_of,Q6881511,enterprise,2026-04-10 08:14:08.375809
21214,AD.AS,Q20539261,instance_of,Q18043413,supermarket chain,2026-04-10 08:14:08.375809
21215,MRL.LS,Q28226309,instance_of,Q697852,real estate investment trust,2026-04-10 08:14:08.375809
21216,MRL.LS,Q28226309,instance_of,Q891723,public company,2026-04-10 08:14:08.375809
21217,PHR.LS,Q56354996,instance_of,Q21980538,commercial organization,2026-04-10 08:14:08.375809
21218,IBS.LS,Q115167587,instance_of,Q4830453,business,2026-04-10 08:14:08.375809
21219,MT.AS,Q27893,part_of,Q648828,CAC 40,2026-04-10 08:14:08.375809
21220,MT.AS,Q27893,part_of,Q938032,IBEX 35,2026-04-10 08:14:08.375809
21223,SLBEN.LS,Q131499,part_of,Q2895813,S.L. Benfica,2026-04-10 08:14:08.375809
21242,MRL.LS,Q28226309,part_of,Q938032,IBEX 35,2026-04-10 08:14:08.375809
21246,MT.AS,Q27893,owned_by,BLK,BlackRock,2026-04-10 08:14:08.375809
21247,MT.AS,Q27893,owned_by,GLE.PA,Société Générale,2026-04-10 08:14:08.375809
21251,NOS.LS,Q136331,owned_by,SON.LS,Sonae,2026-04-10 08:14:08.375809
21253,NVG.LS,Q686182,owned_by,SEM.LS,Semapa,2026-04-10 08:14:08.375809
21254,AD.AS,Q795473,owned_by,NN.AS,NN Group,2026-04-10 08:14:08.375809
21261,EDPR.LS,Q1274362,owned_by,EDP.LS,Energias de Portugal,2026-04-10 08:14:08.375809
21271,AD.AS,Q20539261,owned_by,BLK,BlackRock,2026-04-10 08:14:08.375809
21272,AD.AS,Q20539261,owned_by,NN.AS,NN Group,2026-04-10 08:14:08.375809
21275,MRL.LS,Q28226309,owned_by,BLK,BlackRock,2026-04-10 08:14:08.375809
21277,MRL.LS,Q28226309,owned_by,PFG,Principal Financial Group,2026-04-10 08:14:08.375809
21381,ASRNL.AS,Q297996,investments,RAND.AS,nan,2026-04-10 08:14:08.375809
21390,EXO.AS,Q1384140,investments,RACE.MI,nan,2026-04-10 08:14:08.375809
21391,EXO.AS,Q1384140,investments,STLAM.MI,nan,2026-04-10 08:14:08.375809
21439,AKZA.AS,Q50912,products,Q174219,paint,2026-04-10 08:14:08.375809
21440,ABN.AS,Q287471,products,Q873442,asset management,2026-04-10 08:14:08.375809
21442,ASML.AS,Q297879,products,Q622938,photolithography,2026-04-10 08:14:08.375809
21446,EXO.AS,Q1384140,products,Q4290,investment,2026-04-10 08:14:08.375809
21452,GLPG.AS,Q5517961,products,Q19904163,filgotinib,2026-04-10 08:14:08.375809
21514,AKZA.AS,Q50912,instance_of,Q891723,public company,2026-04-10 08:14:08.375809
21515,AKZA.AS,Q50912,instance_of,Q4830453,business,2026-04-10 08:14:08.375809
21516,AKZA.AS,Q50912,instance_of,Q6881511,enterprise,2026-04-10 08:14:08.375809
21517,ABN.AS,Q287471,instance_of,Q22687,bank,2026-04-10 08:14:08.375809
21518,ABN.AS,Q287471,instance_of,Q650241,financial institution,2026-04-10 08:14:08.375809
21519,ABN.AS,Q287471,instance_of,Q730038,credit institution,2026-04-10 08:14:08.375809
21520,ABN.AS,Q287471,instance_of,Q891723,public company,2026-04-10 08:14:08.375809
21521,AGN.AS,Q291171,instance_of,Q891723,public company,2026-04-10 08:14:08.375809
21522,AGN.AS,Q291171,instance_of,Q4830453,business,2026-04-10 08:14:08.375809
21523,AGN.AS,Q291171,instance_of,Q6881511,enterprise,2026-04-10 08:14:08.375809
21524,ASML.AS,Q297879,instance_of,Q891723,public company,2026-04-10 08:14:08.375809
21525,ASML.AS,Q297879,instance_of,Q4830453,business,2026-04-10 08:14:08.375809
21526,ASRNL.AS,Q297996,instance_of,Q2143354,insurance company,2026-04-10 08:14:08.375809
21527,ARCAD.AS,Q631507,instance_of,Q891723,public company,2026-04-10 08:14:08.375809
21528,ARCAD.AS,Q631507,instance_of,Q4830453,business,2026-04-10 08:14:08.375809
21529,CRBN.AS,Q827477,instance_of,Q891723,public company,2026-04-10 08:14:08.375809
21530,EXO.AS,Q1384140,instance_of,Q891723,public company,2026-04-10 08:14:08.375809
21531,EXO.AS,Q1384140,instance_of,Q4830453,business,2026-04-10 08:14:08.375809
21532,EXO.AS,Q1384140,instance_of,Q6881511,enterprise,2026-04-10 08:14:08.375809
21533,BAMNB.AS,Q1572363,instance_of,Q206361,concern,2026-04-10 08:14:08.375809
21534,BAMNB.AS,Q1572363,instance_of,Q811930,construction company,2026-04-10 08:14:08.375809
21535,AMG.AS,Q2143109,instance_of,Q4830453,business,2026-04-10 08:14:08.375809
21536,AMG.AS,Q2143109,instance_of,Q6881511,enterprise,2026-04-10 08:14:08.375809
21537,ASM.AS,Q2478569,instance_of,Q891723,public company,2026-04-10 08:14:08.375809
21538,ASM.AS,Q2478569,instance_of,Q4830453,business,2026-04-10 08:14:08.375809
21539,AALB.AS,Q2819999,instance_of,Q219577,holding company,2026-04-10 08:14:08.375809
21540,AALB.AS,Q2819999,instance_of,Q4830453,business,2026-04-10 08:14:08.375809
21541,ADYEN.AS,Q4686934,instance_of,Q43229,organization,2026-04-10 08:14:08.375809
21542,ADYEN.AS,Q4686934,instance_of,Q4830453,business,2026-04-10 08:14:08.375809
21543,GLPG.AS,Q5517961,instance_of,Q891723,public company,2026-04-10 08:14:08.375809
21544,GLPG.AS,Q5517961,instance_of,Q4830453,business,2026-04-10 08:14:08.375809
21545,APAM.AS,Q6479764,instance_of,Q891723,public company,2026-04-10 08:14:08.375809
21546,APAM.AS,Q6479764,instance_of,Q4830453,business,2026-04-10 08:14:08.375809
21547,APAM.AS,Q6479764,instance_of,Q6881511,enterprise,2026-04-10 08:14:08.375809
21548,ACOMO.AS,Q16960212,instance_of,Q4830453,business,2026-04-10 08:14:08.375809
21549,CCEP.AS,Q20811256,instance_of,Q5225895,public limited company,2026-04-10 08:14:08.375809
21550,AVTX.AS,Q30254917,instance_of,Q4830453,business,2026-04-10 08:14:08.375809
21551,BFIT.AS,Q40165577,instance_of,Q431289,brand,2026-04-10 08:14:08.375809
21552,BFIT.AS,Q40165577,instance_of,Q76223357,fitness center chain,2026-04-10 08:14:08.375809
21553,BESI.AS,Q48988067,instance_of,Q891723,public company,2026-04-10 08:14:08.375809
21554,BESI.AS,Q48988067,instance_of,Q4830453,business,2026-04-10 08:14:08.375809
21555,ALFEN.AS,Q56683055,instance_of,Q891723,public company,2026-04-10 08:14:08.375809
21556,ALFEN.AS,Q56683055,instance_of,Q4830453,business,2026-04-10 08:14:08.375809
21557,ALFEN.AS,Q56683055,instance_of,Q6881511,enterprise,2026-04-10 08:14:08.375809
21558,AXS.AS,Q65983039,instance_of,Q4830453,business,2026-04-10 08:14:08.375809
21561,DSFIR.AS,Q120091633,instance_of,Q4830453,business,2026-04-10 08:14:08.375809
21562,DSFIR.AS,Q120091633,instance_of,Q6881511,enterprise,2026-04-10 08:14:08.375809
21566,ASML.AS,Q297879,part_of,Q507306,Nasdaq-100,2026-04-10 08:14:08.375809
21567,ASML.AS,Q297879,part_of,Q981010,EURO STOXX 50,2026-04-10 08:14:08.375809
21576,ADYEN.AS,Q4686934,part_of,Q291539,AEX index,2026-04-10 08:14:08.375809
21577,ADYEN.AS,Q4686934,part_of,Q1922499,Euronext 100,2026-04-10 08:14:08.375809
21579,APAM.AS,Q6479764,part_of,Q939992,LuxX Index,2026-04-10 08:14:08.375809
21589,DSFIR.AS,Q120091633,part_of,Q291539,AEX index,2026-04-10 08:14:08.375809
21590,DSFIR.AS,Q120091633,part_of,Q1922499,Euronext 100,2026-04-10 08:14:08.375809
21607,APAM.AS,Q6479764,owned_by,PUK,Prudential plc,2026-04-10 08:14:08.375809
21610,CCEP.AS,Q20811256,owned_by,KO,The Coca-Cola Company,2026-04-10 08:14:08.375809
21950,PHIA.AS,Q170416,products,Q7397,software,2026-04-10 08:14:08.375809
21951,HEIA.AS,Q180855,products,Q44,beer,2026-04-10 08:14:08.375809
21953,KPN.AS,Q338633,products,Q738621,landline telephone,2026-04-10 08:14:08.375809
21954,CVC.AS,Q1024566,products,Q476115,private equity,2026-04-10 08:14:08.375809
21960,SBMO.AS,Q1779056,products,Q15252,floating production storage and offloading,2026-04-10 08:14:08.375809
21961,SBMO.AS,Q1779056,products,Q2147056,Tension-leg platform,2026-04-10 08:14:08.375809
21962,NN.AS,Q1834291,products,Q873442,asset management,2026-04-10 08:14:08.375809
21963,LIGHT.AS,Q2336380,products,Q815738,light fixture,2026-04-10 08:14:08.375809
21964,LIGHT.AS,Q2336380,products,Q1326621,electric light,2026-04-10 08:14:08.375809
21965,ENVI.AS,Q5380975,products,Q1572205,reverse vending machine,2026-04-10 08:14:08.375809
21967,FLOW.AS,Q21009903,products,Q169489,security,2026-04-10 08:14:08.375809
21968,CSG.AS,Q24708162,products,Q728,weapon,2026-04-10 08:14:08.375809
21975,MICC.AS,Q136341037,products,Q660801,Magnum,2026-04-10 08:14:08.375809
22027,PHIA.AS,Q170416,instance_of,Q891723,public company,2026-04-10 08:14:08.375809
22028,PHIA.AS,Q170416,instance_of,Q4830453,business,2026-04-10 08:14:08.375809
22029,PHIA.AS,Q170416,instance_of,Q6881511,enterprise,2026-04-10 08:14:08.375809
22030,HEIA.AS,Q180855,instance_of,Q131734,brewery,2026-04-10 08:14:08.375809
22031,HEIA.AS,Q180855,instance_of,Q891723,public company,2026-04-10 08:14:08.375809
22032,HEIA.AS,Q180855,instance_of,Q4830453,business,2026-04-10 08:14:08.375809
22033,HEIA.AS,Q180855,instance_of,Q6881511,enterprise,2026-04-10 08:14:08.375809
22034,RAND.AS,Q267840,instance_of,Q59545,temporary work agency,2026-04-10 08:14:08.375809
22035,RAND.AS,Q267840,instance_of,Q891723,public company,2026-04-10 08:14:08.375809
22036,RAND.AS,Q267840,instance_of,Q17175443,recruitment agency,2026-04-10 08:14:08.375809
22037,KPN.AS,Q338633,instance_of,Q891723,public company,2026-04-10 08:14:08.375809
22038,KPN.AS,Q338633,instance_of,Q4830453,business,2026-04-10 08:14:08.375809
22039,KPN.AS,Q338633,instance_of,Q6881511,enterprise,2026-04-10 08:14:08.375809
22040,CVC.AS,Q1024566,instance_of,Q4830453,business,2026-04-10 08:14:08.375809
22041,CVC.AS,Q1024566,instance_of,Q6881511,enterprise,2026-04-10 08:14:08.375809
22042,FFARM.AS,Q1289842,instance_of,Q4830453,business,2026-04-10 08:14:08.375809
22043,FFARM.AS,Q1289842,instance_of,Q6881511,enterprise,2026-04-10 08:14:08.375809
22044,OCI.AS,Q1370287,instance_of,Q891723,public company,2026-04-10 08:14:08.375809
22045,FUR.AS,Q1472987,instance_of,Q161726,multinational corporation,2026-04-10 08:14:08.375809
22046,NEDAP.AS,Q1479312,instance_of,Q4830453,business,2026-04-10 08:14:08.375809
22047,NEDAP.AS,Q1479312,instance_of,Q6881511,enterprise,2026-04-10 08:14:08.375809
22048,KENDR.AS,Q1738717,instance_of,Q4830453,business,2026-04-10 08:14:08.375809
22049,KENDR.AS,Q1738717,instance_of,Q6881511,enterprise,2026-04-10 08:14:08.375809
22050,SBMO.AS,Q1779056,instance_of,Q891723,public company,2026-04-10 08:14:08.375809
22051,SBMO.AS,Q1779056,instance_of,Q4830453,business,2026-04-10 08:14:08.375809
22052,SBMO.AS,Q1779056,instance_of,Q6881511,enterprise,2026-04-10 08:14:08.375809
22053,NN.AS,Q1834291,instance_of,Q891723,public company,2026-04-10 08:14:08.375809
22054,NN.AS,Q1834291,instance_of,Q4830453,business,2026-04-10 08:14:08.375809
22055,LIGHT.AS,Q2336380,instance_of,Q783794,company,2026-04-10 08:14:08.375809
22056,LIGHT.AS,Q2336380,instance_of,Q4830453,business,2026-04-10 08:14:08.375809
22057,ENVI.AS,Q5380975,instance_of,Q4830453,business,2026-04-10 08:14:08.375809
22058,FAST.AS,Q19935749,instance_of,Q167270,trademark,2026-04-10 08:14:08.375809
22059,FAST.AS,Q19935749,instance_of,Q4830453,business,2026-04-10 08:14:08.375809
22060,FAST.AS,Q19935749,instance_of,Q37929123,electric vehicle charging network,2026-04-10 08:14:08.375809
22061,FLOW.AS,Q21009903,instance_of,Q11691,stock exchange,2026-04-10 08:14:08.375809
22062,FLOW.AS,Q21009903,instance_of,Q891723,public company,2026-04-10 08:14:08.375809
22063,FLOW.AS,Q21009903,instance_of,Q4830453,business,2026-04-10 08:14:08.375809
22064,CSG.AS,Q24708162,instance_of,Q4830453,business,2026-04-10 08:14:08.375809
22065,CSG.AS,Q24708162,instance_of,Q6881511,enterprise,2026-04-10 08:14:08.375809
22066,CMCOM.AS,Q28402421,instance_of,Q2401749,telecommunication company,2026-04-10 08:14:08.375809
22067,CMCOM.AS,Q28402421,instance_of,Q4830453,business,2026-04-10 08:14:08.375809
22068,HEIO.AS,Q28861014,instance_of,Q891723,public company,2026-04-10 08:14:08.375809
22069,HEIO.AS,Q28861014,instance_of,Q4830453,business,2026-04-10 08:14:08.375809
22070,PORF.AS,Q38467310,instance_of,Q97669839,ceramics manufactory,2026-04-10 08:14:08.375809
22071,IMCD.AS,Q63184341,instance_of,Q4830453,business,2026-04-10 08:14:08.375809
22072,NXFIL.AS,Q115167325,instance_of,Q4830453,business,2026-04-10 08:14:08.375809
22074,MICC.AS,Q136341037,instance_of,Q4830453,business,2026-04-10 08:14:08.375809
22075,CSG.AS,Q137844551,instance_of,Q4830453,business,2026-04-10 08:14:08.375809
22088,LIGHT.AS,Q2336380,part_of,PHIA.AS,Koninklijke Philips NV,2026-04-10 08:14:08.375809
22089,LIGHT.AS,Q2336380,part_of,Q1969854,Natur-Aktien-Index,2026-04-10 08:14:08.375809
22104,HEIA.AS,Q180855,owned_by,HEIO.AS,Heineken Holding,2026-04-10 08:14:08.375809
22105,RAND.AS,Q267840,owned_by,ASRNL.AS,ASR Nederland,2026-04-10 08:14:08.375809
22107,RAND.AS,Q267840,owned_by,NN.AS,NN Group,2026-04-10 08:14:08.375809
22122,CSG.AS,Q24708162,owned_by,CSG.AS,CSG,2026-04-10 08:14:08.375809
22124,HEIO.AS,Q28861014,owned_by,FMX,FEMSA,2026-04-10 08:14:08.375809
22305,AAL,Q4742937,subsidiaries,AAL,nan,2026-04-10 08:14:08.375809
22341,AAL,Q4742937,investments,AAL,nan,2026-04-10 08:14:08.375809
22394,AAPL,Q312,products,Q2766,iPhone,2026-04-10 08:14:08.375809
22395,AAPL,Q312,products,Q2796,,2026-04-10 08:14:08.375809
22396,AAPL,Q312,products,Q3966,computer hardware,2026-04-10 08:14:08.375809
22397,AAPL,Q312,products,Q7397,software,2026-04-10 08:14:08.375809
22398,AAPL,Q312,products,Q9479,IPod,2026-04-10 08:14:08.375809
22399,AAPL,Q312,products,Q14091,iMac,2026-04-10 08:14:08.375809
22400,AAPL,Q312,products,Q14094,iPod touch,2026-04-10 08:14:08.375809
22401,AAPL,Q312,products,Q16338,personal computer,2026-04-10 08:14:08.375809
22402,AAPL,Q312,products,Q22645,smartphone,2026-04-10 08:14:08.375809
22403,AAPL,Q312,products,Q75687,Mac,2026-04-10 08:14:08.375809
22404,AAPL,Q312,products,Q155972,tablet computer,2026-04-10 08:14:08.375809
22405,AAPL,Q312,products,Q162768,personal digital assistant,2026-04-10 08:14:08.375809
22406,AAPL,Q312,products,Q178648,peripheral,2026-04-10 08:14:08.375809
22407,AAPL,Q312,products,Q270285,Apple TV,2026-04-10 08:14:08.375809
22408,AAPL,Q312,products,Q581105,consumer electronics,2026-04-10 08:14:08.375809
22409,AAPL,Q312,products,Q1334829,wearable computer,2026-04-10 08:14:08.375809
22410,AAPL,Q312,products,Q1546066,networking hardware,2026-04-10 08:14:08.375809
22411,AAPL,Q312,products,Q18010946,Apple Watch,2026-04-10 08:14:08.375809
22412,AAPL,Q312,products,Q18010990,Apple Pay,2026-04-10 08:14:08.375809
22413,AAPL,Q312,products,Q26936286,AirPods,2026-04-10 08:14:08.375809
22414,AAPL,Q312,products,Q30137500,HomePod,2026-04-10 08:14:08.375809
22416,UMG.AS,Q38903,products,Q638,music,2026-04-10 08:14:08.375809
22419,TRIO.AS,Q688452,products,Q746515,ethical banking,2026-04-10 08:14:08.375809
22421,WHA.AS,Q1892275,products,Q1520439,commercial property,2026-04-10 08:14:08.375809
22426,ACAD,Q4671580,products,Q7194603,pimavanserin,2026-04-10 08:14:08.375809
22489,AAPL,Q312,instance_of,Q167037,corporation,2026-04-10 08:14:08.375809
22490,AAPL,Q312,instance_of,Q891723,public company,2026-04-10 08:14:08.375809
22491,AAPL,Q312,instance_of,Q4830453,business,2026-04-10 08:14:08.375809
22492,AAPL,Q312,instance_of,Q6881511,enterprise,2026-04-10 08:14:08.375809
22493,AAPL,Q312,instance_of,Q18388277,technology company,2026-04-10 08:14:08.375809
22494,AAL,Q32396,instance_of,Q46970,airline,2026-04-10 08:14:08.375809
22495,AAL,Q32396,instance_of,Q891723,public company,2026-04-10 08:14:08.375809
22496,AAL,Q32396,instance_of,Q4830453,business,2026-04-10 08:14:08.375809
22497,UMG.AS,Q38903,instance_of,Q891723,public company,2026-04-10 08:14:08.375809
22498,UMG.AS,Q38903,instance_of,Q1660312,major label,2026-04-10 08:14:08.375809
22499,UMG.AS,Q38903,instance_of,Q2442401,record company,2026-04-10 08:14:08.375809
22500,UMG.AS,Q38903,instance_of,Q116453729,record label group,2026-04-10 08:14:08.375809
22501,WKL.AS,Q249798,instance_of,Q891723,public company,2026-04-10 08:14:08.375809
22502,WKL.AS,Q249798,instance_of,Q1320047,book publisher,2026-04-10 08:14:08.375809
22503,WKL.AS,Q249798,instance_of,Q45400320,open-access publisher,2026-04-10 08:14:08.375809
22504,WKL.AS,Q249798,instance_of,Q96888669,academic publisher,2026-04-10 08:14:08.375809
22505,AAON,Q286214,instance_of,Q891723,public company,2026-04-10 08:14:08.375809
22506,AAON,Q286214,instance_of,Q4830453,business,2026-04-10 08:14:08.375809
22507,TRIO.AS,Q688452,instance_of,Q22687,bank,2026-04-10 08:14:08.375809
22508,TRIO.AS,Q688452,instance_of,Q730038,credit institution,2026-04-10 08:14:08.375809
22509,TRIO.AS,Q688452,instance_of,Q116867175,anthroposophic bank,2026-04-10 08:14:08.375809
22510,REN.AS,Q998470,instance_of,Q891723,public company,2026-04-10 08:14:08.375809
22511,REN.AS,Q998470,instance_of,Q4830453,business,2026-04-10 08:14:08.375809
22512,REN.AS,Q998470,instance_of,Q6881511,enterprise,2026-04-10 08:14:08.375809
22513,WHA.AS,Q1892275,instance_of,Q4830453,business,2026-04-10 08:14:08.375809
22514,WHA.AS,Q1892275,instance_of,Q6881511,enterprise,2026-04-10 08:14:08.375809
22515,VPK.AS,Q2040151,instance_of,Q891723,public company,2026-04-10 08:14:08.375809
22516,VPK.AS,Q2040151,instance_of,Q4830453,business,2026-04-10 08:14:08.375809
22517,VLK.AS,Q2787088,instance_of,Q22687,bank,2026-04-10 08:14:08.375809
22518,VLK.AS,Q2787088,instance_of,Q891723,public company,2026-04-10 08:14:08.375809
22519,VLK.AS,Q2787088,instance_of,Q4830453,business,2026-04-10 08:14:08.375809
22520,SLIGR.AS,Q3170052,instance_of,Q4830453,business,2026-04-10 08:14:08.375809
22521,SLIGR.AS,Q3170052,instance_of,Q135302108,wholesale chain,2026-04-10 08:14:08.375809
22522,ACIW,Q4650685,instance_of,Q891723,public company,2026-04-10 08:14:08.375809
22523,ACIW,Q4650685,instance_of,Q4830453,business,2026-04-10 08:14:08.375809
22524,ACAD,Q4671580,instance_of,Q891723,public company,2026-04-10 08:14:08.375809
22525,ACAD,Q4671580,instance_of,Q4830453,business,2026-04-10 08:14:08.375809
22526,ACFN,Q4674547,instance_of,Q891723,public company,2026-04-10 08:14:08.375809
22527,ACFN,Q4674547,instance_of,Q4830453,business,2026-04-10 08:14:08.375809
22528,AAL,Q4742937,instance_of,Q891723,public company,2026-04-10 08:14:08.375809
22529,AAL,Q4742937,instance_of,Q4830453,business,2026-04-10 08:14:08.375809
22530,AAL,Q4742937,instance_of,Q6881511,enterprise,2026-04-10 08:14:08.375809
22531,ACLS,Q4830196,instance_of,Q891723,public company,2026-04-10 08:14:08.375809
22532,ACLS,Q4830196,instance_of,Q4830453,business,2026-04-10 08:14:08.375809
22533,PNL.AS,Q5921598,instance_of,Q1529128,postal service,2026-04-10 08:14:08.375809
22534,PNL.AS,Q5921598,instance_of,Q4830453,business,2026-04-10 08:14:08.375809
22535,ABUS,Q17747021,instance_of,Q891723,public company,2026-04-10 08:14:08.375809
22536,ABUS,Q17747021,instance_of,Q4830453,business,2026-04-10 08:14:08.375809
22537,ABUS,Q17747021,instance_of,Q131784011,biopharmaceutical company,2026-04-10 08:14:08.375809
22538,ACGL,Q28155430,instance_of,Q891723,public company,2026-04-10 08:14:08.375809
22539,ACGL,Q28155430,instance_of,Q4830453,business,2026-04-10 08:14:08.375809
22540,ACHC,Q28407181,instance_of,Q891723,public company,2026-04-10 08:14:08.375809
22541,ACHC,Q28407181,instance_of,Q4830453,business,2026-04-10 08:14:08.375809
22542,PHARM.AS,Q30269265,instance_of,Q4830453,business,2026-04-10 08:14:08.375809
22543,VALUE.AS,Q34120381,instance_of,Q891723,public company,2026-04-10 08:14:08.375809
22544,VALUE.AS,Q34120381,instance_of,Q5418962,private equity firm,2026-04-10 08:14:08.375809
22545,SIFG.AS,Q65967217,instance_of,Q4830453,business,2026-04-10 08:14:08.375809
22546,PRX.AS,Q67389109,instance_of,Q891723,public company,2026-04-10 08:14:08.375809
22547,PRX.AS,Q67389109,instance_of,Q4830453,business,2026-04-10 08:14:08.375809
22548,TWEKA.AS,Q112914077,instance_of,Q4830453,business,2026-04-10 08:14:08.375809
22549,TWEKA.AS,Q112914077,instance_of,Q6881511,enterprise,2026-04-10 08:14:08.375809
22550,AAPL,Q312,part_of,Q180816,Dow Jones Industrial Average,2026-04-10 08:14:08.375809
22551,AAPL,Q312,part_of,Q242345,S&P 500,2026-04-10 08:14:08.375809
22552,AAPL,Q312,part_of,Q507306,Nasdaq-100,2026-04-10 08:14:08.375809
22553,AAPL,Q312,part_of,Q773026,Dow Jones Global Titans 50,2026-04-10 08:14:08.375809
22554,AAPL,Q312,part_of,Q1546793,S&P 100,2026-04-10 08:14:08.375809
22555,AAPL,Q312,part_of,Q30748112,Big Tech (web),2026-04-10 08:14:08.375809
22556,AAPL,Q312,part_of,Q133989581,Silicon Six,2026-04-10 08:14:08.375809
22562,REN.AS,Q998470,part_of,Q466496,FTSE 100 Index,2026-04-10 08:14:08.375809
22570,AAL,Q4742937,part_of,Q242345,S&P 500,2026-04-10 08:14:08.375809
22574,ACGL,Q28155430,part_of,Q242345,S&P 500,2026-04-10 08:14:08.375809
22581,AAPL,Q312,owned_by,BRK.A,Berkshire Hathaway,2026-04-10 08:14:08.375809
22582,AAPL,Q312,owned_by,BLK,BlackRock,2026-04-10 08:14:08.375809
22585,AAL,Q32396,owned_by,AAL,American Airlines Group,2026-04-10 08:14:08.375809
22587,UMG.AS,Q38903,owned_by,VIV.PA,Vivendi,2026-04-10 08:14:08.375809
22761,ADBE,Q11463,products,Q7397,software,2026-04-10 08:14:08.375809
22763,AMD,Q128896,products,Q3966,computer hardware,2026-04-10 08:14:08.375809
22764,AMD,Q128896,products,Q5297,microprocessor,2026-04-10 08:14:08.375809
22765,AMD,Q128896,products,Q182656,chipset,2026-04-10 08:14:08.375809
22766,AMD,Q128896,products,Q183484,graphics processing unit,2026-04-10 08:14:08.375809
22767,AMD,Q128896,products,Q1440676,frame grabber,2026-04-10 08:14:08.375809
22768,AMD,Q128896,products,Q12047069,AMD microprocessor,2026-04-10 08:14:08.375809
22770,AMGN,Q470517,products,Q28209017,erenumab,2026-04-10 08:14:08.375809
22771,ADI,Q484930,products,Q11456,semiconductor,2026-04-10 08:14:08.375809
22772,ADP,Q489080,products,Q7397,software,2026-04-10 08:14:08.375809
22773,ADP,Q489080,products,Q131508,enterprise resource planning,2026-04-10 08:14:08.375809
22774,ADP,Q489080,products,Q176165,database management system,2026-04-10 08:14:08.375809
22775,ADP,Q489080,products,Q974828,accounting software,2026-04-10 08:14:08.375809
22776,ADP,Q489080,products,Q1254596,software as a service,2026-04-10 08:14:08.375809
22777,ADP,Q489080,products,Q3932296,relational database management system,2026-04-10 08:14:08.375809
22780,ADTN,Q4651203,products,Q1546066,networking hardware,2026-04-10 08:14:08.375809
22788,ALGN,Q30272258,products,Q593903,clear aligner,2026-04-10 08:14:08.375809
22867,ADBE,Q11463,instance_of,Q377688,type foundry,2026-04-10 08:14:08.375809
22868,ADBE,Q11463,instance_of,Q891723,public company,2026-04-10 08:14:08.375809
22869,ADBE,Q11463,instance_of,Q1058914,software company,2026-04-10 08:14:08.375809
22870,ADBE,Q11463,instance_of,Q4830453,business,2026-04-10 08:14:08.375809
22871,ADBE,Q11463,instance_of,Q6881511,enterprise,2026-04-10 08:14:08.375809
22872,ADBE,Q11463,instance_of,Q59859818,data controller,2026-04-10 08:14:08.375809
22873,ABNB,Q63327,instance_of,Q35127,website,2026-04-10 08:14:08.375809
22874,ABNB,Q63327,instance_of,Q891723,public company,2026-04-10 08:14:08.375809
22875,ABNB,Q63327,instance_of,Q4830453,business,2026-04-10 08:14:08.375809
22876,ABNB,Q63327,instance_of,Q6881511,enterprise,2026-04-10 08:14:08.375809
22877,ABNB,Q63327,instance_of,Q57590076,hotel booking website,2026-04-10 08:14:08.375809
22878,AMD,Q128896,instance_of,Q4830453,business,2026-04-10 08:14:08.375809
22879,AMD,Q128896,instance_of,Q6881511,enterprise,2026-04-10 08:14:08.375809
22880,AMD,Q128896,instance_of,Q18388277,technology company,2026-04-10 08:14:08.375809
22881,AKAM,Q415598,instance_of,Q72588,content delivery network,2026-04-10 08:14:08.375809
22882,AKAM,Q415598,instance_of,Q891723,public company,2026-04-10 08:14:08.375809
22883,AKAM,Q415598,instance_of,Q4830453,business,2026-04-10 08:14:08.375809
22884,AKAM,Q415598,instance_of,Q6881511,enterprise,2026-04-10 08:14:08.375809
22885,AMGN,Q470517,instance_of,Q43229,organization,2026-04-10 08:14:08.375809
22886,AMGN,Q470517,instance_of,Q891723,public company,2026-04-10 08:14:08.375809
22887,AMGN,Q470517,instance_of,Q4830453,business,2026-04-10 08:14:08.375809
22888,AMGN,Q470517,instance_of,Q6881511,enterprise,2026-04-10 08:14:08.375809
22889,AMGN,Q470517,instance_of,Q131784011,biopharmaceutical company,2026-04-10 08:14:08.375809
22890,ADI,Q484930,instance_of,Q891723,public company,2026-04-10 08:14:08.375809
22891,ADI,Q484930,instance_of,Q4830453,business,2026-04-10 08:14:08.375809
22892,ADI,Q484930,instance_of,Q6881511,enterprise,2026-04-10 08:14:08.375809
22893,ADP,Q489080,instance_of,Q891723,public company,2026-04-10 08:14:08.375809
22894,ADP,Q489080,instance_of,Q974828,accounting software,2026-04-10 08:14:08.375809
22895,ADP,Q489080,instance_of,Q1058914,software company,2026-04-10 08:14:08.375809
22896,ADP,Q489080,instance_of,Q4830453,business,2026-04-10 08:14:08.375809
22897,ADP,Q489080,instance_of,Q6881511,enterprise,2026-04-10 08:14:08.375809
22898,ADSK,Q628051,instance_of,Q891723,public company,2026-04-10 08:14:08.375809
22899,ALGT,Q1319601,instance_of,Q46970,airline,2026-04-10 08:14:08.375809
22900,ALGT,Q1319601,instance_of,Q891723,public company,2026-04-10 08:14:08.375809
22901,ADTN,Q4651203,instance_of,Q891723,public company,2026-04-10 08:14:08.375809
22902,ADTN,Q4651203,instance_of,Q4830453,business,2026-04-10 08:14:08.375809
22903,ACTG,Q4670840,instance_of,Q891723,public company,2026-04-10 08:14:08.375809
22904,ACTG,Q4670840,instance_of,Q4830453,business,2026-04-10 08:14:08.375809
22905,AEIS,Q4686194,instance_of,Q891723,public company,2026-04-10 08:14:08.375809
22906,AEIS,Q4686194,instance_of,Q4830453,business,2026-04-10 08:14:08.375809
22907,AEMD,Q4688714,instance_of,Q891723,public company,2026-04-10 08:14:08.375809
22908,AEMD,Q4688714,instance_of,Q4830453,business,2026-04-10 08:14:08.375809
22909,AGEN,Q4692116,instance_of,Q891723,public company,2026-04-10 08:14:08.375809
22910,AGEN,Q4692116,instance_of,Q4830453,business,2026-04-10 08:14:08.375809
22911,AGIO,Q16824426,instance_of,Q891723,public company,2026-04-10 08:14:08.375809
22912,AGIO,Q16824426,instance_of,Q4830453,business,2026-04-10 08:14:08.375809
22913,AGYS,Q17510106,instance_of,Q891723,public company,2026-04-10 08:14:08.375809
22914,AGYS,Q17510106,instance_of,Q4830453,business,2026-04-10 08:14:08.375809
22915,AGYS,Q17510106,instance_of,Q6881511,enterprise,2026-04-10 08:14:08.375809
22916,ALCO,Q20709176,instance_of,Q4830453,business,2026-04-10 08:14:08.375809
22917,ALGN,Q30272258,instance_of,Q783794,company,2026-04-10 08:14:08.375809
22918,ALGN,Q30272258,instance_of,Q891723,public company,2026-04-10 08:14:08.375809
22919,ALGN,Q30272258,instance_of,Q4830453,business,2026-04-10 08:14:08.375809
22920,ADPT,Q30283420,instance_of,Q891723,public company,2026-04-10 08:14:08.375809
22921,ADPT,Q30283420,instance_of,Q4830453,business,2026-04-10 08:14:08.375809
22922,ALT,Q30283539,instance_of,Q4830453,business,2026-04-10 08:14:08.375809
22923,AAOI,Q30297735,instance_of,Q4830453,business,2026-04-10 08:14:08.375809
22924,AFRM,Q65085822,instance_of,Q4830453,business,2026-04-10 08:14:08.375809
22925,AMLX,Q115225388,instance_of,Q891723,public company,2026-04-10 08:14:08.375809
22926,AMLX,Q115225388,instance_of,Q19644607,pharmaceutical company,2026-04-10 08:14:08.375809
22927,AEHR,Q124224170,instance_of,Q4830453,business,2026-04-10 08:14:08.375809
22928,ALAB,Q125028873,instance_of,Q4830453,business,2026-04-10 08:14:08.375809
22929,ADBE,Q11463,part_of,Q242345,S&P 500,2026-04-10 08:14:08.375809
22930,ADBE,Q11463,part_of,Q507306,Nasdaq-100,2026-04-10 08:14:08.375809
22931,ADBE,Q11463,part_of,Q1546793,S&P 100,2026-04-10 08:14:08.375809
22932,ABNB,Q63327,part_of,Q108704461,list of companies operating in West Bank settlements,2026-04-10 08:14:08.375809
22933,AMD,Q128896,part_of,Q242345,S&P 500,2026-04-10 08:14:08.375809
22934,AMD,Q128896,part_of,Q507306,Nasdaq-100,2026-04-10 08:14:08.375809
22935,AMD,Q128896,part_of,Q1546793,S&P 100,2026-04-10 08:14:08.375809
22936,AKAM,Q415598,part_of,Q242345,S&P 500,2026-04-10 08:14:08.375809
22937,AMGN,Q470517,part_of,Q180816,Dow Jones Industrial Average,2026-04-10 08:14:08.375809
22938,AMGN,Q470517,part_of,Q242345,S&P 500,2026-04-10 08:14:08.375809
22939,AMGN,Q470517,part_of,Q507306,Nasdaq-100,2026-04-10 08:14:08.375809
22940,AMGN,Q470517,part_of,Q773026,Dow Jones Global Titans 50,2026-04-10 08:14:08.375809
22941,AMGN,Q470517,part_of,Q1546793,S&P 100,2026-04-10 08:14:08.375809
22942,ADI,Q484930,part_of,Q242345,S&P 500,2026-04-10 08:14:08.375809
22943,ADI,Q484930,part_of,Q507306,Nasdaq-100,2026-04-10 08:14:08.375809
22944,ADP,Q489080,part_of,Q242345,S&P 500,2026-04-10 08:14:08.375809
22945,ADP,Q489080,part_of,Q507306,Nasdaq-100,2026-04-10 08:14:08.375809
22946,ADSK,Q628051,part_of,Q242345,S&P 500,2026-04-10 08:14:08.375809
22948,ADTN,Q4651203,part_of,Q378967,TecDAX,2026-04-10 08:14:08.375809
22949,ADTN,Q4651203,part_of,Q448445,SDAX,2026-04-10 08:14:08.375809
22950,ADTN,Q4651203,part_of,Q595622,MDAX,2026-04-10 08:14:08.375809
22958,ALGN,Q30272258,part_of,Q242345,S&P 500,2026-04-10 08:14:08.375809
22966,ADBE,Q11463,owned_by,BLK,BlackRock,2026-04-10 08:14:08.375809
22969,AMD,Q128896,owned_by,BLK,BlackRock,2026-04-10 08:14:08.375809
23207,AMZN,Q3884,products,Q37312,IMDb,2026-04-10 08:14:08.375809
23208,AMZN,Q3884,products,Q136469,,2026-04-10 08:14:08.375809
23209,AMZN,Q3884,products,Q230051,Alexa Internet,2026-04-10 08:14:08.375809
23210,AMZN,Q3884,products,Q456078,Amazon Appstore,2026-04-10 08:14:08.375809
23211,AMZN,Q3884,products,Q456157,Amazon Web Services,2026-04-10 08:14:08.375809
23212,AMZN,Q3884,products,Q2593067,Amazon S3,2026-04-10 08:14:08.375809
23213,AMZN,Q3884,products,Q4740834,Amazon Fresh,2026-04-10 08:14:08.375809
23214,AMZN,Q3884,products,Q4740856,Amazon Prime Video,2026-04-10 08:14:08.375809
23215,AMZN,Q3884,products,Q5151724,ComiXology,2026-04-10 08:14:08.375809
23216,AMZN,Q3884,products,Q16203668,Amazon Fire TV,2026-04-10 08:14:08.375809
23217,AMZN,Q3884,products,Q18511815,Amazon Echo,2026-04-10 08:14:08.375809
23218,AMZN,Q3884,products,Q21086634,Amazon Prime,2026-04-10 08:14:08.375809
23219,AMZN,Q3884,products,Q52593600,Shopbop,2026-04-10 08:14:08.375809
23220,AMZN,Q3884,products,Q124609769,Amazon.com,2026-04-10 08:14:08.375809
23223,AMAT,Q621610,products,Q3966,computer hardware,2026-04-10 08:14:08.375809
23225,AMCX,Q4652575,products,Q294660,AMC,2026-04-10 08:14:08.375809
23243,ASTS,Q112659289,products,Q26540,artificial satellite,2026-04-10 08:14:08.375809
23244,ASTS,Q112659289,products,Q131940547,AST SpaceMobile Network,2026-04-10 08:14:08.375809
23296,AMZN,Q3884,instance_of,Q891723,public company,2026-04-10 08:14:08.375809
23297,AMZN,Q3884,instance_of,Q4830453,business,2026-04-10 08:14:08.375809
23298,AMZN,Q3884,instance_of,Q6881511,enterprise,2026-04-10 08:14:08.375809
23299,AMZN,Q3884,instance_of,Q118140435,very large online platform,2026-04-10 08:14:08.375809
23300,ALTI,Q433896,instance_of,Q891723,public company,2026-04-10 08:14:08.375809
23301,ALTI,Q433896,instance_of,Q4830453,business,2026-04-10 08:14:08.375809
23302,AMKR,Q472536,instance_of,Q891723,public company,2026-04-10 08:14:08.375809
23303,AMKR,Q472536,instance_of,Q2169973,service provider,2026-04-10 08:14:08.375809
23304,AMKR,Q472536,instance_of,Q4830453,business,2026-04-10 08:14:08.375809
23305,AMKR,Q472536,instance_of,Q6881511,enterprise,2026-04-10 08:14:08.375809
23306,AMAT,Q621610,instance_of,Q891723,public company,2026-04-10 08:14:08.375809
23307,AMAT,Q621610,instance_of,Q4830453,business,2026-04-10 08:14:08.375809
23308,AMAT,Q621610,instance_of,Q6881511,enterprise,2026-04-10 08:14:08.375809
23309,AMSC,Q2843029,instance_of,Q891723,public company,2026-04-10 08:14:08.375809
23310,AMSC,Q2843029,instance_of,Q4830453,business,2026-04-10 08:14:08.375809
23311,AMCX,Q4652575,instance_of,Q891723,public company,2026-04-10 08:14:08.375809
23312,ALRM,Q4708382,instance_of,Q891723,public company,2026-04-10 08:14:08.375809
23313,ALRM,Q4708382,instance_of,Q4830453,business,2026-04-10 08:14:08.375809
23314,ALTO,Q4736965,instance_of,Q4830453,business,2026-04-10 08:14:08.375809
23315,ALTO,Q4736965,instance_of,Q6881511,enterprise,2026-04-10 08:14:08.375809
23316,ASRV,Q4742486,instance_of,Q891723,public company,2026-04-10 08:14:08.375809
23317,ASRV,Q4742486,instance_of,Q4830453,business,2026-04-10 08:14:08.375809
23318,AMWD,Q4745391,instance_of,Q891723,public company,2026-04-10 08:14:08.375809
23319,AMWD,Q4745391,instance_of,Q4830453,business,2026-04-10 08:14:08.375809
23320,ANGI,Q4763176,instance_of,Q891723,public company,2026-04-10 08:14:08.375809
23321,ANGI,Q4763176,instance_of,Q4830453,business,2026-04-10 08:14:08.375809
23322,ASTI,Q4803857,instance_of,Q891723,public company,2026-04-10 08:14:08.375809
23323,ASTI,Q4803857,instance_of,Q4830453,business,2026-04-10 08:14:08.375809
23324,AMAT,Q7449678,instance_of,Q891723,public company,2026-04-10 08:14:08.375809
23325,AMAT,Q7449678,instance_of,Q4830453,business,2026-04-10 08:14:08.375809
23326,ANDE,Q7713699,instance_of,Q891723,public company,2026-04-10 08:14:08.375809
23327,ANDE,Q7713699,instance_of,Q4830453,business,2026-04-10 08:14:08.375809
23328,ALNY,Q16974682,instance_of,Q891723,public company,2026-04-10 08:14:08.375809
23329,ALNY,Q16974682,instance_of,Q4830453,business,2026-04-10 08:14:08.375809
23330,ALNY,Q16974682,instance_of,Q131784011,biopharmaceutical company,2026-04-10 08:14:08.375809
23331,ASRT,Q16991690,instance_of,Q891723,public company,2026-04-10 08:14:08.375809
23332,ASRT,Q16991690,instance_of,Q4830453,business,2026-04-10 08:14:08.375809
23333,APEI,Q21992261,instance_of,Q783794,company,2026-04-10 08:14:08.375809
23334,APEI,Q21992261,instance_of,Q891723,public company,2026-04-10 08:14:08.375809
23335,ARWR,Q22121863,instance_of,Q783794,company,2026-04-10 08:14:08.375809
23336,ARWR,Q22121863,instance_of,Q891723,public company,2026-04-10 08:14:08.375809
23337,APPF,Q25831370,instance_of,Q891723,public company,2026-04-10 08:14:08.375809
23338,APPF,Q25831370,instance_of,Q4830453,business,2026-04-10 08:14:08.375809
23339,APPN,Q56273983,instance_of,Q167037,corporation,2026-04-10 08:14:08.375809
23340,APPN,Q56273983,instance_of,Q891723,public company,2026-04-10 08:14:08.375809
23341,ARCT,Q98713358,instance_of,Q891723,public company,2026-04-10 08:14:08.375809
23342,ARCT,Q98713358,instance_of,Q4830453,business,2026-04-10 08:14:08.375809
23343,APPS,Q106295041,instance_of,Q891723,public company,2026-04-10 08:14:08.375809
23344,APPS,Q106295041,instance_of,Q4830453,business,2026-04-10 08:14:08.375809
23345,ARCB,Q109291018,instance_of,Q891723,public company,2026-04-10 08:14:08.375809
23346,ASTS,Q112659289,instance_of,Q891723,public company,2026-04-10 08:14:08.375809
23347,ASTS,Q112659289,instance_of,Q4830453,business,2026-04-10 08:14:08.375809
23348,ARWR,Q113530745,instance_of,Q891723,public company,2026-04-10 08:14:08.375809
23349,AMZN,Q3884,part_of,Q180816,Dow Jones Industrial Average,2026-04-10 08:14:08.375809
23350,AMZN,Q3884,part_of,Q242345,S&P 500,2026-04-10 08:14:08.375809
23351,AMZN,Q3884,part_of,Q507306,Nasdaq-100,2026-04-10 08:14:08.375809
23352,AMZN,Q3884,part_of,Q773026,Dow Jones Global Titans 50,2026-04-10 08:14:08.375809
23353,AMZN,Q3884,part_of,Q1546793,S&P 100,2026-04-10 08:14:08.375809
23354,AMZN,Q3884,part_of,Q30748112,Big Tech (web),2026-04-10 08:14:08.375809
23355,AMZN,Q3884,part_of,Q133989581,Silicon Six,2026-04-10 08:14:08.375809
23356,AMZN,Q3884,part_of,Q134661623,list of companies involved in the Gaza war,2026-04-10 08:14:08.375809
23359,AMAT,Q621610,part_of,Q242345,S&P 500,2026-04-10 08:14:08.375809
23360,AMAT,Q621610,part_of,Q507306,Nasdaq-100,2026-04-10 08:14:08.375809
23382,AMZN,Q3884,owned_by,BLK,BlackRock,2026-04-10 08:14:08.375809
23541,AXON,Q690604,products,Q9137247,Taser,2026-04-10 08:14:08.375809
23542,AXON,Q690604,products,Q17020273,body camera,2026-04-10 08:14:08.375809
23543,AVGO,Q790060,products,Q11456,semiconductor,2026-04-10 08:14:08.375809
23545,ATON,Q4736257,products,Q4503,network switch,2026-04-10 08:14:08.375809
23550,BANF,Q4854030,products,Q22687,bank,2026-04-10 08:14:08.375809
23551,BAND,Q4854759,products,Q418,telecommunications,2026-04-10 08:14:08.375809
23552,BBGI,Q4876829,products,Q6635905,Category:Television stations by continent,2026-04-10 08:14:08.375809
23565,AZTA,Q117169721,products,Q105495483,multi-well plate,2026-04-10 08:14:08.375809
23616,ASTC,Q59507,instance_of,Q891723,public company,2026-04-10 08:14:08.375809
23617,ASTC,Q59507,instance_of,Q4830453,business,2026-04-10 08:14:08.375809
23618,AXON,Q690604,instance_of,Q891723,public company,2026-04-10 08:14:08.375809
23619,AXON,Q690604,instance_of,Q4830453,business,2026-04-10 08:14:08.375809
23620,AXON,Q690604,instance_of,Q6881511,enterprise,2026-04-10 08:14:08.375809
23621,AXON,Q690604,instance_of,Q64689341,small arms manufacturing company,2026-04-10 08:14:08.375809
23622,AVGO,Q790060,instance_of,Q4830453,business,2026-04-10 08:14:08.375809
23623,AVGO,Q790060,instance_of,Q6881511,enterprise,2026-04-10 08:14:08.375809
23624,AVAV,Q919300,instance_of,Q891723,public company,2026-04-10 08:14:08.375809
23625,AVAV,Q919300,instance_of,Q4830453,business,2026-04-10 08:14:08.375809
23626,AVAV,Q919300,instance_of,Q6881511,enterprise,2026-04-10 08:14:08.375809
23627,ATON,Q4736257,instance_of,Q891723,public company,2026-04-10 08:14:08.375809
23628,ATON,Q4736257,instance_of,Q4830453,business,2026-04-10 08:14:08.375809
23629,ASUR,Q4811929,instance_of,Q891723,public company,2026-04-10 08:14:08.375809
23630,ASUR,Q4811929,instance_of,Q4830453,business,2026-04-10 08:14:08.375809
23631,ATNI,Q4816569,instance_of,Q891723,public company,2026-04-10 08:14:08.375809
23632,ATNI,Q4816569,instance_of,Q4830453,business,2026-04-10 08:14:08.375809
23633,AVNW,Q4828605,instance_of,Q891723,public company,2026-04-10 08:14:08.375809
23634,AVNW,Q4828605,instance_of,Q4830453,business,2026-04-10 08:14:08.375809
23635,AVT,Q4829076,instance_of,Q891723,public company,2026-04-10 08:14:08.375809
23636,AVT,Q4829076,instance_of,Q4830453,business,2026-04-10 08:14:08.375809
23637,BANF,Q4854030,instance_of,Q891723,public company,2026-04-10 08:14:08.375809
23638,BANF,Q4854030,instance_of,Q4830453,business,2026-04-10 08:14:08.375809
23639,BAND,Q4854759,instance_of,Q891723,public company,2026-04-10 08:14:08.375809
23640,BAND,Q4854759,instance_of,Q4830453,business,2026-04-10 08:14:08.375809
23641,BBGI,Q4876829,instance_of,Q891723,public company,2026-04-10 08:14:08.375809
23642,BBGI,Q4876829,instance_of,Q4830453,business,2026-04-10 08:14:08.375809
23643,BCRX,Q4914611,instance_of,Q891723,public company,2026-04-10 08:14:08.375809
23644,BCRX,Q4914611,instance_of,Q4830453,business,2026-04-10 08:14:08.375809
23645,ASPS,Q7077162,instance_of,Q891723,public company,2026-04-10 08:14:08.375809
23646,ASPS,Q7077162,instance_of,Q4830453,business,2026-04-10 08:14:08.375809
23647,AUBN,Q16162525,instance_of,Q891723,public company,2026-04-10 08:14:08.375809
23648,AUBN,Q16162525,instance_of,Q4830453,business,2026-04-10 08:14:08.375809
23649,ATRA,Q21874220,instance_of,Q891723,public company,2026-04-10 08:14:08.375809
23650,ATRA,Q21874220,instance_of,Q4830453,business,2026-04-10 08:14:08.375809
23651,ATRA,Q21874220,instance_of,Q6881511,enterprise,2026-04-10 08:14:08.375809
23652,ATRO,Q27963459,instance_of,Q4830453,business,2026-04-10 08:14:08.375809
23653,AWRE,Q29641502,instance_of,Q783794,company,2026-04-10 08:14:08.375809
23654,AWRE,Q29641502,instance_of,Q891723,public company,2026-04-10 08:14:08.375809
23655,AROW,Q58606588,instance_of,Q891723,public company,2026-04-10 08:14:08.375809
23656,AROW,Q58606588,instance_of,Q2512624,bank holding company,2026-04-10 08:14:08.375809
23657,AUR,Q101606525,instance_of,Q891723,public company,2026-04-10 08:14:08.375809
23658,AUR,Q101606525,instance_of,Q4830453,business,2026-04-10 08:14:08.375809
23659,AXSM,Q104480012,instance_of,Q4830453,business,2026-04-10 08:14:08.375809
23660,BCAB,Q104480051,instance_of,Q4830453,business,2026-04-10 08:14:08.375809
23661,BBIO,Q106238343,instance_of,Q4830453,business,2026-04-10 08:14:08.375809
23662,BEAM,Q107457363,instance_of,Q783794,company,2026-04-10 08:14:08.375809
23663,BEAM,Q107457363,instance_of,Q891723,public company,2026-04-10 08:14:08.375809
23664,AZTA,Q117169721,instance_of,Q891723,public company,2026-04-10 08:14:08.375809
23665,AZTA,Q117169721,instance_of,Q4830453,business,2026-04-10 08:14:08.375809
23668,AVGO,Q790060,part_of,Q242345,S&P 500,2026-04-10 08:14:08.375809
23669,AVGO,Q790060,part_of,Q507306,Nasdaq-100,2026-04-10 08:14:08.375809
23670,AVGO,Q790060,part_of,Q773026,Dow Jones Global Titans 50,2026-04-10 08:14:08.375809
23683,ATRA,Q21874220,part_of,Q1329524,Russell 2000,2026-04-10 08:14:08.375809
23684,ATRA,Q21874220,part_of,Q2063056,NASDAQ Biotechnology Index,2026-04-10 08:14:08.375809
23796,BKNG,Q18674747,subsidiaries,BKNG,nan,2026-04-10 08:14:08.375809
23869,BPOP,Q7229656,products,Q22687,bank,2026-04-10 08:14:08.375809
23871,BNTC,Q17001319,products,Q1431332,gene silencing,2026-04-10 08:14:08.375809
23872,BKNG,Q18674747,products,Q4035313,booking.com,2026-04-10 08:14:08.375809
23873,BMBL,Q21233433,products,Q612825,online dating service,2026-04-10 08:14:08.375809
23937,BRKR,Q431454,instance_of,Q891723,public company,2026-04-10 08:14:08.375809
23938,BRKR,Q431454,instance_of,Q4830453,business,2026-04-10 08:14:08.375809
23939,BSY,Q818314,instance_of,Q891723,public company,2026-04-10 08:14:08.375809
23940,BSY,Q818314,instance_of,Q4830453,business,2026-04-10 08:14:08.375809
23941,BIIB,Q864338,instance_of,Q891723,public company,2026-04-10 08:14:08.375809
23942,BIIB,Q864338,instance_of,Q4830453,business,2026-04-10 08:14:08.375809
23943,BIIB,Q864338,instance_of,Q131784011,biopharmaceutical company,2026-04-10 08:14:08.375809
23944,BOKF,Q2162158,instance_of,Q730038,credit institution,2026-04-10 08:14:08.375809
23945,BOKF,Q2162158,instance_of,Q891723,public company,2026-04-10 08:14:08.375809
23946,BOKF,Q2162158,instance_of,Q2512624,bank holding company,2026-04-10 08:14:08.375809
23947,BJRI,Q4835755,instance_of,Q891723,public company,2026-04-10 08:14:08.375809
23948,BJRI,Q4835755,instance_of,Q18534542,restaurant chain,2026-04-10 08:14:08.375809
23949,BJRI,Q4835755,instance_of,Q42360247,brewpub chain,2026-04-10 08:14:08.375809
23950,BLZE,Q4839566,instance_of,Q7397,software,2026-04-10 08:14:08.375809
23951,BLZE,Q4839566,instance_of,Q2024390,remote backup service,2026-04-10 08:14:08.375809
23952,BLZE,Q4839566,instance_of,Q4830453,business,2026-04-10 08:14:08.375809
23953,BSET,Q4868109,instance_of,Q891723,public company,2026-04-10 08:14:08.375809
23954,BSET,Q4868109,instance_of,Q4830453,business,2026-04-10 08:14:08.375809
23955,BMRN,Q4914632,instance_of,Q43229,organization,2026-04-10 08:14:08.375809
23956,BMRN,Q4914632,instance_of,Q891723,public company,2026-04-10 08:14:08.375809
23957,BMRN,Q4914632,instance_of,Q4830453,business,2026-04-10 08:14:08.375809
23958,BLKB,Q4922539,instance_of,Q891723,public company,2026-04-10 08:14:08.375809
23959,BLKB,Q4922539,instance_of,Q4830453,business,2026-04-10 08:14:08.375809
23960,BLMN,Q4928282,instance_of,Q891723,public company,2026-04-10 08:14:08.375809
23961,BLMN,Q4928282,instance_of,Q4830453,business,2026-04-10 08:14:08.375809
23962,BOOM,Q5318916,instance_of,Q891723,public company,2026-04-10 08:14:08.375809
23963,BOOM,Q5318916,instance_of,Q4830453,business,2026-04-10 08:14:08.375809
23964,BPOP,Q7229656,instance_of,Q22687,bank,2026-04-10 08:14:08.375809
23965,BPOP,Q7229656,instance_of,Q891723,public company,2026-04-10 08:14:08.375809
23966,BPOP,Q7229656,instance_of,Q4830453,business,2026-04-10 08:14:08.375809
23967,BKNG,Q7242653,instance_of,Q891723,public company,2026-04-10 08:14:08.375809
23968,BKNG,Q7242653,instance_of,Q1276157,travel website,2026-04-10 08:14:08.375809
23969,BKNG,Q7242653,instance_of,Q4830453,business,2026-04-10 08:14:08.375809
23970,BNTC,Q17001319,instance_of,Q891723,public company,2026-04-10 08:14:08.375809
23971,BNTC,Q17001319,instance_of,Q131784011,biopharmaceutical company,2026-04-10 08:14:08.375809
23972,BKNG,Q18674747,instance_of,Q891723,public company,2026-04-10 08:14:08.375809
23973,BKNG,Q18674747,instance_of,Q4830453,business,2026-04-10 08:14:08.375809
23974,BKNG,Q18674747,instance_of,Q6881511,enterprise,2026-04-10 08:14:08.375809
23975,BMBL,Q21233433,instance_of,Q891723,public company,2026-04-10 08:14:08.375809
23976,BMBL,Q21233433,instance_of,Q3220391,social networking service,2026-04-10 08:14:08.375809
23977,BMBL,Q21233433,instance_of,Q28134845,dating app,2026-04-10 08:14:08.375809
23978,BL,Q28222794,instance_of,Q891723,public company,2026-04-10 08:14:08.375809
23979,BL,Q28222794,instance_of,Q4830453,business,2026-04-10 08:14:08.375809
23980,BNGO,Q30265338,instance_of,Q891723,public company,2026-04-10 08:14:08.375809
23981,BNGO,Q30265338,instance_of,Q4830453,business,2026-04-10 08:14:08.375809
23982,CAI,Q50039478,instance_of,Q4830453,business,2026-04-10 08:14:08.375809
23983,BLNK,Q62065645,instance_of,Q4830453,business,2026-04-10 08:14:08.375809
23984,BLNK,Q62065645,instance_of,Q37929123,electric vehicle charging network,2026-04-10 08:14:08.375809
23985,BFC,Q111384715,instance_of,Q891723,public company,2026-04-10 08:14:08.375809
23986,BFC,Q111384715,instance_of,Q4830453,business,2026-04-10 08:14:08.375809
23987,BSRR,Q117187407,instance_of,Q891723,public company,2026-04-10 08:14:08.375809
23988,BSRR,Q117187407,instance_of,Q7309198,regional bank,2026-04-10 08:14:08.375809
23989,BHRB,Q119072338,instance_of,Q22687,bank,2026-04-10 08:14:08.375809
23990,BPOP,Q123481906,instance_of,Q22687,bank,2026-04-10 08:14:08.375809
23991,BPOP,Q123481906,instance_of,Q783794,company,2026-04-10 08:14:08.375809
23992,BLLN,Q133812186,instance_of,Q4830453,business,2026-04-10 08:14:08.375809
23995,BIIB,Q864338,part_of,Q242345,S&P 500,2026-04-10 08:14:08.375809
23996,BIIB,Q864338,part_of,Q507306,Nasdaq-100,2026-04-10 08:14:08.375809
23997,BIIB,Q864338,part_of,Q1546793,S&P 100,2026-04-10 08:14:08.375809
24002,BMRN,Q4914632,part_of,Q507306,Nasdaq-100,2026-04-10 08:14:08.375809
24009,BKNG,Q18674747,part_of,Q242345,S&P 500,2026-04-10 08:14:08.375809
24010,BKNG,Q18674747,part_of,Q507306,Nasdaq-100,2026-04-10 08:14:08.375809
24011,BKNG,Q18674747,part_of,Q1546793,S&P 100,2026-04-10 08:14:08.375809
24019,BHRB,Q119072338,part_of,Q82059,Nasdaq,2026-04-10 08:14:08.375809
24036,BKNG,Q18674747,owned_by,BLK,BlackRock,2026-04-10 08:14:08.375809
24180,CEG,Q259195,products,Q12725,electricity,2026-04-10 08:14:08.375809
24182,CDW,Q1023155,products,Q7397,software,2026-04-10 08:14:08.375809
24183,CAKE,Q1045842,products,Q215348,cheesecake,2026-04-10 08:14:08.375809
24185,CAR,Q2874395,products,Q291240,car rental company,2026-04-10 08:14:08.375809
24187,CATY,Q4189507,products,Q22687,bank,2026-04-10 08:14:08.375809
24188,CBRL,Q4492609,products,Q381416,cuisine of the Southern United States,2026-04-10 08:14:08.375809
24194,CBSH,Q5152411,products,Q837171,financial services,2026-04-10 08:14:08.375809
24198,BYND,Q18205509,products,Q41712179,plant-based meat analogue,2026-04-10 08:14:08.375809
24256,CEG,Q259195,instance_of,Q891723,public company,2026-04-10 08:14:08.375809
24257,CDNS,Q608776,instance_of,Q43229,organization,2026-04-10 08:14:08.375809
24258,CDNS,Q608776,instance_of,Q891723,public company,2026-04-10 08:14:08.375809
24259,CDNS,Q608776,instance_of,Q4830453,business,2026-04-10 08:14:08.375809
24260,CDNS,Q608776,instance_of,Q6881511,enterprise,2026-04-10 08:14:08.375809
24261,CDW,Q1023155,instance_of,Q891723,public company,2026-04-10 08:14:08.375809
24262,CDW,Q1023155,instance_of,Q4830453,business,2026-04-10 08:14:08.375809
24263,CAKE,Q1045842,instance_of,Q891723,public company,2026-04-10 08:14:08.375809
24264,CAKE,Q1045842,instance_of,Q18534542,restaurant chain,2026-04-10 08:14:08.375809
24265,CCOI,Q1106938,instance_of,Q11371,internet service provider,2026-04-10 08:14:08.375809
24266,CCOI,Q1106938,instance_of,Q891723,public company,2026-04-10 08:14:08.375809
24267,CCOI,Q1106938,instance_of,Q4830453,business,2026-04-10 08:14:08.375809
24268,CCOI,Q1106938,instance_of,Q6881511,enterprise,2026-04-10 08:14:08.375809
24269,CAR,Q2874395,instance_of,Q891723,public company,2026-04-10 08:14:08.375809
24270,CAR,Q2874395,instance_of,Q4830453,business,2026-04-10 08:14:08.375809
24271,CASY,Q2940968,instance_of,Q891723,public company,2026-04-10 08:14:08.375809
24272,CASY,Q2940968,instance_of,Q4830453,business,2026-04-10 08:14:08.375809
24273,CASY,Q2940968,instance_of,Q6881511,enterprise,2026-04-10 08:14:08.375809
24274,CATY,Q4189507,instance_of,Q22687,bank,2026-04-10 08:14:08.375809
24275,CATY,Q4189507,instance_of,Q650241,financial institution,2026-04-10 08:14:08.375809
24276,CATY,Q4189507,instance_of,Q891723,public company,2026-04-10 08:14:08.375809
24277,CATY,Q4189507,instance_of,Q4830453,business,2026-04-10 08:14:08.375809
24278,CBRL,Q4492609,instance_of,Q891723,public company,2026-04-10 08:14:08.375809
24279,CBRL,Q4492609,instance_of,Q18534542,restaurant chain,2026-04-10 08:14:08.375809
24280,BYFC,Q4972437,instance_of,Q891723,public company,2026-04-10 08:14:08.375809
24281,BYFC,Q4972437,instance_of,Q4830453,business,2026-04-10 08:14:08.375809
24282,BUSE,Q5001347,instance_of,Q891723,public company,2026-04-10 08:14:08.375809
24283,BUSE,Q5001347,instance_of,Q4830453,business,2026-04-10 08:14:08.375809
24284,CALM,Q5018092,instance_of,Q891723,public company,2026-04-10 08:14:08.375809
24285,CALM,Q5018092,instance_of,Q4830453,business,2026-04-10 08:14:08.375809
24286,CALM,Q5018092,instance_of,Q6881511,enterprise,2026-04-10 08:14:08.375809
24287,CECO,Q5038907,instance_of,Q891723,public company,2026-04-10 08:14:08.375809
24288,CECO,Q5038907,instance_of,Q4830453,business,2026-04-10 08:14:08.375809
24289,CDXS,Q5140275,instance_of,Q891723,public company,2026-04-10 08:14:08.375809
24290,CDXS,Q5140275,instance_of,Q4830453,business,2026-04-10 08:14:08.375809
24291,CBSH,Q5152411,instance_of,Q891723,public company,2026-04-10 08:14:08.375809
24292,CBSH,Q5152411,instance_of,Q2512624,bank holding company,2026-04-10 08:14:08.375809
24293,CBSH,Q5152411,instance_of,Q4830453,business,2026-04-10 08:14:08.375809
24294,CASH,Q6822267,instance_of,Q891723,public company,2026-04-10 08:14:08.375809
24295,CASH,Q6822267,instance_of,Q4830453,business,2026-04-10 08:14:08.375809
24296,CACC,Q15845093,instance_of,Q891723,public company,2026-04-10 08:14:08.375809
24297,CACC,Q15845093,instance_of,Q4830453,business,2026-04-10 08:14:08.375809
24298,CARG,Q17050423,instance_of,Q35127,website,2026-04-10 08:14:08.375809
24299,CARG,Q17050423,instance_of,Q891723,public company,2026-04-10 08:14:08.375809
24300,CARG,Q17050423,instance_of,Q4830453,business,2026-04-10 08:14:08.375809
24301,BYND,Q18205509,instance_of,Q891723,public company,2026-04-10 08:14:08.375809
24302,BYND,Q18205509,instance_of,Q4830453,business,2026-04-10 08:14:08.375809
24303,CART,Q22909236,instance_of,Q891723,public company,2026-04-10 08:14:08.375809
24304,CART,Q22909236,instance_of,Q1589009,privately held company,2026-04-10 08:14:08.375809
24305,CART,Q22909236,instance_of,Q4830453,business,2026-04-10 08:14:08.375809
24306,CADL,Q30283508,instance_of,Q4830453,business,2026-04-10 08:14:08.375809
24307,CAMP,Q60742568,instance_of,Q891723,public company,2026-04-10 08:14:08.375809
24308,CDLX,Q103793759,instance_of,Q891723,public company,2026-04-10 08:14:08.375809
24309,CDLX,Q103793759,instance_of,Q4830453,business,2026-04-10 08:14:08.375809
24310,CBAT,Q121032877,instance_of,Q783794,company,2026-04-10 08:14:08.375809
24311,CAC,Q123616697,instance_of,Q2512624,bank holding company,2026-04-10 08:14:08.375809
24313,CDNS,Q608776,part_of,Q242345,S&P 500,2026-04-10 08:14:08.375809
24314,CDNS,Q608776,part_of,Q507306,Nasdaq-100,2026-04-10 08:14:08.375809
24315,CDW,Q1023155,part_of,Q242345,S&P 500,2026-04-10 08:14:08.375809
24494,COST,Q715583,products,Q320677,cash and carry,2026-04-10 08:14:08.375809
24498,CMCSA,Q1113804,products,Q184452,cable television,2026-04-10 08:14:08.375809
24499,CHTR,Q2961234,products,Q184452,cable television,2026-04-10 08:14:08.375809
24501,CLMT,Q5024089,products,Q42962,oil,2026-04-10 08:14:08.375809
24502,CFFN,Q5035870,products,Q22687,bank,2026-04-10 08:14:08.375809
24508,CENX,Q18619982,products,Q663,aluminium,2026-04-10 08:14:08.375809
24510,CHRD,Q20486933,products,Q22656,petroleum,2026-04-10 08:14:08.375809
24511,CLFD,Q22022108,products,Q1546066,networking hardware,2026-04-10 08:14:08.375809
24570,COST,Q715583,instance_of,Q891723,public company,2026-04-10 08:14:08.375809
24571,COST,Q715583,instance_of,Q4830453,business,2026-04-10 08:14:08.375809
24572,COST,Q715583,instance_of,Q6881511,enterprise,2026-04-10 08:14:08.375809
24573,CG,Q926806,instance_of,Q891723,public company,2026-04-10 08:14:08.375809
24574,CG,Q926806,instance_of,Q4830453,business,2026-04-10 08:14:08.375809
24575,CG,Q926806,instance_of,Q6881511,enterprise,2026-04-10 08:14:08.375809
24576,CHRW,Q931200,instance_of,Q891723,public company,2026-04-10 08:14:08.375809
24577,CHRW,Q931200,instance_of,Q4830453,business,2026-04-10 08:14:08.375809
24578,CME,Q1023876,instance_of,Q11691,stock exchange,2026-04-10 08:14:08.375809
24579,CME,Q1023876,instance_of,Q891723,public company,2026-04-10 08:14:08.375809
24580,CME,Q1023876,instance_of,Q4830453,business,2026-04-10 08:14:08.375809
24581,CME,Q1023876,instance_of,Q6881511,enterprise,2026-04-10 08:14:08.375809
24582,CMCSA,Q1113804,instance_of,Q891723,public company,2026-04-10 08:14:08.375809
24583,CMCSA,Q1113804,instance_of,Q2401749,telecommunication company,2026-04-10 08:14:08.375809
24584,CMCSA,Q1113804,instance_of,Q4830453,business,2026-04-10 08:14:08.375809
24585,CMCSA,Q1113804,instance_of,Q6881511,enterprise,2026-04-10 08:14:08.375809
24586,CHTR,Q2961234,instance_of,Q891723,public company,2026-04-10 08:14:08.375809
24587,CHTR,Q2961234,instance_of,Q4830453,business,2026-04-10 08:14:08.375809
24588,CHTR,Q2961234,instance_of,Q6881511,enterprise,2026-04-10 08:14:08.375809
24589,CGNX,Q2981857,instance_of,Q891723,public company,2026-04-10 08:14:08.375809
24590,CGNX,Q2981857,instance_of,Q4830453,business,2026-04-10 08:14:08.375809
24591,CLMT,Q5024089,instance_of,Q891723,public company,2026-04-10 08:14:08.375809
24592,CLMT,Q5024089,instance_of,Q4830453,business,2026-04-10 08:14:08.375809
24593,CFFN,Q5035870,instance_of,Q891723,public company,2026-04-10 08:14:08.375809
24594,CFFN,Q5035870,instance_of,Q4830453,business,2026-04-10 08:14:08.375809
24595,CNTY,Q5063137,instance_of,Q891723,public company,2026-04-10 08:14:08.375809
24596,CNTY,Q5063137,instance_of,Q4830453,business,2026-04-10 08:14:08.375809
24597,CHRD,Q5104985,instance_of,Q891723,public company,2026-04-10 08:14:08.375809
24598,CHRD,Q5104985,instance_of,Q4830453,business,2026-04-10 08:14:08.375809
24599,CHDN,Q5118174,instance_of,Q891723,public company,2026-04-10 08:14:08.375809
24600,CHDN,Q5118174,instance_of,Q4830453,business,2026-04-10 08:14:08.375809
24601,CINF,Q5120253,instance_of,Q891723,public company,2026-04-10 08:14:08.375809
24602,CINF,Q5120253,instance_of,Q4830453,business,2026-04-10 08:14:08.375809
24603,CNXN,Q7118693,instance_of,Q891723,public company,2026-04-10 08:14:08.375809
24604,CNXN,Q7118693,instance_of,Q4830453,business,2026-04-10 08:14:08.375809
24605,CENX,Q18619982,instance_of,Q891723,public company,2026-04-10 08:14:08.375809
24606,CENX,Q18619982,instance_of,Q4830453,business,2026-04-10 08:14:08.375809
24607,CLIR,Q19866632,instance_of,Q891723,public company,2026-04-10 08:14:08.375809
24608,CLIR,Q19866632,instance_of,Q4830453,business,2026-04-10 08:14:08.375809
24609,CHRD,Q20486933,instance_of,Q891723,public company,2026-04-10 08:14:08.375809
24610,CHRD,Q20486933,instance_of,Q4830453,business,2026-04-10 08:14:08.375809
24611,CLFD,Q22022108,instance_of,Q783794,company,2026-04-10 08:14:08.375809
24612,CLFD,Q22022108,instance_of,Q891723,public company,2026-04-10 08:14:08.375809
24613,CLFD,Q22022108,instance_of,Q4830453,business,2026-04-10 08:14:08.375809
24614,CLOV,Q22079519,instance_of,Q891723,public company,2026-04-10 08:14:08.375809
24615,CLDX,Q30281437,instance_of,Q4830453,business,2026-04-10 08:14:08.375809
24616,CMCT,Q96574679,instance_of,Q891723,public company,2026-04-10 08:14:08.375809
24617,CMCT,Q96574679,instance_of,Q4830453,business,2026-04-10 08:14:08.375809
24618,CMCT,Q96574679,instance_of,Q5908002,fund,2026-04-10 08:14:08.375809
24619,CFFI,Q119075727,instance_of,Q22687,bank,2026-04-10 08:14:08.375809
24620,CGEM,Q124031426,instance_of,Q4830453,business,2026-04-10 08:14:08.375809
24621,CLSK,Q124060486,instance_of,Q4830453,business,2026-04-10 08:14:08.375809
24622,CMTL,Q124407382,instance_of,Q783794,company,2026-04-10 08:14:08.375809
24623,CMTL,Q124407382,instance_of,Q4830453,business,2026-04-10 08:14:08.375809
24624,COST,Q715583,part_of,Q242345,S&P 500,2026-04-10 08:14:08.375809
24625,COST,Q715583,part_of,Q507306,Nasdaq-100,2026-04-10 08:14:08.375809
24626,COST,Q715583,part_of,Q1546793,S&P 100,2026-04-10 08:14:08.375809
24628,CHRW,Q931200,part_of,Q242345,S&P 500,2026-04-10 08:14:08.375809
24629,CME,Q1023876,part_of,Q242345,S&P 500,2026-04-10 08:14:08.375809
24630,CMCSA,Q1113804,part_of,Q242345,S&P 500,2026-04-10 08:14:08.375809
24631,CMCSA,Q1113804,part_of,Q507306,Nasdaq-100,2026-04-10 08:14:08.375809
24632,CMCSA,Q1113804,part_of,Q1546793,S&P 100,2026-04-10 08:14:08.375809
24633,CHTR,Q2961234,part_of,Q242345,S&P 500,2026-04-10 08:14:08.375809
24634,CHTR,Q2961234,part_of,Q507306,Nasdaq-100,2026-04-10 08:14:08.375809
24635,CHTR,Q2961234,part_of,Q1546793,S&P 100,2026-04-10 08:14:08.375809
24642,CINF,Q5120253,part_of,Q242345,S&P 500,2026-04-10 08:14:08.375809
24768,CSGP,Q16988748,subsidiaries,LOOP,nan,2026-04-10 08:14:08.375809
24840,CSCO,Q173395,products,Q4503,network switch,2026-04-10 08:14:08.375809
24841,CSCO,Q173395,products,Q5318,router,2026-04-10 08:14:08.375809
24842,CSCO,Q173395,products,Q7397,software,2026-04-10 08:14:08.375809
24843,CSCO,Q173395,products,Q326717,wireless access point,2026-04-10 08:14:08.375809
24844,CSCO,Q173395,products,Q383978,cable modem,2026-04-10 08:14:08.375809
24845,CSCO,Q173395,products,Q842729,set-top box,2026-04-10 08:14:08.375809
24846,CSCO,Q173395,products,Q1024878,cable modem termination system,2026-04-10 08:14:08.375809
24847,CSCO,Q173395,products,Q1546066,networking hardware,2026-04-10 08:14:08.375809
24848,CSCO,Q173395,products,Q1755130,gateway,2026-04-10 08:14:08.375809
24849,CROX,Q926699,products,Q22676,shoe,2026-04-10 08:14:08.375809
24854,COLM,Q1112588,products,Q11460,clothing,2026-04-10 08:14:08.375809
24855,COLM,Q1112588,products,Q645292,sportswear,2026-04-10 08:14:08.375809
24856,COLM,Q1112588,products,Q4388799,outerwear,2026-04-10 08:14:08.375809
24857,COLM,Q1112588,products,Q116951676,outdoor gear,2026-04-10 08:14:08.375809
24861,CTRN,Q5122438,products,Q11460,clothing,2026-04-10 08:14:08.375809
24865,CRCT,Q5185100,products,Q193255,plotter,2026-04-10 08:14:08.375809
24866,CRCT,Q5185100,products,Q109911295,cutting plotter,2026-04-10 08:14:08.375809
24870,COIN,Q16972754,products,Q13479982,cryptocurrency,2026-04-10 08:14:08.375809
24927,CSCO,Q173395,instance_of,Q891723,public company,2026-04-10 08:14:08.375809
24928,CSCO,Q173395,instance_of,Q4830453,business,2026-04-10 08:14:08.375809
24929,CSCO,Q173395,instance_of,Q6881511,enterprise,2026-04-10 08:14:08.375809
24930,CROX,Q926699,instance_of,Q507619,retail chain,2026-04-10 08:14:08.375809
24931,CROX,Q926699,instance_of,Q726870,brick and mortar,2026-04-10 08:14:08.375809
24932,CROX,Q926699,instance_of,Q891723,public company,2026-04-10 08:14:08.375809
24933,CSX,Q1024454,instance_of,Q43229,organization,2026-04-10 08:14:08.375809
24934,CSX,Q1024454,instance_of,Q891723,public company,2026-04-10 08:14:08.375809
24935,CSX,Q1024454,instance_of,Q4830453,business,2026-04-10 08:14:08.375809
24936,CSX,Q1024454,instance_of,Q6881511,enterprise,2026-04-10 08:14:08.375809
24937,CRUS,Q1067998,instance_of,Q891723,public company,2026-04-10 08:14:08.375809
24938,CRUS,Q1067998,instance_of,Q4830453,business,2026-04-10 08:14:08.375809
24939,CRUS,Q1067998,instance_of,Q6881511,enterprise,2026-04-10 08:14:08.375809
24940,CTAS,Q1092571,instance_of,Q891723,public company,2026-04-10 08:14:08.375809
24941,CTAS,Q1092571,instance_of,Q4830453,business,2026-04-10 08:14:08.375809
24942,CTSH,Q1107035,instance_of,Q891723,public company,2026-04-10 08:14:08.375809
24943,CTSH,Q1107035,instance_of,Q4830453,business,2026-04-10 08:14:08.375809
24944,CTSH,Q1107035,instance_of,Q6881511,enterprise,2026-04-10 08:14:08.375809
24945,COLM,Q1112588,instance_of,Q726870,brick and mortar,2026-04-10 08:14:08.375809
24946,COLM,Q1112588,instance_of,Q891723,public company,2026-04-10 08:14:08.375809
24947,COLM,Q1112588,instance_of,Q4830453,business,2026-04-10 08:14:08.375809
24948,COLM,Q1112588,instance_of,Q6881511,enterprise,2026-04-10 08:14:08.375809
24949,CRAI,Q5013834,instance_of,Q891723,public company,2026-04-10 08:14:08.375809
24950,CRAI,Q5013834,instance_of,Q4830453,business,2026-04-10 08:14:08.375809
24951,CPHC,Q5033676,instance_of,Q891723,public company,2026-04-10 08:14:08.375809
24952,CPHC,Q5033676,instance_of,Q11822917,horse racing venue,2026-04-10 08:14:08.375809
24953,CWST,Q5048400,instance_of,Q891723,public company,2026-04-10 08:14:08.375809
24954,CWST,Q5048400,instance_of,Q4830453,business,2026-04-10 08:14:08.375809
24955,CTRN,Q5122438,instance_of,Q507619,retail chain,2026-04-10 08:14:08.375809
24956,CTRN,Q5122438,instance_of,Q891723,public company,2026-04-10 08:14:08.375809
24957,CTRN,Q5122438,instance_of,Q4830453,business,2026-04-10 08:14:08.375809
24958,COKE,Q5139058,instance_of,Q891723,public company,2026-04-10 08:14:08.375809
24959,COKE,Q5139058,instance_of,Q4830453,business,2026-04-10 08:14:08.375809
24960,CVLT,Q5152058,instance_of,Q891723,public company,2026-04-10 08:14:08.375809
24961,CVLT,Q5152058,instance_of,Q4830453,business,2026-04-10 08:14:08.375809
24962,CRVL,Q5169368,instance_of,Q891723,public company,2026-04-10 08:14:08.375809
24963,CRVL,Q5169368,instance_of,Q4830453,business,2026-04-10 08:14:08.375809
24964,CRCT,Q5185100,instance_of,Q891723,public company,2026-04-10 08:14:08.375809
24965,CRCT,Q5185100,instance_of,Q4830453,business,2026-04-10 08:14:08.375809
24966,CORT,Q15734041,instance_of,Q891723,public company,2026-04-10 08:14:08.375809
24967,CORT,Q15734041,instance_of,Q4830453,business,2026-04-10 08:14:08.375809
24968,CVGW,Q16850385,instance_of,Q891723,public company,2026-04-10 08:14:08.375809
24969,CVGW,Q16850385,instance_of,Q4830453,business,2026-04-10 08:14:08.375809
24970,CPRT,Q16951448,instance_of,Q35127,website,2026-04-10 08:14:08.375809
24971,CPRT,Q16951448,instance_of,Q891723,public company,2026-04-10 08:14:08.375809
24972,CPRT,Q16951448,instance_of,Q4830453,business,2026-04-10 08:14:08.375809
24973,CPRT,Q16951448,instance_of,Q9209474,auction house,2026-04-10 08:14:08.375809
24974,COIN,Q16972754,instance_of,Q891723,public company,2026-04-10 08:14:08.375809
24975,COIN,Q16972754,instance_of,Q986008,payment system,2026-04-10 08:14:08.375809
24976,COIN,Q16972754,instance_of,Q3511068,digital currency exchanger,2026-04-10 08:14:08.375809
24977,COIN,Q16972754,instance_of,Q4830453,business,2026-04-10 08:14:08.375809
24978,COIN,Q16972754,instance_of,Q25401607,cryptocurrency exchange,2026-04-10 08:14:08.375809
24979,CSGP,Q16988748,instance_of,Q891723,public company,2026-04-10 08:14:08.375809
24980,CSGP,Q16988748,instance_of,Q4830453,business,2026-04-10 08:14:08.375809
24981,CTSO,Q17182820,instance_of,Q891723,public company,2026-04-10 08:14:08.375809
24982,CTSO,Q17182820,instance_of,Q4830453,business,2026-04-10 08:14:08.375809
24983,CPRX,Q18149200,instance_of,Q891723,public company,2026-04-10 08:14:08.375809
24984,CPRX,Q18149200,instance_of,Q4830453,business,2026-04-10 08:14:08.375809
24985,CPRX,Q18149200,instance_of,Q19644607,pharmaceutical company,2026-04-10 08:14:08.375809
24986,CRWD,Q24890758,instance_of,Q891723,public company,2026-04-10 08:14:08.375809
24987,CRWD,Q24890758,instance_of,Q4830453,business,2026-04-10 08:14:08.375809
24988,CRBP,Q30287734,instance_of,Q4830453,business,2026-04-10 08:14:08.375809
24989,CRNC,Q111387693,instance_of,Q891723,public company,2026-04-10 08:14:08.375809
24990,CSCO,Q173395,part_of,Q180816,Dow Jones Industrial Average,2026-04-10 08:14:08.375809
24991,CSCO,Q173395,part_of,Q242345,S&P 500,2026-04-10 08:14:08.375809
24992,CSCO,Q173395,part_of,Q507306,Nasdaq-100,2026-04-10 08:14:08.375809
24993,CSCO,Q173395,part_of,Q773026,Dow Jones Global Titans 50,2026-04-10 08:14:08.375809
24994,CSCO,Q173395,part_of,Q1546793,S&P 100,2026-04-10 08:14:08.375809
24996,CSX,Q1024454,part_of,Q242345,S&P 500,2026-04-10 08:14:08.375809
24997,CSX,Q1024454,part_of,Q507306,Nasdaq-100,2026-04-10 08:14:08.375809
24999,CTAS,Q1092571,part_of,Q242345,S&P 500,2026-04-10 08:14:08.375809
25000,CTAS,Q1092571,part_of,Q507306,Nasdaq-100,2026-04-10 08:14:08.375809
25001,CTSH,Q1107035,part_of,Q242345,S&P 500,2026-04-10 08:14:08.375809
25002,CTSH,Q1107035,part_of,Q507306,Nasdaq-100,2026-04-10 08:14:08.375809
25014,CPRT,Q16951448,part_of,Q242345,S&P 500,2026-04-10 08:14:08.375809
25016,CSGP,Q16988748,part_of,Q242345,S&P 500,2026-04-10 08:14:08.375809
25022,CSCO,Q173395,owned_by,BLK,BlackRock,2026-04-10 08:14:08.375809
25034,COKE,Q5139058,owned_by,KO,The Coca-Cola Company,2026-04-10 08:14:08.375809
25179,CYRX,Q747489,products,Q1148844,Cyrix 6x86,2026-04-10 08:14:08.375809
25187,DOCU,Q5287613,products,Q220849,digital signature,2026-04-10 08:14:08.375809
25193,DBX,Q15589464,products,Q7397,software,2026-04-10 08:14:08.375809
25197,CYN,Q21177770,products,Q855981,,2026-04-10 08:14:08.375809
25200,DJT,Q109030760,products,Q109001687,Truth Social,2026-04-10 08:14:08.375809
25254,CYRX,Q747489,instance_of,Q891723,public company,2026-04-10 08:14:08.375809
25255,CYRX,Q747489,instance_of,Q4830453,business,2026-04-10 08:14:08.375809
25256,DAKT,Q1157767,instance_of,Q891723,public company,2026-04-10 08:14:08.375809
25257,DAKT,Q1157767,instance_of,Q4830453,business,2026-04-10 08:14:08.375809
25258,CVGI,Q5152539,instance_of,Q891723,public company,2026-04-10 08:14:08.375809
25259,CVGI,Q5152539,instance_of,Q4830453,business,2026-04-10 08:14:08.375809
25260,DJCO,Q5209286,instance_of,Q891723,public company,2026-04-10 08:14:08.375809
25261,DJCO,Q5209286,instance_of,Q4830453,business,2026-04-10 08:14:08.375809
25262,DAIO,Q5227174,instance_of,Q891723,public company,2026-04-10 08:14:08.375809
25263,DAIO,Q5227174,instance_of,Q4830453,business,2026-04-10 08:14:08.375809
25264,DGII,Q5275716,instance_of,Q891723,public company,2026-04-10 08:14:08.375809
25265,DGII,Q5275716,instance_of,Q4830453,business,2026-04-10 08:14:08.375809
25266,DMRC,Q5275736,instance_of,Q891723,public company,2026-04-10 08:14:08.375809
25267,DMRC,Q5275736,instance_of,Q4830453,business,2026-04-10 08:14:08.375809
25268,DIOD,Q5279096,instance_of,Q891723,public company,2026-04-10 08:14:08.375809
25269,DIOD,Q5279096,instance_of,Q1389311,integrated device manufacturer,2026-04-10 08:14:08.375809
25270,DOCU,Q5287613,instance_of,Q891723,public company,2026-04-10 08:14:08.375809
25271,DOCU,Q5287613,instance_of,Q4830453,business,2026-04-10 08:14:08.375809
25272,DLTR,Q5289230,instance_of,Q507619,retail chain,2026-04-10 08:14:08.375809
25273,DLTR,Q5289230,instance_of,Q891723,public company,2026-04-10 08:14:08.375809
25274,DLTR,Q5289230,instance_of,Q4830453,business,2026-04-10 08:14:08.375809
25275,DLPN,Q5289622,instance_of,Q891723,public company,2026-04-10 08:14:08.375809
25276,DLPN,Q5289622,instance_of,Q4830453,business,2026-04-10 08:14:08.375809
25277,DOMO,Q5291323,instance_of,Q891723,public company,2026-04-10 08:14:08.375809
25278,DOMO,Q5291323,instance_of,Q4830453,business,2026-04-10 08:14:08.375809
25279,DAVE,Q5433448,instance_of,Q891723,public company,2026-04-10 08:14:08.375809
25280,DAVE,Q5433448,instance_of,Q18534542,restaurant chain,2026-04-10 08:14:08.375809
25281,DGII,Q8041701,instance_of,Q891723,public company,2026-04-10 08:14:08.375809
25282,DGII,Q8041701,instance_of,Q4830453,business,2026-04-10 08:14:08.375809
25283,DBX,Q15589464,instance_of,Q891723,public company,2026-04-10 08:14:08.375809
25284,DBX,Q15589464,instance_of,Q4830453,business,2026-04-10 08:14:08.375809
25285,DDOG,Q16248637,instance_of,Q891723,public company,2026-04-10 08:14:08.375809
25286,DDOG,Q16248637,instance_of,Q4830453,business,2026-04-10 08:14:08.375809
25287,CZR,Q18636524,instance_of,Q891723,public company,2026-04-10 08:14:08.375809
25288,CZR,Q18636524,instance_of,Q4830453,business,2026-04-10 08:14:08.375809
25289,DASH,Q20714323,instance_of,Q783794,company,2026-04-10 08:14:08.375809
25290,DASH,Q20714323,instance_of,Q891723,public company,2026-04-10 08:14:08.375809
25291,CYN,Q21177770,instance_of,Q1589009,privately held company,2026-04-10 08:14:08.375809
25292,CYN,Q21177770,instance_of,Q4830453,business,2026-04-10 08:14:08.375809
25293,DKNG,Q21189310,instance_of,Q891723,public company,2026-04-10 08:14:08.375809
25294,DKNG,Q21189310,instance_of,Q1589009,privately held company,2026-04-10 08:14:08.375809
25295,DKNG,Q21189310,instance_of,Q4830453,business,2026-04-10 08:14:08.375809
25296,CYTK,Q30283314,instance_of,Q891723,public company,2026-04-10 08:14:08.375809
25297,CYTK,Q30283314,instance_of,Q4830453,business,2026-04-10 08:14:08.375809
25298,DJT,Q109030760,instance_of,Q891723,public company,2026-04-10 08:14:08.375809
25299,DRS,Q112038007,instance_of,Q783794,company,2026-04-10 08:14:08.375809
25300,DRS,Q112038007,instance_of,Q891723,public company,2026-04-10 08:14:08.375809
25301,DRS,Q112038007,instance_of,Q1934969,defense contractor,2026-04-10 08:14:08.375809
25302,DSP,Q115258245,instance_of,Q891723,public company,2026-04-10 08:14:08.375809
25303,DSP,Q115258245,instance_of,Q4830453,business,2026-04-10 08:14:08.375809
25304,DTIL,Q116056726,instance_of,Q783794,company,2026-04-10 08:14:08.375809
25314,DLTR,Q5289230,part_of,Q242345,S&P 500,2026-04-10 08:14:08.375809
25315,DLTR,Q5289230,part_of,Q507306,Nasdaq-100,2026-04-10 08:14:08.375809
25538,EA,Q173941,products,Q7397,software,2026-04-10 08:14:08.375809
25539,EA,Q173941,products,Q7889,video game,2026-04-10 08:14:08.375809
25540,EQIX,Q851641,products,Q671224,data center,2026-04-10 08:14:08.375809
25541,DNUT,Q1192805,products,Q192783,doughnut,2026-04-10 08:14:08.375809
25542,EXTR,Q2034659,products,Q1546066,networking hardware,2026-04-10 08:14:08.375809
25543,EGHT,Q4645515,products,Q483639,cloud computing,2026-04-10 08:14:08.375809
25544,EGHT,Q4645515,products,Q15614021,VoIP software,2026-04-10 08:14:08.375809
25546,EHTH,Q5323107,products,Q334911,health insurance,2026-04-10 08:14:08.375809
25547,EGBN,Q5324991,products,Q22687,bank,2026-04-10 08:14:08.375809
25555,DXCM,Q15109865,products,Q6554101,medical device,2026-04-10 08:14:08.375809
25562,ENVX,Q124624329,products,Q267298,battery,2026-04-10 08:14:08.375809
25614,EBAY,Q58024,instance_of,Q43229,organization,2026-04-10 08:14:08.375809
25615,EBAY,Q58024,instance_of,Q891723,public company,2026-04-10 08:14:08.375809
25616,EBAY,Q58024,instance_of,Q3390477,online marketplace,2026-04-10 08:14:08.375809
25617,EBAY,Q58024,instance_of,Q4830453,business,2026-04-10 08:14:08.375809
25618,EBAY,Q58024,instance_of,Q6576792,online community,2026-04-10 08:14:08.375809
25619,EBAY,Q58024,instance_of,Q6881511,enterprise,2026-04-10 08:14:08.375809
25620,EBAY,Q58024,instance_of,Q125265855,classified advertising website,2026-04-10 08:14:08.375809
25621,EA,Q173941,instance_of,Q210167,video game developer,2026-04-10 08:14:08.375809
25622,EA,Q173941,instance_of,Q891723,public company,2026-04-10 08:14:08.375809
25623,EA,Q173941,instance_of,Q1137109,video game publisher,2026-04-10 08:14:08.375809
25624,EQIX,Q851641,instance_of,Q891723,public company,2026-04-10 08:14:08.375809
25625,EQIX,Q851641,instance_of,Q4830453,business,2026-04-10 08:14:08.375809
25626,DNUT,Q1192805,instance_of,Q891723,public company,2026-04-10 08:14:08.375809
25627,DNUT,Q1192805,instance_of,Q18509232,fast food restaurant chain,2026-04-10 08:14:08.375809
25628,DNUT,Q1192805,instance_of,Q18534542,restaurant chain,2026-04-10 08:14:08.375809
25629,EXTR,Q2034659,instance_of,Q891723,public company,2026-04-10 08:14:08.375809
25630,EXTR,Q2034659,instance_of,Q4830453,business,2026-04-10 08:14:08.375809
25631,EGHT,Q4645515,instance_of,Q891723,public company,2026-04-10 08:14:08.375809
25632,EGHT,Q4645515,instance_of,Q2401749,telecommunication company,2026-04-10 08:14:08.375809
25633,EGHT,Q4645515,instance_of,Q4830453,business,2026-04-10 08:14:08.375809
25634,DXLG,Q5050852,instance_of,Q891723,public company,2026-04-10 08:14:08.375809
25635,DXLG,Q5050852,instance_of,Q4830453,business,2026-04-10 08:14:08.375809
25636,EHTH,Q5323107,instance_of,Q891723,public company,2026-04-10 08:14:08.375809
25637,EHTH,Q5323107,instance_of,Q3390477,online marketplace,2026-04-10 08:14:08.375809
25638,EHTH,Q5323107,instance_of,Q4830453,business,2026-04-10 08:14:08.375809
25639,EGBN,Q5324991,instance_of,Q891723,public company,2026-04-10 08:14:08.375809
25640,EBC,Q5330003,instance_of,Q22687,bank,2026-04-10 08:14:08.375809
25641,EBC,Q5330003,instance_of,Q891723,public company,2026-04-10 08:14:08.375809
25642,EBC,Q5330003,instance_of,Q955214,mutual organization,2026-04-10 08:14:08.375809
25643,EBC,Q5330003,instance_of,Q4830453,business,2026-04-10 08:14:08.375809
25644,ECPG,Q5375543,instance_of,Q891723,public company,2026-04-10 08:14:08.375809
25645,ECPG,Q5375543,instance_of,Q4830453,business,2026-04-10 08:14:08.375809
25646,ERII,Q5376971,instance_of,Q891723,public company,2026-04-10 08:14:08.375809
25647,ERII,Q5376971,instance_of,Q4830453,business,2026-04-10 08:14:08.375809
25648,ENTG,Q5380128,instance_of,Q891723,public company,2026-04-10 08:14:08.375809
25649,ENTG,Q5380128,instance_of,Q4830453,business,2026-04-10 08:14:08.375809
25650,ERIE,Q5388314,instance_of,Q891723,public company,2026-04-10 08:14:08.375809
25651,ERIE,Q5388314,instance_of,Q2143354,insurance company,2026-04-10 08:14:08.375809
25652,ERIE,Q5388314,instance_of,Q4830453,business,2026-04-10 08:14:08.375809
25653,ESPR,Q5398941,instance_of,Q891723,public company,2026-04-10 08:14:08.375809
25654,ESPR,Q5398941,instance_of,Q4830453,business,2026-04-10 08:14:08.375809
25655,EEFT,Q5412010,instance_of,Q891723,public company,2026-04-10 08:14:08.375809
25656,EEFT,Q5412010,instance_of,Q4830453,business,2026-04-10 08:14:08.375809
25657,DXCM,Q15109865,instance_of,Q891723,public company,2026-04-10 08:14:08.375809
25658,DXCM,Q15109865,instance_of,Q4830453,business,2026-04-10 08:14:08.375809
25659,ESEA,Q16975402,instance_of,Q891723,public company,2026-04-10 08:14:08.375809
25660,ESEA,Q16975402,instance_of,Q4830453,business,2026-04-10 08:14:08.375809
25661,ENPH,Q17012234,instance_of,Q891723,public company,2026-04-10 08:14:08.375809
25662,ENPH,Q17012234,instance_of,Q4830453,business,2026-04-10 08:14:08.375809
25663,EGAN,Q17068984,instance_of,Q891723,public company,2026-04-10 08:14:08.375809
25664,EGAN,Q17068984,instance_of,Q4830453,business,2026-04-10 08:14:08.375809
25665,EDIT,Q23131313,instance_of,Q891723,public company,2026-04-10 08:14:08.375809
25666,EVER,Q28405655,instance_of,Q35127,website,2026-04-10 08:14:08.375809
25667,EVER,Q28405655,instance_of,Q891723,public company,2026-04-10 08:14:08.375809
25668,ENSC,Q106411749,instance_of,Q4830453,business,2026-04-10 08:14:08.375809
25669,ENVX,Q124624329,instance_of,Q4830453,business,2026-04-10 08:14:08.375809
25670,DUOL,Q124637557,instance_of,Q891723,public company,2026-04-10 08:14:08.375809
25671,DUOL,Q124637557,instance_of,Q4830453,business,2026-04-10 08:14:08.375809
25672,EBAY,Q58024,part_of,Q242345,S&P 500,2026-04-10 08:14:08.375809
25673,EA,Q173941,part_of,Q242345,S&P 500,2026-04-10 08:14:08.375809
25674,EQIX,Q851641,part_of,Q242345,S&P 500,2026-04-10 08:14:08.375809
25677,EGHT,Q4645515,part_of,Q7386995,S&P 600,2026-04-10 08:14:08.375809
25688,DXCM,Q15109865,part_of,Q242345,S&P 500,2026-04-10 08:14:08.375809
25690,ENPH,Q17012234,part_of,Q242345,S&P 500,2026-04-10 08:14:08.375809
25697,EBAY,Q58024,owned_by,BLK,BlackRock,2026-04-10 08:14:08.375809
25707,EGBN,Q5324991,owned_by,GS,Goldman Sachs,2026-04-10 08:14:08.375809
25783,EWBC,Q5329659,subsidiaries,EWBC,nan,2026-04-10 08:14:08.375809
25866,EXE,Q2962826,products,Q22656,petroleum,2026-04-10 08:14:08.375809
25867,FFIV,Q3029296,products,Q1301371,computer network,2026-04-10 08:14:08.375809
25871,FLWS,Q4545752,products,Q506,flower,2026-04-10 08:14:08.375809
25873,EZPW,Q5324749,products,Q176637,pawnbroker,2026-04-10 08:14:08.375809
25878,FBNC,Q5452332,products,Q1548025,retail banking,2026-04-10 08:14:08.375809
25884,FARM,Q18148458,products,Q8486,coffee,2026-04-10 08:14:08.375809
25885,FANG,Q65091423,products,Q22656,petroleum,2026-04-10 08:14:08.375809
25941,EXE,Q2962826,instance_of,Q891723,public company,2026-04-10 08:14:08.375809
25942,EXE,Q2962826,instance_of,Q4830453,business,2026-04-10 08:14:08.375809
25943,EXE,Q2962826,instance_of,Q6881511,enterprise,2026-04-10 08:14:08.375809
25944,FFIV,Q3029296,instance_of,Q891723,public company,2026-04-10 08:14:08.375809
25945,FFIV,Q3029296,instance_of,Q1058914,software company,2026-04-10 08:14:08.375809
25946,EWBC,Q3046549,instance_of,Q891723,public company,2026-04-10 08:14:08.375809
25947,EWBC,Q3046549,instance_of,Q4830453,business,2026-04-10 08:14:08.375809
25948,FAST,Q3067119,instance_of,Q891723,public company,2026-04-10 08:14:08.375809
25949,FAST,Q3067119,instance_of,Q4830453,business,2026-04-10 08:14:08.375809
25950,FAST,Q3067119,instance_of,Q6881511,enterprise,2026-04-10 08:14:08.375809
25951,FHB,Q3072937,instance_of,Q891723,public company,2026-04-10 08:14:08.375809
25952,FHB,Q3072937,instance_of,Q4830453,business,2026-04-10 08:14:08.375809
25953,FLWS,Q4545752,instance_of,Q891723,public company,2026-04-10 08:14:08.375809
25954,FLWS,Q4545752,instance_of,Q4830453,business,2026-04-10 08:14:08.375809
25955,EXLS,Q5324689,instance_of,Q891723,public company,2026-04-10 08:14:08.375809
25956,EXLS,Q5324689,instance_of,Q4830453,business,2026-04-10 08:14:08.375809
25957,EZPW,Q5324749,instance_of,Q891723,public company,2026-04-10 08:14:08.375809
25958,EZPW,Q5324749,instance_of,Q4830453,business,2026-04-10 08:14:08.375809
25959,EWBC,Q5329659,instance_of,Q891723,public company,2026-04-10 08:14:08.375809
25960,EWBC,Q5329659,instance_of,Q4830453,business,2026-04-10 08:14:08.375809
25961,EWCZ,Q5413426,instance_of,Q891723,public company,2026-04-10 08:14:08.375809
25962,EWCZ,Q5413426,instance_of,Q1195245,beauty salon,2026-04-10 08:14:08.375809
25963,EWCZ,Q5413426,instance_of,Q4830453,business,2026-04-10 08:14:08.375809
25964,EWCZ,Q5413426,instance_of,Q65553774,chain,2026-04-10 08:14:08.375809
25965,EXEL,Q5419989,instance_of,Q891723,public company,2026-04-10 08:14:08.375809
25966,EXEL,Q5419989,instance_of,Q4830453,business,2026-04-10 08:14:08.375809
25967,EXPO,Q5421507,instance_of,Q891723,public company,2026-04-10 08:14:08.375809
25968,EXPO,Q5421507,instance_of,Q2089936,consulting company,2026-04-10 08:14:08.375809
25969,EXPO,Q5421507,instance_of,Q4830453,business,2026-04-10 08:14:08.375809
25970,FBNC,Q5452332,instance_of,Q891723,public company,2026-04-10 08:14:08.375809
25971,FBNC,Q5452332,instance_of,Q2512624,bank holding company,2026-04-10 08:14:08.375809
25972,FCNCA,Q5452733,instance_of,Q891723,public company,2026-04-10 08:14:08.375809
25973,FCNCA,Q5452733,instance_of,Q2512624,bank holding company,2026-04-10 08:14:08.375809
25974,FCNCA,Q5452733,instance_of,Q4830453,business,2026-04-10 08:14:08.375809
25975,FIVE,Q5455836,instance_of,Q261428,discount store,2026-04-10 08:14:08.375809
25976,FIVE,Q5455836,instance_of,Q891723,public company,2026-04-10 08:14:08.375809
25977,FIVE,Q5455836,instance_of,Q4830453,business,2026-04-10 08:14:08.375809
25978,FLL,Q5508083,instance_of,Q891723,public company,2026-04-10 08:14:08.375809
25979,FLL,Q5508083,instance_of,Q4830453,business,2026-04-10 08:14:08.375809
25980,EXPE,Q8085893,instance_of,Q891723,public company,2026-04-10 08:14:08.375809
25981,EXPE,Q8085893,instance_of,Q1276157,travel website,2026-04-10 08:14:08.375809
25982,EXPE,Q8085893,instance_of,Q4830453,business,2026-04-10 08:14:08.375809
25983,EXPE,Q8085893,instance_of,Q6881511,enterprise,2026-04-10 08:14:08.375809
25984,FCEL,Q16993862,instance_of,Q891723,public company,2026-04-10 08:14:08.375809
25985,FCEL,Q16993862,instance_of,Q4830453,business,2026-04-10 08:14:08.375809
25986,FARM,Q18148458,instance_of,Q891723,public company,2026-04-10 08:14:08.375809
25987,FARM,Q18148458,instance_of,Q4830453,business,2026-04-10 08:14:08.375809
25988,FANG,Q65091423,instance_of,Q891723,public company,2026-04-10 08:14:08.375809
25989,FANG,Q65091423,instance_of,Q14941854,oil company,2026-04-10 08:14:08.375809
25990,FIVN,Q105602379,instance_of,Q891723,public company,2026-04-10 08:14:08.375809
25991,FIVN,Q105602379,instance_of,Q4830453,business,2026-04-10 08:14:08.375809
25992,FDBC,Q124129932,instance_of,Q891723,public company,2026-04-10 08:14:08.375809
25993,FDBC,Q124129932,instance_of,Q2512624,bank holding company,2026-04-10 08:14:08.375809
25994,FDMT,Q124433826,instance_of,Q4830453,business,2026-04-10 08:14:08.375809
25995,FFBC,Q127690442,instance_of,Q891723,public company,2026-04-10 08:14:08.375809
25996,FFBC,Q127690442,instance_of,Q2512624,bank holding company,2026-04-10 08:14:08.375809
25997,FITB,Q130624258,instance_of,Q219577,holding company,2026-04-10 08:14:08.375809
25998,FITB,Q130624258,instance_of,Q891723,public company,2026-04-10 08:14:08.375809
26000,FFIV,Q3029296,part_of,Q242345,S&P 500,2026-04-10 08:14:08.375809
26002,FAST,Q3067119,part_of,Q242345,S&P 500,2026-04-10 08:14:08.375809
26015,EXPE,Q8085893,part_of,Q242345,S&P 500,2026-04-10 08:14:08.375809
26016,EXPE,Q8085893,part_of,Q507306,Nasdaq-100,2026-04-10 08:14:08.375809
26017,EXPE,Q8085893,part_of,Q108704461,list of companies operating in West Bank settlements,2026-04-10 08:14:08.375809
26020,FANG,Q65091423,part_of,Q242345,S&P 500,2026-04-10 08:14:08.375809
26025,FITB,Q130624258,part_of,Q242345,S&P 500,2026-04-10 08:14:08.375809
26028,EWBC,Q3046549,owned_by,EWBC,East West Bancorp,2026-04-10 08:14:08.375809
26226,FOSL,Q356212,products,Q178794,watch,2026-04-10 08:14:08.375809
26230,FTNT,Q2749364,products,Q7397,software,2026-04-10 08:14:08.375809
26231,FTNT,Q2749364,products,Q1546066,networking hardware,2026-04-10 08:14:08.375809
26232,FIBK,Q5453107,products,Q695430,transactional account,2026-04-10 08:14:08.375809
26233,FRME,Q5453261,products,Q22687,bank,2026-04-10 08:14:08.375809
26234,FOX,Q5476713,products,Q15078788,broadcasting,2026-04-10 08:14:08.375809
26235,FOXA,Q5476713,products,Q15078788,broadcasting,2026-04-10 08:14:08.375809
26236,FRPT,Q5503081,products,Q6648982,pet food,2026-04-10 08:14:08.375809
26237,FNKO,Q5509271,products,Q11422,toy,2026-04-10 08:14:08.375809
26240,FRSH,Q7132349,products,Q177,pizza,2026-04-10 08:14:08.375809
26241,FIZZ,Q15109910,products,Q147538,soft drink,2026-04-10 08:14:08.375809
26243,FOLD,Q18636342,products,Q679692,biopharmaceutical,2026-04-10 08:14:08.375809
26246,GDRX,Q30640316,products,Q125057484,GoodRx app,2026-04-10 08:14:08.375809
26307,FOXF,Q282997,instance_of,Q891723,public company,2026-04-10 08:14:08.375809
26308,FOXF,Q282997,instance_of,Q4830453,business,2026-04-10 08:14:08.375809
26309,FOXF,Q282997,instance_of,Q6881511,enterprise,2026-04-10 08:14:08.375809
26310,FOSL,Q356212,instance_of,Q891723,public company,2026-04-10 08:14:08.375809
26311,FOSL,Q356212,instance_of,Q4830453,business,2026-04-10 08:14:08.375809
26312,FOSL,Q356212,instance_of,Q6881511,enterprise,2026-04-10 08:14:08.375809
26313,FORR,Q829961,instance_of,Q891723,public company,2026-04-10 08:14:08.375809
26314,FORR,Q829961,instance_of,Q4830453,business,2026-04-10 08:14:08.375809
26315,FSLR,Q1138888,instance_of,Q891723,public company,2026-04-10 08:14:08.375809
26316,FSLR,Q1138888,instance_of,Q4830453,business,2026-04-10 08:14:08.375809
26317,FSLR,Q1138888,instance_of,Q6881511,enterprise,2026-04-10 08:14:08.375809
26318,FISV,Q1420513,instance_of,Q891723,public company,2026-04-10 08:14:08.375809
26319,FISV,Q1420513,instance_of,Q4830453,business,2026-04-10 08:14:08.375809
26320,FISV,Q1420513,instance_of,Q6881511,enterprise,2026-04-10 08:14:08.375809
26321,FTNT,Q2749364,instance_of,Q891723,public company,2026-04-10 08:14:08.375809
26322,FTNT,Q2749364,instance_of,Q4830453,business,2026-04-10 08:14:08.375809
26323,FIBK,Q5453107,instance_of,Q22687,bank,2026-04-10 08:14:08.375809
26324,FIBK,Q5453107,instance_of,Q891723,public company,2026-04-10 08:14:08.375809
26325,FIBK,Q5453107,instance_of,Q4830453,business,2026-04-10 08:14:08.375809
26326,FRME,Q5453261,instance_of,Q891723,public company,2026-04-10 08:14:08.375809
26327,FRME,Q5453261,instance_of,Q4830453,business,2026-04-10 08:14:08.375809
26328,FOX,Q5476713,instance_of,Q219577,holding company,2026-04-10 08:14:08.375809
26329,FOXA,Q5476713,instance_of,Q219577,holding company,2026-04-10 08:14:08.375809
26330,FOX,Q5476713,instance_of,Q375336,film studio,2026-04-10 08:14:08.375809
26331,FOXA,Q5476713,instance_of,Q375336,film studio,2026-04-10 08:14:08.375809
26332,FOX,Q5476713,instance_of,Q891723,public company,2026-04-10 08:14:08.375809
26333,FOXA,Q5476713,instance_of,Q891723,public company,2026-04-10 08:14:08.375809
26334,FOX,Q5476713,instance_of,Q1331793,media company,2026-04-10 08:14:08.375809
26335,FOXA,Q5476713,instance_of,Q1331793,media company,2026-04-10 08:14:08.375809
26336,FOX,Q5476713,instance_of,Q10689397,television production company,2026-04-10 08:14:08.375809
26337,FOXA,Q5476713,instance_of,Q10689397,television production company,2026-04-10 08:14:08.375809
26338,FRPT,Q5503081,instance_of,Q891723,public company,2026-04-10 08:14:08.375809
26339,FRPT,Q5503081,instance_of,Q4830453,business,2026-04-10 08:14:08.375809
26340,FNKO,Q5509271,instance_of,Q891723,public company,2026-04-10 08:14:08.375809
26341,FNKO,Q5509271,instance_of,Q4830453,business,2026-04-10 08:14:08.375809
26342,FNKO,Q5509271,instance_of,Q6881511,enterprise,2026-04-10 08:14:08.375809
26343,GAIA,Q5516980,instance_of,Q891723,public company,2026-04-10 08:14:08.375809
26344,GAIA,Q5516980,instance_of,Q4830453,business,2026-04-10 08:14:08.375809
26345,GAIA,Q5516980,instance_of,Q59152282,video streaming service,2026-04-10 08:14:08.375809
26346,GAME,Q5575439,instance_of,Q210167,video game developer,2026-04-10 08:14:08.375809
26347,GAME,Q5575439,instance_of,Q891723,public company,2026-04-10 08:14:08.375809
26348,FRSH,Q7132349,instance_of,Q891723,public company,2026-04-10 08:14:08.375809
26349,FRSH,Q7132349,instance_of,Q7677913,take and bake pizzeria,2026-04-10 08:14:08.375809
26350,FRSH,Q7132349,instance_of,Q18534542,restaurant chain,2026-04-10 08:14:08.375809
26351,FRSH,Q7132349,instance_of,Q18654742,pizzeria chain,2026-04-10 08:14:08.375809
26352,FIZZ,Q15109910,instance_of,Q891723,public company,2026-04-10 08:14:08.375809
26353,FIZZ,Q15109910,instance_of,Q4830453,business,2026-04-10 08:14:08.375809
26354,FRPH,Q18636301,instance_of,Q891723,public company,2026-04-10 08:14:08.375809
26355,FRPH,Q18636301,instance_of,Q4830453,business,2026-04-10 08:14:08.375809
26356,FOLD,Q18636342,instance_of,Q891723,public company,2026-04-10 08:14:08.375809
26357,FOLD,Q18636342,instance_of,Q4830453,business,2026-04-10 08:14:08.375809
26358,FRME,Q19572527,instance_of,Q22687,bank,2026-04-10 08:14:08.375809
26359,FRME,Q19572527,instance_of,Q891723,public company,2026-04-10 08:14:08.375809
26360,FRME,Q19572527,instance_of,Q4830453,business,2026-04-10 08:14:08.375809
26361,FRHC,Q21843099,instance_of,Q319845,investment bank,2026-04-10 08:14:08.375809
26362,FRHC,Q21843099,instance_of,Q891723,public company,2026-04-10 08:14:08.375809
26363,FRHC,Q21843099,instance_of,Q2073644,brokerage firm,2026-04-10 08:14:08.375809
26364,GDRX,Q30640316,instance_of,Q35127,website,2026-04-10 08:14:08.375809
26365,GDRX,Q30640316,instance_of,Q620615,mobile app,2026-04-10 08:14:08.375809
26366,GDRX,Q30640316,instance_of,Q891723,public company,2026-04-10 08:14:08.375809
26367,GDRX,Q30640316,instance_of,Q4830453,business,2026-04-10 08:14:08.375809
26368,FOX,Q60238941,instance_of,Q219577,holding company,2026-04-10 08:14:08.375809
26369,FOXA,Q60238941,instance_of,Q219577,holding company,2026-04-10 08:14:08.375809
26370,FOX,Q60238941,instance_of,Q891723,public company,2026-04-10 08:14:08.375809
26371,FOXA,Q60238941,instance_of,Q891723,public company,2026-04-10 08:14:08.375809
26372,FOX,Q60238941,instance_of,Q1331793,media company,2026-04-10 08:14:08.375809
26373,FOXA,Q60238941,instance_of,Q1331793,media company,2026-04-10 08:14:08.375809
26374,FLGT,Q66823616,instance_of,Q783794,company,2026-04-10 08:14:08.375809
26375,FLGT,Q66823616,instance_of,Q891723,public company,2026-04-10 08:14:08.375809
26376,FLGT,Q66823616,instance_of,Q4830453,business,2026-04-10 08:14:08.375809
26377,FTDR,Q111387671,instance_of,Q891723,public company,2026-04-10 08:14:08.375809
26378,FSUN,Q130482377,instance_of,Q2512624,bank holding company,2026-04-10 08:14:08.375809
26379,FRMI,Q137397138,instance_of,Q4830453,business,2026-04-10 08:14:08.375809
26384,FISV,Q1420513,part_of,Q242345,S&P 500,2026-04-10 08:14:08.375809
26385,FTNT,Q2749364,part_of,Q242345,S&P 500,2026-04-10 08:14:08.375809
26388,FOX,Q5476713,part_of,Q507306,Nasdaq-100,2026-04-10 08:14:08.375809
26389,FOXA,Q5476713,part_of,Q507306,Nasdaq-100,2026-04-10 08:14:08.375809
26392,GAIA,Q5516980,part_of,Q1969854,Natur-Aktien-Index,2026-04-10 08:14:08.375809
26401,FOX,Q60238941,part_of,Q242345,S&P 500,2026-04-10 08:14:08.375809
26402,FOXA,Q60238941,part_of,Q242345,S&P 500,2026-04-10 08:14:08.375809
26498,GOOGL,Q95,subsidiaries,MMI,nan,2026-04-10 08:14:08.375809
26568,GOOGL,Q20800404,subsidiaries,GOOGL,nan,2026-04-10 08:14:08.375809
26776,GOOGL,Q95,products,Q9334,,2026-04-10 08:14:08.375809
26777,GOOGL,Q95,products,Q9366,Google Search,2026-04-10 08:14:08.375809
26778,GOOGL,Q95,products,Q12013,,2026-04-10 08:14:08.375809
26779,GOOGL,Q95,products,Q51712,Google Voice,2026-04-10 08:14:08.375809
26780,GOOGL,Q95,products,Q271982,Google Ads,2026-04-10 08:14:08.375809
26781,GOOGL,Q95,products,Q4182287,search engine,2026-04-10 08:14:08.375809
26782,GOOGL,Q95,products,Q19834616,,2026-04-10 08:14:08.375809
26783,GOOGL,Q95,products,Q111897729,,2026-04-10 08:14:08.375809
26784,GOOGL,Q95,products,Q116698014,Gemini,2026-04-10 08:14:08.375809
26785,GOGO,Q27065,products,Q1239480,in-flight entertainment,2026-04-10 08:14:08.375809
26786,HAS,Q501476,products,Q7889,video game,2026-04-10 08:14:08.375809
26787,HAS,Q501476,products,Q11422,toy,2026-04-10 08:14:08.375809
26788,HAS,Q501476,products,Q131436,board game,2026-04-10 08:14:08.375809
26789,HAS,Q501476,products,Q142714,card game,2026-04-10 08:14:08.375809
26790,HAS,Q501476,products,Q160738,role-playing game,2026-04-10 08:14:08.375809
26791,HAS,Q501476,products,Q768186,sports equipment,2026-04-10 08:14:08.375809
26792,HAS,Q501476,products,Q1501543,wargame,2026-04-10 08:14:08.375809
26793,HAS,Q501476,products,Q1643932,tabletop role-playing game,2026-04-10 08:14:08.375809
26794,HAS,Q501476,products,Q2249149,electronic game,2026-04-10 08:14:08.375809
26795,GILD,Q663596,products,Q29004860,Atripla,2026-04-10 08:14:08.375809
26796,GILD,Q663596,products,Q29005711,Descovy,2026-04-10 08:14:08.375809
26797,GILD,Q663596,products,Q29005792,Emtriva,2026-04-10 08:14:08.375809
26798,GILD,Q663596,products,Q29005810,Epclusa,2026-04-10 08:14:08.375809
26799,GILD,Q663596,products,Q29005829,Eviplera,2026-04-10 08:14:08.375809
26800,GILD,Q663596,products,Q29005900,Genvoya,2026-04-10 08:14:08.375809
26801,GILD,Q663596,products,Q29005922,Harvoni,2026-04-10 08:14:08.375809
26802,GILD,Q663596,products,Q29006248,Odefsey,2026-04-10 08:14:08.375809
26803,GILD,Q663596,products,Q29006391,Ranexa,2026-04-10 08:14:08.375809
26804,GILD,Q663596,products,Q29006513,Stribild,2026-04-10 08:14:08.375809
26805,GILD,Q663596,products,Q29006607,Truvada,2026-04-10 08:14:08.375809
26806,GILD,Q663596,products,Q29006611,Tybost,2026-04-10 08:14:08.375809
26807,GILD,Q663596,products,Q29006657,Viread,2026-04-10 08:14:08.375809
26808,GILD,Q663596,products,Q29006763,Zydelig,2026-04-10 08:14:08.375809
26809,GILD,Q663596,products,Q30314851,axicabtagene ciloleucel,2026-04-10 08:14:08.375809
26810,GILD,Q663596,products,Q47521027,AmBisome,2026-04-10 08:14:08.375809
26811,GILD,Q663596,products,Q47521396,Complera,2026-04-10 08:14:08.375809
26812,GILD,Q663596,products,Q47521759,Letairis,2026-04-10 08:14:08.375809
26813,GILD,Q663596,products,Q47522279,Vemlidy,2026-04-10 08:14:08.375809
26814,GILD,Q663596,products,Q47522306,Vosevi,2026-04-10 08:14:08.375809
26815,GILD,Q663596,products,Q55086265,Bictegravir/emtricitabine/tenofovir alafenamide,2026-04-10 08:14:08.375809
26816,GEN,Q677085,products,Q7397,software,2026-04-10 08:14:08.375809
26817,GEN,Q677085,products,Q3878583,Norton,2026-04-10 08:14:08.375809
26818,GPRO,Q733482,products,Q62927,digital camera,2026-04-10 08:14:08.375809
26821,FULT,Q5508431,products,Q22687,bank,2026-04-10 08:14:08.375809
26825,GEVO,Q5554922,products,Q151797,isobutyl alcohol,2026-04-10 08:14:08.375809
26827,GPRE,Q5603070,products,Q194361,ethanol fuel,2026-04-10 08:14:08.375809
26832,GTLB,Q55589254,products,Q16639197,,2026-04-10 08:14:08.375809
26888,GOOGL,Q95,instance_of,Q891723,public company,2026-04-10 08:14:08.375809
26889,GOOGL,Q95,instance_of,Q4830453,business,2026-04-10 08:14:08.375809
26890,GOOGL,Q95,instance_of,Q5988403,identity provider,2026-04-10 08:14:08.375809
26891,GOOGL,Q95,instance_of,Q18388277,technology company,2026-04-10 08:14:08.375809
26892,GOOGL,Q95,instance_of,Q19967801,online service,2026-04-10 08:14:08.375809
26893,GOGO,Q27065,instance_of,Q891723,public company,2026-04-10 08:14:08.375809
26894,GOGO,Q27065,instance_of,Q4830453,business,2026-04-10 08:14:08.375809
26895,GOGO,Q27065,instance_of,Q6881511,enterprise,2026-04-10 08:14:08.375809
26896,HAS,Q501476,instance_of,Q891723,public company,2026-04-10 08:14:08.375809
26897,HAS,Q501476,instance_of,Q3579158,board game publishing company,2026-04-10 08:14:08.375809
26898,HAS,Q501476,instance_of,Q4830453,business,2026-04-10 08:14:08.375809
26899,HAS,Q501476,instance_of,Q6881511,enterprise,2026-04-10 08:14:08.375809
26900,GILD,Q663596,instance_of,Q891723,public company,2026-04-10 08:14:08.375809
26901,GILD,Q663596,instance_of,Q4830453,business,2026-04-10 08:14:08.375809
26902,GILD,Q663596,instance_of,Q6881511,enterprise,2026-04-10 08:14:08.375809
26903,GILD,Q663596,instance_of,Q19644607,pharmaceutical company,2026-04-10 08:14:08.375809
26904,GEN,Q677085,instance_of,Q1058914,software company,2026-04-10 08:14:08.375809
26905,GEN,Q677085,instance_of,Q4830453,business,2026-04-10 08:14:08.375809
26906,GEN,Q677085,instance_of,Q6881511,enterprise,2026-04-10 08:14:08.375809
26907,GPRO,Q733482,instance_of,Q167270,trademark,2026-04-10 08:14:08.375809
26908,GPRO,Q733482,instance_of,Q891723,public company,2026-04-10 08:14:08.375809
26909,GPRO,Q733482,instance_of,Q4830453,business,2026-04-10 08:14:08.375809
26910,GRPN,Q852787,instance_of,Q891723,public company,2026-04-10 08:14:08.375809
26911,GRPN,Q852787,instance_of,Q4830453,business,2026-04-10 08:14:08.375809
26912,GEHC,Q1152374,instance_of,Q4830453,business,2026-04-10 08:14:08.375809
26913,GEHC,Q1152374,instance_of,Q6881511,enterprise,2026-04-10 08:14:08.375809
26914,GEHC,Q1152374,instance_of,Q63383584,Indian medical surgical planning and 3D printing company,2026-04-10 08:14:08.375809
26915,FULT,Q5508431,instance_of,Q891723,public company,2026-04-10 08:14:08.375809
26916,FULT,Q5508431,instance_of,Q4830453,business,2026-04-10 08:14:08.375809
26917,GLIBA,Q5512990,instance_of,Q891723,public company,2026-04-10 08:14:08.375809
26918,GLIBA,Q5512990,instance_of,Q4830453,business,2026-04-10 08:14:08.375809
26919,GNTX,Q5533602,instance_of,Q891723,public company,2026-04-10 08:14:08.375809
26920,GNTX,Q5533602,instance_of,Q4830453,business,2026-04-10 08:14:08.375809
26921,GERN,Q5552410,instance_of,Q891723,public company,2026-04-10 08:14:08.375809
26922,GERN,Q5552410,instance_of,Q4830453,business,2026-04-10 08:14:08.375809
26923,GEVO,Q5554922,instance_of,Q891723,public company,2026-04-10 08:14:08.375809
26924,GEVO,Q5554922,instance_of,Q4830453,business,2026-04-10 08:14:08.375809
26925,GDEN,Q5579415,instance_of,Q891723,public company,2026-04-10 08:14:08.375809
26926,GDEN,Q5579415,instance_of,Q4830453,business,2026-04-10 08:14:08.375809
26927,GPRE,Q5603070,instance_of,Q891723,public company,2026-04-10 08:14:08.375809
26928,GO,Q5609934,instance_of,Q891723,public company,2026-04-10 08:14:08.375809
26929,GO,Q5609934,instance_of,Q18043413,supermarket chain,2026-04-10 08:14:08.375809
26930,GLPI,Q16251015,instance_of,Q891723,public company,2026-04-10 08:14:08.375809
26931,GLPI,Q16251015,instance_of,Q4830453,business,2026-04-10 08:14:08.375809
26932,GOOGL,Q20800404,instance_of,Q43229,organization,2026-04-10 08:14:08.375809
26933,GOOGL,Q20800404,instance_of,Q219577,holding company,2026-04-10 08:14:08.375809
26934,GOOGL,Q20800404,instance_of,Q891723,public company,2026-04-10 08:14:08.375809
26935,GOOGL,Q20800404,instance_of,Q4830453,business,2026-04-10 08:14:08.375809
26936,GH,Q53308751,instance_of,Q891723,public company,2026-04-10 08:14:08.375809
26937,GH,Q53308751,instance_of,Q4830453,business,2026-04-10 08:14:08.375809
26938,GTLB,Q55589254,instance_of,Q891723,public company,2026-04-10 08:14:08.375809
26939,GTLB,Q55589254,instance_of,Q1058914,software company,2026-04-10 08:14:08.375809
26940,GTLB,Q55589254,instance_of,Q67904121,CVE Numbering Authority,2026-04-10 08:14:08.375809
26941,GOCO,Q96379626,instance_of,Q891723,public company,2026-04-10 08:14:08.375809
26942,GOCO,Q96379626,instance_of,Q4830453,business,2026-04-10 08:14:08.375809
26943,GRAL,Q104875961,instance_of,Q4830453,business,2026-04-10 08:14:08.375809
26944,GLUE,Q115011580,instance_of,Q783794,company,2026-04-10 08:14:08.375809
26945,GLUE,Q115011580,instance_of,Q891723,public company,2026-04-10 08:14:08.375809
26946,GEOS,Q116275554,instance_of,Q4830453,business,2026-04-10 08:14:08.375809
26947,GSIT,Q137754661,instance_of,Q891723,public company,2026-04-10 08:14:08.375809
26948,GOOGL,Q95,part_of,Q30748112,Big Tech (web),2026-04-10 08:14:08.375809
26949,GOOGL,Q95,part_of,Q134661623,list of companies involved in the Gaza war,2026-04-10 08:14:08.375809
26951,HAS,Q501476,part_of,Q242345,S&P 500,2026-04-10 08:14:08.375809
26952,GILD,Q663596,part_of,Q242345,S&P 500,2026-04-10 08:14:08.375809
26953,GILD,Q663596,part_of,Q1546793,S&P 100,2026-04-10 08:14:08.375809
26954,GEN,Q677085,part_of,Q242345,S&P 500,2026-04-10 08:14:08.375809
26955,GEN,Q677085,part_of,Q507306,Nasdaq-100,2026-04-10 08:14:08.375809
26968,GOOGL,Q20800404,part_of,Q242345,S&P 500,2026-04-10 08:14:08.375809
26969,GOOGL,Q20800404,part_of,Q507306,Nasdaq-100,2026-04-10 08:14:08.375809
26970,GOOGL,Q20800404,part_of,Q773026,Dow Jones Global Titans 50,2026-04-10 08:14:08.375809
26971,GOOGL,Q20800404,part_of,Q1546793,S&P 100,2026-04-10 08:14:08.375809
26972,GOOGL,Q20800404,part_of,Q133989581,Silicon Six,2026-04-10 08:14:08.375809
26982,HAS,Q501476,owned_by,BLK,BlackRock,2026-04-10 08:14:08.375809
26986,GILD,Q663596,owned_by,BLK,BlackRock,2026-04-10 08:14:08.375809
26988,GEN,Q677085,owned_by,BLK,BlackRock,2026-04-10 08:14:08.375809
26995,GEHC,Q1152374,owned_by,GE,General Electric,2026-04-10 08:14:08.375809
27085,IAC,Q974846,subsidiaries,TREE,nan,2026-04-10 08:14:08.375809
27105,IBOC,Q6048685,subsidiaries,IBOC,nan,2026-04-10 08:14:08.375809
27170,GT,Q620875,products,Q169545,tire,2026-04-10 08:14:08.375809
27173,IAC,Q974846,products,Q1186952,interactive media,2026-04-10 08:14:08.375809
27176,GYRO,Q5625470,products,Q34486,helicopter,2026-04-10 08:14:08.375809
27245,GT,Q620875,instance_of,Q161726,multinational corporation,2026-04-10 08:14:08.375809
27246,GT,Q620875,instance_of,Q891723,public company,2026-04-10 08:14:08.375809
27247,GT,Q620875,instance_of,Q4830453,business,2026-04-10 08:14:08.375809
27248,GT,Q620875,instance_of,Q6881511,enterprise,2026-04-10 08:14:08.375809
27249,HBAN,Q798819,instance_of,Q22687,bank,2026-04-10 08:14:08.375809
27250,HBAN,Q798819,instance_of,Q650241,financial institution,2026-04-10 08:14:08.375809
27251,HBAN,Q798819,instance_of,Q891723,public company,2026-04-10 08:14:08.375809
27252,HBAN,Q798819,instance_of,Q4830453,business,2026-04-10 08:14:08.375809
27253,HSIC,Q905086,instance_of,Q891723,public company,2026-04-10 08:14:08.375809
27254,HSIC,Q905086,instance_of,Q4830453,business,2026-04-10 08:14:08.375809
27255,HSIC,Q905086,instance_of,Q6881511,enterprise,2026-04-10 08:14:08.375809
27256,IAC,Q974846,instance_of,Q219577,holding company,2026-04-10 08:14:08.375809
27257,IAC,Q974846,instance_of,Q891723,public company,2026-04-10 08:14:08.375809
27258,IAC,Q974846,instance_of,Q4830453,business,2026-04-10 08:14:08.375809
27259,IAC,Q974846,instance_of,Q6881511,enterprise,2026-04-10 08:14:08.375809
27260,HTZ,Q1543874,instance_of,Q291240,car rental company,2026-04-10 08:14:08.375809
27261,HTZ,Q1543874,instance_of,Q891723,public company,2026-04-10 08:14:08.375809
27262,HTZ,Q1543874,instance_of,Q4830453,business,2026-04-10 08:14:08.375809
27263,HTZ,Q1543874,instance_of,Q6881511,enterprise,2026-04-10 08:14:08.375809
27264,IBKR,Q3901581,instance_of,Q11691,stock exchange,2026-04-10 08:14:08.375809
27265,IBKR,Q3901581,instance_of,Q438711,alternative trading system,2026-04-10 08:14:08.375809
27266,IBKR,Q3901581,instance_of,Q891723,public company,2026-04-10 08:14:08.375809
27267,IBKR,Q3901581,instance_of,Q4830453,business,2026-04-10 08:14:08.375809
27268,GYRO,Q5625470,instance_of,Q891723,public company,2026-04-10 08:14:08.375809
27269,GYRO,Q5625470,instance_of,Q4830453,business,2026-04-10 08:14:08.375809
27270,HAIN,Q5639346,instance_of,Q891723,public company,2026-04-10 08:14:08.375809
27271,HAIN,Q5639346,instance_of,Q4830453,business,2026-04-10 08:14:08.375809
27272,HALO,Q5643474,instance_of,Q891723,public company,2026-04-10 08:14:08.375809
27273,HALO,Q5643474,instance_of,Q4830453,business,2026-04-10 08:14:08.375809
27274,HWC,Q5647025,instance_of,Q22687,bank,2026-04-10 08:14:08.375809
27275,HWC,Q5647025,instance_of,Q891723,public company,2026-04-10 08:14:08.375809
27276,HWC,Q5647025,instance_of,Q4830453,business,2026-04-10 08:14:08.375809
27277,HAFC,Q5648633,instance_of,Q891723,public company,2026-04-10 08:14:08.375809
27278,HAFC,Q5648633,instance_of,Q4830453,business,2026-04-10 08:14:08.375809
27279,HELE,Q5703474,instance_of,Q891723,public company,2026-04-10 08:14:08.375809
27280,HELE,Q5703474,instance_of,Q4830453,business,2026-04-10 08:14:08.375809
27281,ICFI,Q5969562,instance_of,Q891723,public company,2026-04-10 08:14:08.375809
27282,ICFI,Q5969562,instance_of,Q4830453,business,2026-04-10 08:14:08.375809
27283,IBCP,Q6016398,instance_of,Q891723,public company,2026-04-10 08:14:08.375809
27284,IBCP,Q6016398,instance_of,Q4830453,business,2026-04-10 08:14:08.375809
27285,IBOC,Q6048685,instance_of,Q891723,public company,2026-04-10 08:14:08.375809
27286,IBOC,Q6048685,instance_of,Q4830453,business,2026-04-10 08:14:08.375809
27287,HLIT,Q15109880,instance_of,Q891723,public company,2026-04-10 08:14:08.375809
27288,HLIT,Q15109880,instance_of,Q4830453,business,2026-04-10 08:14:08.375809
27289,HBIO,Q16994890,instance_of,Q891723,public company,2026-04-10 08:14:08.375809
27290,HBIO,Q16994890,instance_of,Q4830453,business,2026-04-10 08:14:08.375809
27291,HURN,Q17086972,instance_of,Q891723,public company,2026-04-10 08:14:08.375809
27292,HURN,Q17086972,instance_of,Q4830453,business,2026-04-10 08:14:08.375809
27293,HUBG,Q17183768,instance_of,Q891723,public company,2026-04-10 08:14:08.375809
27294,HUBG,Q17183768,instance_of,Q4830453,business,2026-04-10 08:14:08.375809
27295,HOOD,Q18155123,instance_of,Q891723,public company,2026-04-10 08:14:08.375809
27296,HOOD,Q18155123,instance_of,Q2073644,brokerage firm,2026-04-10 08:14:08.375809
27297,HOOD,Q18155123,instance_of,Q4830453,business,2026-04-10 08:14:08.375809
27298,HNST,Q18534725,instance_of,Q891723,public company,2026-04-10 08:14:08.375809
27299,HNST,Q18534725,instance_of,Q4830453,business,2026-04-10 08:14:08.375809
27300,HROW,Q22079529,instance_of,Q891723,public company,2026-04-10 08:14:08.375809
27301,HROW,Q22079529,instance_of,Q4830453,business,2026-04-10 08:14:08.375809
27302,HALO,Q30591272,instance_of,Q783794,company,2026-04-10 08:14:08.375809
27303,HALO,Q30591272,instance_of,Q891723,public company,2026-04-10 08:14:08.375809
27304,HLNE,Q119844805,instance_of,Q891723,public company,2026-04-10 08:14:08.375809
27305,HLNE,Q119844805,instance_of,Q4830453,business,2026-04-10 08:14:08.375809
27306,HUT,Q124249546,instance_of,Q4830453,business,2026-04-10 08:14:08.375809
27308,HBAN,Q798819,part_of,Q242345,S&P 500,2026-04-10 08:14:08.375809
27309,HSIC,Q905086,part_of,Q242345,S&P 500,2026-04-10 08:14:08.375809
27409,INTC,Q248,subsidiaries,MBLY,nan,2026-04-10 08:14:08.375809
27421,IHRT,Q477993,subsidiaries,CCO,nan,2026-04-10 08:14:08.375809
27450,INTC,Q248,investments,VUZI,nan,2026-04-10 08:14:08.375809
27508,INTC,Q248,products,Q137718033,,2026-04-10 08:14:08.375809
27509,IRDM,Q154387,products,Q2672736,Iridium satellite constellation,2026-04-10 08:14:08.375809
27512,INTU,Q1318848,products,Q7271951,QuickBooks,2026-04-10 08:14:08.375809
27513,INTU,Q1318848,products,Q14477864,TurboTax,2026-04-10 08:14:08.375809
27514,JACK,Q1538507,products,Q6663,hamburger,2026-04-10 08:14:08.375809
27516,ILMN,Q2068984,products,Q74657169,NovaSeq 6000,2026-04-10 08:14:08.375809
27517,ILMN,Q2068984,products,Q130728773,NovaSeq X Plus,2026-04-10 08:14:08.375809
27518,ILMN,Q2068984,products,Q130728830,NovaSeq X,2026-04-10 08:14:08.375809
27519,ISRG,Q2743863,products,Q2323044,Da Vinci Surgical System,2026-04-10 08:14:08.375809
27520,JAKK,Q4474231,products,Q11422,toy,2026-04-10 08:14:08.375809
27521,INBK,Q5453106,products,Q1227557,direct bank,2026-04-10 08:14:08.375809
27523,IPGP,Q5973024,products,Q137718463,,2026-04-10 08:14:08.375809
27524,ICON,Q5986662,products,Q11460,clothing,2026-04-10 08:14:08.375809
27529,IDCC,Q6044894,products,Q276099,research and development,2026-04-10 08:14:08.375809
27530,IBOC,Q6048697,products,Q22687,bank,2026-04-10 08:14:08.375809
27533,IOSP,Q15109891,products,Q2309453,specialty chemicals,2026-04-10 08:14:08.375809
27586,INTC,Q248,instance_of,Q891723,public company,2026-04-10 08:14:08.375809
27587,INTC,Q248,instance_of,Q4830453,business,2026-04-10 08:14:08.375809
27588,IRDM,Q154387,instance_of,Q891723,public company,2026-04-10 08:14:08.375809
27589,IRDM,Q154387,instance_of,Q1941618,mobile network operator,2026-04-10 08:14:08.375809
27590,IRDM,Q154387,instance_of,Q4830453,business,2026-04-10 08:14:08.375809
27591,IRDM,Q154387,instance_of,Q6881511,enterprise,2026-04-10 08:14:08.375809
27592,JBLU,Q161086,instance_of,Q43229,organization,2026-04-10 08:14:08.375809
27593,JBLU,Q161086,instance_of,Q46970,airline,2026-04-10 08:14:08.375809
27594,JBLU,Q161086,instance_of,Q891723,public company,2026-04-10 08:14:08.375809
27595,IHRT,Q477993,instance_of,Q219577,holding company,2026-04-10 08:14:08.375809
27596,IHRT,Q477993,instance_of,Q891723,public company,2026-04-10 08:14:08.375809
27597,IHRT,Q477993,instance_of,Q4830453,business,2026-04-10 08:14:08.375809
27598,IHRT,Q477993,instance_of,Q6881511,enterprise,2026-04-10 08:14:08.375809
27599,INTU,Q1318848,instance_of,Q891723,public company,2026-04-10 08:14:08.375809
27600,INTU,Q1318848,instance_of,Q1058914,software company,2026-04-10 08:14:08.375809
27601,INTU,Q1318848,instance_of,Q4830453,business,2026-04-10 08:14:08.375809
27602,INTU,Q1318848,instance_of,Q6881511,enterprise,2026-04-10 08:14:08.375809
27603,JACK,Q1538507,instance_of,Q891723,public company,2026-04-10 08:14:08.375809
27604,JACK,Q1538507,instance_of,Q18509232,fast food restaurant chain,2026-04-10 08:14:08.375809
27605,IDXX,Q1758392,instance_of,Q891723,public company,2026-04-10 08:14:08.375809
27606,IDXX,Q1758392,instance_of,Q4830453,business,2026-04-10 08:14:08.375809
27607,ILMN,Q2068984,instance_of,Q783794,company,2026-04-10 08:14:08.375809
27608,ILMN,Q2068984,instance_of,Q891723,public company,2026-04-10 08:14:08.375809
27609,ILMN,Q2068984,instance_of,Q4830453,business,2026-04-10 08:14:08.375809
27610,ILMN,Q2068984,instance_of,Q6881511,enterprise,2026-04-10 08:14:08.375809
27611,ISRG,Q2743863,instance_of,Q891723,public company,2026-04-10 08:14:08.375809
27612,ISRG,Q2743863,instance_of,Q4830453,business,2026-04-10 08:14:08.375809
27613,ISRG,Q2743863,instance_of,Q63383584,Indian medical surgical planning and 3D printing company,2026-04-10 08:14:08.375809
27614,JAKK,Q4474231,instance_of,Q891723,public company,2026-04-10 08:14:08.375809
27615,JAKK,Q4474231,instance_of,Q4830453,business,2026-04-10 08:14:08.375809
27616,INBK,Q5453106,instance_of,Q891723,public company,2026-04-10 08:14:08.375809
27617,INBK,Q5453106,instance_of,Q4830453,business,2026-04-10 08:14:08.375809
27618,ICUI,Q5969799,instance_of,Q891723,public company,2026-04-10 08:14:08.375809
27619,ICUI,Q5969799,instance_of,Q4830453,business,2026-04-10 08:14:08.375809
27620,IPGP,Q5973024,instance_of,Q891723,public company,2026-04-10 08:14:08.375809
27621,IPGP,Q5973024,instance_of,Q4830453,business,2026-04-10 08:14:08.375809
27622,IPGP,Q5973024,instance_of,Q6881511,enterprise,2026-04-10 08:14:08.375809
27623,ICON,Q5986662,instance_of,Q891723,public company,2026-04-10 08:14:08.375809
27624,ICON,Q5986662,instance_of,Q4830453,business,2026-04-10 08:14:08.375809
27625,ICON,Q5986662,instance_of,Q6881511,enterprise,2026-04-10 08:14:08.375809
27626,INCY,Q6015591,instance_of,Q891723,public company,2026-04-10 08:14:08.375809
27627,INCY,Q6015591,instance_of,Q4830453,business,2026-04-10 08:14:08.375809
27628,INCY,Q6015591,instance_of,Q6881511,enterprise,2026-04-10 08:14:08.375809
27629,IMKTA,Q6032595,instance_of,Q891723,public company,2026-04-10 08:14:08.375809
27630,IMKTA,Q6032595,instance_of,Q18043413,supermarket chain,2026-04-10 08:14:08.375809
27631,INOD,Q6036100,instance_of,Q891723,public company,2026-04-10 08:14:08.375809
27632,INOD,Q6036100,instance_of,Q4830453,business,2026-04-10 08:14:08.375809
27633,IESC,Q6042841,instance_of,Q891723,public company,2026-04-10 08:14:08.375809
27634,IESC,Q6042841,instance_of,Q4830453,business,2026-04-10 08:14:08.375809
27635,IDCC,Q6044894,instance_of,Q891723,public company,2026-04-10 08:14:08.375809
27636,IDCC,Q6044894,instance_of,Q4830453,business,2026-04-10 08:14:08.375809
27637,IBOC,Q6048697,instance_of,Q891723,public company,2026-04-10 08:14:08.375809
27638,IBOC,Q6048697,instance_of,Q4830453,business,2026-04-10 08:14:08.375809
27639,INDB,Q7355463,instance_of,Q22687,bank,2026-04-10 08:14:08.375809
27640,INDB,Q7355463,instance_of,Q891723,public company,2026-04-10 08:14:08.375809
27641,INDB,Q7355463,instance_of,Q4830453,business,2026-04-10 08:14:08.375809
27642,IMMR,Q10534742,instance_of,Q891723,public company,2026-04-10 08:14:08.375809
27643,IMMR,Q10534742,instance_of,Q4830453,business,2026-04-10 08:14:08.375809
27644,IOSP,Q15109891,instance_of,Q891723,public company,2026-04-10 08:14:08.375809
27645,IOSP,Q15109891,instance_of,Q4830453,business,2026-04-10 08:14:08.375809
27646,IRWD,Q16997309,instance_of,Q891723,public company,2026-04-10 08:14:08.375809
27647,IRWD,Q16997309,instance_of,Q4830453,business,2026-04-10 08:14:08.375809
27648,IOVA,Q85769888,instance_of,Q891723,public company,2026-04-10 08:14:08.375809
27649,IOVA,Q85769888,instance_of,Q4830453,business,2026-04-10 08:14:08.375809
27650,INTC,Q248,part_of,Q180816,Dow Jones Industrial Average,2026-04-10 08:14:08.375809
27651,INTC,Q248,part_of,Q242345,S&P 500,2026-04-10 08:14:08.375809
27652,INTC,Q248,part_of,Q507306,Nasdaq-100,2026-04-10 08:14:08.375809
27653,INTC,Q248,part_of,Q773026,Dow Jones Global Titans 50,2026-04-10 08:14:08.375809
27654,INTC,Q248,part_of,Q1546793,S&P 100,2026-04-10 08:14:08.375809
27658,INTU,Q1318848,part_of,Q242345,S&P 500,2026-04-10 08:14:08.375809
27659,INTU,Q1318848,part_of,Q1546793,S&P 100,2026-04-10 08:14:08.375809
27661,IDXX,Q1758392,part_of,Q242345,S&P 500,2026-04-10 08:14:08.375809
27662,ILMN,Q2068984,part_of,Q242345,S&P 500,2026-04-10 08:14:08.375809
27663,ISRG,Q2743863,part_of,Q242345,S&P 500,2026-04-10 08:14:08.375809
27664,ISRG,Q2743863,part_of,Q1546793,S&P 100,2026-04-10 08:14:08.375809
27668,IPGP,Q5973024,part_of,Q242345,S&P 500,2026-04-10 08:14:08.375809
27670,INCY,Q6015591,part_of,Q242345,S&P 500,2026-04-10 08:14:08.375809
27681,INTC,Q248,owned_by,BLK,BlackRock,2026-04-10 08:14:08.375809
27843,LE,Q839555,products,Q11460,clothing,2026-04-10 08:14:08.375809
27845,KOSS,Q1672602,products,Q186819,headphone,2026-04-10 08:14:08.375809
27846,KTCC,Q1740323,products,Q250,computer keyboard,2026-04-10 08:14:08.375809
27848,LAMR,Q3216588,products,Q623149,billboard,2026-04-10 08:14:08.375809
27849,LAMR,Q3216588,products,Q5276042,Digital billboard,2026-04-10 08:14:08.375809
27854,KALU,Q6348410,products,Q663,aluminium,2026-04-10 08:14:08.375809
27861,KHC,Q19681433,products,Q178143,ketchup,2026-04-10 08:14:08.375809
27862,KHC,Q19681433,products,Q178359,sauce,2026-04-10 08:14:08.375809
27863,KHC,Q19681433,products,Q37945592,,2026-04-10 08:14:08.375809
27919,KLAC,Q624649,instance_of,Q891723,public company,2026-04-10 08:14:08.375809
27920,KLAC,Q624649,instance_of,Q4830453,business,2026-04-10 08:14:08.375809
27921,LAUR,Q689475,instance_of,Q891723,public company,2026-04-10 08:14:08.375809
27922,LAUR,Q689475,instance_of,Q10829188,international university,2026-04-10 08:14:08.375809
27923,LAUR,Q689475,instance_of,Q45400320,open-access publisher,2026-04-10 08:14:08.375809
27924,LAUR,Q689475,instance_of,Q57285129,education company,2026-04-10 08:14:08.375809
27925,LE,Q839555,instance_of,Q891723,public company,2026-04-10 08:14:08.375809
27926,LE,Q839555,instance_of,Q4830453,business,2026-04-10 08:14:08.375809
27927,KELYA,Q1538585,instance_of,Q59545,temporary work agency,2026-04-10 08:14:08.375809
27928,KELYA,Q1538585,instance_of,Q891723,public company,2026-04-10 08:14:08.375809
27929,KELYA,Q1538585,instance_of,Q4830453,business,2026-04-10 08:14:08.375809
27930,KELYA,Q1538585,instance_of,Q17175443,recruitment agency,2026-04-10 08:14:08.375809
27931,KOSS,Q1672602,instance_of,Q891723,public company,2026-04-10 08:14:08.375809
27932,KOSS,Q1672602,instance_of,Q4830453,business,2026-04-10 08:14:08.375809
27933,KTCC,Q1740323,instance_of,Q891723,public company,2026-04-10 08:14:08.375809
27934,KTCC,Q1740323,instance_of,Q4830453,business,2026-04-10 08:14:08.375809
27935,KDP,Q3116111,instance_of,Q891723,public company,2026-04-10 08:14:08.375809
27936,KDP,Q3116111,instance_of,Q4830453,business,2026-04-10 08:14:08.375809
27937,KDP,Q3116111,instance_of,Q6881511,enterprise,2026-04-10 08:14:08.375809
27938,LAMR,Q3216588,instance_of,Q891723,public company,2026-04-10 08:14:08.375809
27939,LAMR,Q3216588,instance_of,Q4830453,business,2026-04-10 08:14:08.375809
27940,JBHT,Q4041705,instance_of,Q891723,public company,2026-04-10 08:14:08.375809
27941,JBHT,Q4041705,instance_of,Q4830453,business,2026-04-10 08:14:08.375809
27942,ITRI,Q5923178,instance_of,Q891723,public company,2026-04-10 08:14:08.375809
27943,ITRI,Q5923178,instance_of,Q4830453,business,2026-04-10 08:14:08.375809
27944,JJSF,Q6109309,instance_of,Q891723,public company,2026-04-10 08:14:08.375809
27945,JJSF,Q6109309,instance_of,Q4830453,business,2026-04-10 08:14:08.375809
27946,JKHY,Q6113060,instance_of,Q891723,public company,2026-04-10 08:14:08.375809
27947,JKHY,Q6113060,instance_of,Q4830453,business,2026-04-10 08:14:08.375809
27948,KALU,Q6348410,instance_of,Q891723,public company,2026-04-10 08:14:08.375809
27949,KALU,Q6348410,instance_of,Q4830453,business,2026-04-10 08:14:08.375809
27950,KTOS,Q16858667,instance_of,Q891723,public company,2026-04-10 08:14:08.375809
27951,KTOS,Q16858667,instance_of,Q4830453,business,2026-04-10 08:14:08.375809
27952,KINS,Q16998439,instance_of,Q891723,public company,2026-04-10 08:14:08.375809
27953,KINS,Q16998439,instance_of,Q4830453,business,2026-04-10 08:14:08.375809
27954,KOPN,Q16998645,instance_of,Q891723,public company,2026-04-10 08:14:08.375809
27955,KOPN,Q16998645,instance_of,Q4830453,business,2026-04-10 08:14:08.375809
27956,KLIC,Q17063707,instance_of,Q891723,public company,2026-04-10 08:14:08.375809
27957,KLIC,Q17063707,instance_of,Q4830453,business,2026-04-10 08:14:08.375809
27958,LAB,Q19647855,instance_of,Q891723,public company,2026-04-10 08:14:08.375809
27959,LAB,Q19647855,instance_of,Q4830453,business,2026-04-10 08:14:08.375809
27960,JOUT,Q19654979,instance_of,Q891723,public company,2026-04-10 08:14:08.375809
27961,JOUT,Q19654979,instance_of,Q4830453,business,2026-04-10 08:14:08.375809
27962,KHC,Q19681433,instance_of,Q43229,organization,2026-04-10 08:14:08.375809
27963,KHC,Q19681433,instance_of,Q891723,public company,2026-04-10 08:14:08.375809
27964,KHC,Q19681433,instance_of,Q4830453,business,2026-04-10 08:14:08.375809
27965,KHC,Q19681433,instance_of,Q6881511,enterprise,2026-04-10 08:14:08.375809
27966,KURA,Q30269121,instance_of,Q4830453,business,2026-04-10 08:14:08.375809
27967,LBRDA,Q105964823,instance_of,Q783794,company,2026-04-10 08:14:08.375809
27968,LBRDA,Q105964823,instance_of,Q891723,public company,2026-04-10 08:14:08.375809
27969,LBRDA,Q105964823,instance_of,Q4830453,business,2026-04-10 08:14:08.375809
27970,KRUS,Q108415503,instance_of,Q891723,public company,2026-04-10 08:14:08.375809
27971,KRUS,Q108415503,instance_of,Q18534542,restaurant chain,2026-04-10 08:14:08.375809
27972,KYMR,Q113503520,instance_of,Q891723,public company,2026-04-10 08:14:08.375809
27973,KRYS,Q124665205,instance_of,Q4830453,business,2026-04-10 08:14:08.375809
27974,KLAC,Q624649,part_of,Q242345,S&P 500,2026-04-10 08:14:08.375809
27980,KDP,Q3116111,part_of,Q1969854,Natur-Aktien-Index,2026-04-10 08:14:08.375809
27982,JBHT,Q4041705,part_of,Q242345,S&P 500,2026-04-10 08:14:08.375809
27985,JKHY,Q6113060,part_of,Q242345,S&P 500,2026-04-10 08:14:08.375809
27993,KHC,Q19681433,part_of,Q242345,S&P 500,2026-04-10 08:14:08.375809
27994,KHC,Q19681433,part_of,Q507306,Nasdaq-100,2026-04-10 08:14:08.375809
28019,KHC,Q19681433,owned_by,BRK.A,Berkshire Hathaway,2026-04-10 08:14:08.375809
28154,LSCC,Q747207,products,Q1063837,programmable logic device,2026-04-10 08:14:08.375809
28157,LOCO,Q2353849,products,Q864693,chicken as food,2026-04-10 08:14:08.375809
28158,LNT,Q4732492,products,Q12725,electricity,2026-04-10 08:14:08.375809
28164,LFUS,Q6648755,products,Q182221,fuse,2026-04-10 08:14:08.375809
28168,LULU,Q6702957,products,Q645292,sportswear,2026-04-10 08:14:08.375809
28171,LKQ,Q20711490,products,Q6405028,automotive part,2026-04-10 08:14:08.375809
28172,LKQ,Q20711490,products,Q116517986,car repair,2026-04-10 08:14:08.375809
28231,LSCC,Q747207,instance_of,Q891723,public company,2026-04-10 08:14:08.375809
28232,LSCC,Q747207,instance_of,Q4830453,business,2026-04-10 08:14:08.375809
28233,LSCC,Q747207,instance_of,Q6881511,enterprise,2026-04-10 08:14:08.375809
28234,LRCX,Q1342041,instance_of,Q891723,public company,2026-04-10 08:14:08.375809
28235,LRCX,Q1342041,instance_of,Q4830453,business,2026-04-10 08:14:08.375809
28236,LIFE,Q1824441,instance_of,Q891723,public company,2026-04-10 08:14:08.375809
28237,LIFE,Q1824441,instance_of,Q4830453,business,2026-04-10 08:14:08.375809
28238,LIFE,Q1824441,instance_of,Q6881511,enterprise,2026-04-10 08:14:08.375809
28239,LIFE,Q1824441,instance_of,Q90298876,biotechnology company,2026-04-10 08:14:08.375809
28240,LOCO,Q2353849,instance_of,Q891723,public company,2026-04-10 08:14:08.375809
28241,LOCO,Q2353849,instance_of,Q18509232,fast food restaurant chain,2026-04-10 08:14:08.375809
28242,LNT,Q4732492,instance_of,Q891723,public company,2026-04-10 08:14:08.375809
28243,LNT,Q4732492,instance_of,Q4830453,business,2026-04-10 08:14:08.375809
28244,LGIH,Q6458324,instance_of,Q891723,public company,2026-04-10 08:14:08.375809
28245,LGIH,Q6458324,instance_of,Q4830453,business,2026-04-10 08:14:08.375809
28246,LPLA,Q6459734,instance_of,Q891723,public company,2026-04-10 08:14:08.375809
28247,LPLA,Q6459734,instance_of,Q4830453,business,2026-04-10 08:14:08.375809
28248,LSTR,Q6485221,instance_of,Q891723,public company,2026-04-10 08:14:08.375809
28249,LSTR,Q6485221,instance_of,Q4830453,business,2026-04-10 08:14:08.375809
28250,LZ,Q6517346,instance_of,Q35127,website,2026-04-10 08:14:08.375809
28251,LZ,Q6517346,instance_of,Q1391080,business software,2026-04-10 08:14:08.375809
28252,LZ,Q6517346,instance_of,Q4830453,business,2026-04-10 08:14:08.375809
28253,LINC,Q6550684,instance_of,Q3918,university,2026-04-10 08:14:08.375809
28254,LINC,Q6550684,instance_of,Q891723,public company,2026-04-10 08:14:08.375809
28255,LFUS,Q6648755,instance_of,Q891723,public company,2026-04-10 08:14:08.375809
28256,LFUS,Q6648755,instance_of,Q4830453,business,2026-04-10 08:14:08.375809
28257,LPSN,Q6654568,instance_of,Q891723,public company,2026-04-10 08:14:08.375809
28258,LPSN,Q6654568,instance_of,Q1194970,dot-com company,2026-04-10 08:14:08.375809
28259,LOOP,Q6675775,instance_of,Q891723,public company,2026-04-10 08:14:08.375809
28260,LOOP,Q6675775,instance_of,Q3390477,online marketplace,2026-04-10 08:14:08.375809
28261,LOOP,Q6675775,instance_of,Q4830453,business,2026-04-10 08:14:08.375809
28262,LOOP,Q6675775,instance_of,Q61061942,online real estate database,2026-04-10 08:14:08.375809
28263,LOVE,Q6690181,instance_of,Q783794,company,2026-04-10 08:14:08.375809
28264,LOVE,Q6690181,instance_of,Q891723,public company,2026-04-10 08:14:08.375809
28265,LULU,Q6702957,instance_of,Q891723,public company,2026-04-10 08:14:08.375809
28266,LULU,Q6702957,instance_of,Q4830453,business,2026-04-10 08:14:08.375809
28267,LULU,Q6702957,instance_of,Q6881511,enterprise,2026-04-10 08:14:08.375809
28268,LULU,Q6702957,instance_of,Q76213285,clothing store chain,2026-04-10 08:14:08.375809
28269,LFVN,Q7251172,instance_of,Q891723,public company,2026-04-10 08:14:08.375809
28270,LFVN,Q7251172,instance_of,Q29643579,multi-level marketing company,2026-04-10 08:14:08.375809
28271,LAKE,Q16999030,instance_of,Q891723,public company,2026-04-10 08:14:08.375809
28272,LAKE,Q16999030,instance_of,Q4830453,business,2026-04-10 08:14:08.375809
28273,LKQ,Q20711490,instance_of,Q891723,public company,2026-04-10 08:14:08.375809
28274,LKQ,Q20711490,instance_of,Q4830453,business,2026-04-10 08:14:08.375809
28275,LCID,Q28027517,instance_of,Q786820,automobile manufacturer,2026-04-10 08:14:08.375809
28276,LCID,Q28027517,instance_of,Q891723,public company,2026-04-10 08:14:08.375809
28277,LOPE,Q33129672,instance_of,Q149789,limited liability company,2026-04-10 08:14:08.375809
28278,LOPE,Q33129672,instance_of,Q891723,public company,2026-04-10 08:14:08.375809
28279,LOPE,Q33129672,instance_of,Q57655560,corporation,2026-04-10 08:14:08.375809
28280,LOCO,Q65090628,instance_of,Q18534542,restaurant chain,2026-04-10 08:14:08.375809
28281,LIND,Q91387266,instance_of,Q891723,public company,2026-04-10 08:14:08.375809
28282,LIND,Q91387266,instance_of,Q946499,cruise line,2026-04-10 08:14:08.375809
28283,LIND,Q91387266,instance_of,Q4830453,business,2026-04-10 08:14:08.375809
28284,LITE,Q106253770,instance_of,Q891723,public company,2026-04-10 08:14:08.375809
28285,LMB,Q120946412,instance_of,Q4830453,business,2026-04-10 08:14:08.375809
28286,LRHC,Q124635501,instance_of,Q4830453,business,2026-04-10 08:14:08.375809
28288,LRCX,Q1342041,part_of,Q242345,S&P 500,2026-04-10 08:14:08.375809
28291,LNT,Q4732492,part_of,Q242345,S&P 500,2026-04-10 08:14:08.375809
28304,LKQ,Q20711490,part_of,Q242345,S&P 500,2026-04-10 08:14:08.375809
28324,LOOP,Q6675775,owned_by,CSGP,CoStar Group,2026-04-10 08:14:08.375809
28445,MBLY,Q116985634,subsidiaries,MBLY,nan,2026-04-10 08:14:08.375809
28512,MAT,Q596139,products,Q7397,software,2026-04-10 08:14:08.375809
28513,MAT,Q596139,products,Q131436,board game,2026-04-10 08:14:08.375809
28514,MAT,Q596139,products,Q168658,doll,2026-04-10 08:14:08.375809
28516,MAR,Q1141173,products,Q27686,hotel,2026-04-10 08:14:08.375809
28517,MAR,Q1141173,products,Q171947,franchising,2026-04-10 08:14:08.375809
28518,MAR,Q1141173,products,Q875157,resort,2026-04-10 08:14:08.375809
28519,MERC,Q1391599,products,Q873442,asset management,2026-04-10 08:14:08.375809
28520,MCHP,Q1545076,products,Q165678,microcontroller,2026-04-10 08:14:08.375809
28525,LWAY,Q6545549,products,Q185749,kefir,2026-04-10 08:14:08.375809
28526,MBUU,Q6743395,products,Q622416,motorboat,2026-04-10 08:14:08.375809
28528,MDLZ,Q12857502,products,Q941518,comfit,2026-04-10 08:14:08.375809
28536,LUNR,Q60760151,products,Q60760134,Nova-C,2026-04-10 08:14:08.375809
28592,MAT,Q596139,instance_of,Q891723,public company,2026-04-10 08:14:08.375809
28593,MAT,Q596139,instance_of,Q3579158,board game publishing company,2026-04-10 08:14:08.375809
28594,MAT,Q596139,instance_of,Q4830453,business,2026-04-10 08:14:08.375809
28595,MAT,Q596139,instance_of,Q13235160,manufacturer,2026-04-10 08:14:08.375809
28596,MELI,Q950419,instance_of,Q891723,public company,2026-04-10 08:14:08.375809
28597,MELI,Q950419,instance_of,Q4830453,business,2026-04-10 08:14:08.375809
28598,MELI,Q950419,instance_of,Q6881511,enterprise,2026-04-10 08:14:08.375809
28599,MAR,Q1141173,instance_of,Q891723,public company,2026-04-10 08:14:08.375809
28600,MAR,Q1141173,instance_of,Q1631129,hotel chain,2026-04-10 08:14:08.375809
28601,MAR,Q1141173,instance_of,Q4830453,business,2026-04-10 08:14:08.375809
28602,MAR,Q1141173,instance_of,Q6881511,enterprise,2026-04-10 08:14:08.375809
28603,MERC,Q1391599,instance_of,Q891723,public company,2026-04-10 08:14:08.375809
28604,MERC,Q1391599,instance_of,Q4830453,business,2026-04-10 08:14:08.375809
28605,MERC,Q1391599,instance_of,Q6881511,enterprise,2026-04-10 08:14:08.375809
28606,MCHP,Q1545076,instance_of,Q891723,public company,2026-04-10 08:14:08.375809
28607,MCHP,Q1545076,instance_of,Q4830453,business,2026-04-10 08:14:08.375809
28608,MCHP,Q1545076,instance_of,Q6881511,enterprise,2026-04-10 08:14:08.375809
28609,MCHP,Q1545076,instance_of,Q18388277,technology company,2026-04-10 08:14:08.375809
28610,MBLY,Q2901365,instance_of,Q891723,public company,2026-04-10 08:14:08.375809
28611,MBLY,Q2901365,instance_of,Q4830453,business,2026-04-10 08:14:08.375809
28612,MANH,Q3285819,instance_of,Q891723,public company,2026-04-10 08:14:08.375809
28613,MANH,Q3285819,instance_of,Q4830453,business,2026-04-10 08:14:08.375809
28614,MCRI,Q4816705,instance_of,Q27686,hotel,2026-04-10 08:14:08.375809
28615,MCRI,Q4816705,instance_of,Q891723,public company,2026-04-10 08:14:08.375809
28616,LXRX,Q6537727,instance_of,Q891723,public company,2026-04-10 08:14:08.375809
28617,LXRX,Q6537727,instance_of,Q4830453,business,2026-04-10 08:14:08.375809
28618,LWAY,Q6545549,instance_of,Q891723,public company,2026-04-10 08:14:08.375809
28619,LWAY,Q6545549,instance_of,Q4830453,business,2026-04-10 08:14:08.375809
28620,MBUU,Q6743395,instance_of,Q891723,public company,2026-04-10 08:14:08.375809
28621,MBUU,Q6743395,instance_of,Q4830453,business,2026-04-10 08:14:08.375809
28622,MBUU,Q6743395,instance_of,Q73126803,boat manufacturing company,2026-04-10 08:14:08.375809
28623,MASI,Q6783278,instance_of,Q891723,public company,2026-04-10 08:14:08.375809
28624,MASI,Q6783278,instance_of,Q4830453,business,2026-04-10 08:14:08.375809
28625,MDLZ,Q12857502,instance_of,Q762548,chocolaterie,2026-04-10 08:14:08.375809
28626,MDLZ,Q12857502,instance_of,Q891723,public company,2026-04-10 08:14:08.375809
28627,MDLZ,Q12857502,instance_of,Q1252971,food manufacturer,2026-04-10 08:14:08.375809
28628,MDLZ,Q12857502,instance_of,Q4830453,business,2026-04-10 08:14:08.375809
28629,MEOH,Q13529431,instance_of,Q891723,public company,2026-04-10 08:14:08.375809
28630,MEOH,Q13529431,instance_of,Q4830453,business,2026-04-10 08:14:08.375809
28631,MAYS,Q15109897,instance_of,Q891723,public company,2026-04-10 08:14:08.375809
28632,MAYS,Q15109897,instance_of,Q4830453,business,2026-04-10 08:14:08.375809
28633,LYFT,Q17077936,instance_of,Q27973,ridesharing company,2026-04-10 08:14:08.375809
28634,LYFT,Q17077936,instance_of,Q891723,public company,2026-04-10 08:14:08.375809
28635,LYFT,Q17077936,instance_of,Q6881511,enterprise,2026-04-10 08:14:08.375809
28636,MCHX,Q17078915,instance_of,Q891723,public company,2026-04-10 08:14:08.375809
28637,MCHX,Q17078915,instance_of,Q4830453,business,2026-04-10 08:14:08.375809
28638,MAKO,Q17107854,instance_of,Q891723,public company,2026-04-10 08:14:08.375809
28639,MAKO,Q17107854,instance_of,Q4830453,business,2026-04-10 08:14:08.375809
28640,MAKO,Q17107854,instance_of,Q63383584,Indian medical surgical planning and 3D printing company,2026-04-10 08:14:08.375809
28641,MCBS,Q54622171,instance_of,Q22687,bank,2026-04-10 08:14:08.375809
28642,MARA,Q60749208,instance_of,Q7144500,patent holding company,2026-04-10 08:14:08.375809
28643,LUNR,Q60760151,instance_of,Q783794,company,2026-04-10 08:14:08.375809
28644,LUNR,Q60760151,instance_of,Q4830453,business,2026-04-10 08:14:08.375809
28645,MATW,Q110220617,instance_of,Q891723,public company,2026-04-10 08:14:08.375809
28646,MATW,Q110220617,instance_of,Q13235160,manufacturer,2026-04-10 08:14:08.375809
28647,MIRM,Q113503532,instance_of,Q891723,public company,2026-04-10 08:14:08.375809
28648,MBLY,Q116985634,instance_of,Q891723,public company,2026-04-10 08:14:08.375809
28649,MBLY,Q116985634,instance_of,Q4830453,business,2026-04-10 08:14:08.375809
28650,MASS,Q120997607,instance_of,Q4830453,business,2026-04-10 08:14:08.375809
28652,MELI,Q950419,part_of,Q507306,Nasdaq-100,2026-04-10 08:14:08.375809
28653,MAR,Q1141173,part_of,Q242345,S&P 500,2026-04-10 08:14:08.375809
28654,MAR,Q1141173,part_of,Q507306,Nasdaq-100,2026-04-10 08:14:08.375809
28656,MCHP,Q1545076,part_of,Q242345,S&P 500,2026-04-10 08:14:08.375809
28657,MCHP,Q1545076,part_of,Q507306,Nasdaq-100,2026-04-10 08:14:08.375809
28665,MDLZ,Q12857502,part_of,Q242345,S&P 500,2026-04-10 08:14:08.375809
28666,MDLZ,Q12857502,part_of,Q507306,Nasdaq-100,2026-04-10 08:14:08.375809
28667,MDLZ,Q12857502,part_of,Q1546793,S&P 100,2026-04-10 08:14:08.375809
28668,MDLZ,Q12857502,part_of,Q4905444,Big Chocolate,2026-04-10 08:14:08.375809
28683,MAT,Q596139,owned_by,TROW,T. Rowe Price,2026-04-10 08:14:08.375809
29011,META,Q380,products,Q355,Facebook,2026-04-10 08:14:08.375809
29012,META,Q380,products,Q7397,software,2026-04-10 08:14:08.375809
29013,META,Q380,products,Q116947,Messenger,2026-04-10 08:14:08.375809
29014,META,Q380,products,Q209330,Instagram,2026-04-10 08:14:08.375809
29015,META,Q380,products,Q1049511,,2026-04-10 08:14:08.375809
29016,META,Q380,products,Q61058404,Meta pixel,2026-04-10 08:14:08.375809
29017,META,Q380,products,Q61058409,Facebook Custom Audience,2026-04-10 08:14:08.375809
29018,MSFT,Q2283,products,Q1406,Microsoft Windows,2026-04-10 08:14:08.375809
29019,MSFT,Q2283,products,Q3966,computer hardware,2026-04-10 08:14:08.375809
29020,MSFT,Q2283,products,Q7397,software,2026-04-10 08:14:08.375809
29021,MSFT,Q2283,products,Q11255,,2026-04-10 08:14:08.375809
29022,MSFT,Q2283,products,Q40984,,2026-04-10 08:14:08.375809
29023,MSFT,Q2283,products,Q132020,,2026-04-10 08:14:08.375809
29024,MSFT,Q2283,products,Q134067,Visual Studio,2026-04-10 08:14:08.375809
29025,MSFT,Q2283,products,Q182496,Microsoft Bing,2026-04-10 08:14:08.375809
29026,MSFT,Q2283,products,Q471806,Microsoft Surface,2026-04-10 08:14:08.375809
29027,MSFT,Q2283,products,Q725967,Azure,2026-04-10 08:14:08.375809
29028,MSFT,Q2283,products,Q856705,Microsoft Dynamics,2026-04-10 08:14:08.375809
29029,MSFT,Q2283,products,Q1071340,Microsoft Servers,2026-04-10 08:14:08.375809
29030,MSFT,Q2283,products,Q15281614,,2026-04-10 08:14:08.375809
29031,MSFT,Q2283,products,Q16538568,Microsoft Mobile,2026-04-10 08:14:08.375809
29032,MSTR,Q1192211,products,Q7397,software,2026-04-10 08:14:08.375809
29033,MSTR,Q1192211,products,Q40056,computer program,2026-04-10 08:14:08.375809
29034,MSTR,Q1192211,products,Q166142,application software,2026-04-10 08:14:08.375809
29035,MSTR,Q1192211,products,Q620615,mobile app,2026-04-10 08:14:08.375809
29036,MSTR,Q1192211,products,Q5001888,business intelligence software,2026-04-10 08:14:08.375809
29037,MSTR,Q1192211,products,Q28050159,data analysis software,2026-04-10 08:14:08.375809
29038,MU,Q1197548,products,Q5830907,computer memory,2026-04-10 08:14:08.375809
29039,MRVL,Q1347782,products,Q4503,network switch,2026-04-10 08:14:08.375809
29040,MRVL,Q1347782,products,Q80831,integrated circuit,2026-04-10 08:14:08.375809
29041,MRVL,Q1347782,products,Q106370,digital signal processor,2026-04-10 08:14:08.375809
29042,MRVL,Q1347782,products,Q175805,semiconductor device,2026-04-10 08:14:08.375809
29043,MRVL,Q1347782,products,Q217302,application-specific integrated circuit,2026-04-10 08:14:08.375809
29044,MRVL,Q1347782,products,Q1175867,memory controller,2026-04-10 08:14:08.375809
29045,MRVL,Q1347782,products,Q1432354,hardware security module,2026-04-10 08:14:08.375809
29046,MRVL,Q1347782,products,Q1546066,networking hardware,2026-04-10 08:14:08.375809
29047,MRVL,Q1347782,products,Q5227334,data processing unit,2026-04-10 08:14:08.375809
29048,MRVL,Q1347782,products,Q137690705,Storage controller,2026-04-10 08:14:08.375809
29050,MNST,Q1945295,products,Q215754,energy drink,2026-04-10 08:14:08.375809
29052,MGEE,Q6715705,products,Q12725,electricity,2026-04-10 08:14:08.375809
29056,NBN,Q7057831,products,Q837171,financial services,2026-04-10 08:14:08.375809
29057,MRNA,Q17081612,products,Q12140,medication,2026-04-10 08:14:08.375809
29119,META,Q380,instance_of,Q891723,public company,2026-04-10 08:14:08.375809
29120,META,Q380,instance_of,Q1641122,online service provider,2026-04-10 08:14:08.375809
29121,META,Q380,instance_of,Q4830453,business,2026-04-10 08:14:08.375809
29122,META,Q380,instance_of,Q18388277,technology company,2026-04-10 08:14:08.375809
29123,MSFT,Q2283,instance_of,Q43229,organization,2026-04-10 08:14:08.375809
29124,MSFT,Q2283,instance_of,Q891723,public company,2026-04-10 08:14:08.375809
29125,MSFT,Q2283,instance_of,Q1058914,software company,2026-04-10 08:14:08.375809
29126,MSFT,Q2283,instance_of,Q4830453,business,2026-04-10 08:14:08.375809
29127,MSFT,Q2283,instance_of,Q18388277,technology company,2026-04-10 08:14:08.375809
29128,MSTR,Q1192211,instance_of,Q891723,public company,2026-04-10 08:14:08.375809
29129,MSTR,Q1192211,instance_of,Q1058914,software company,2026-04-10 08:14:08.375809
29130,MSTR,Q1192211,instance_of,Q4830453,business,2026-04-10 08:14:08.375809
29131,MU,Q1197548,instance_of,Q891723,public company,2026-04-10 08:14:08.375809
29132,MU,Q1197548,instance_of,Q1389311,integrated device manufacturer,2026-04-10 08:14:08.375809
29133,MU,Q1197548,instance_of,Q4830453,business,2026-04-10 08:14:08.375809
29134,MRVL,Q1347782,instance_of,Q891723,public company,2026-04-10 08:14:08.375809
29135,MRVL,Q1347782,instance_of,Q4830453,business,2026-04-10 08:14:08.375809
29136,MRVL,Q1347782,instance_of,Q6881511,enterprise,2026-04-10 08:14:08.375809
29137,MORN,Q1389504,instance_of,Q8513,database,2026-04-10 08:14:08.375809
29138,MORN,Q1389504,instance_of,Q891723,public company,2026-04-10 08:14:08.375809
29139,MORN,Q1389504,instance_of,Q3591545,financial services company,2026-04-10 08:14:08.375809
29140,MORN,Q1389504,instance_of,Q4830453,business,2026-04-10 08:14:08.375809
29141,MNST,Q1945295,instance_of,Q891723,public company,2026-04-10 08:14:08.375809
29142,MNST,Q1945295,instance_of,Q4830453,business,2026-04-10 08:14:08.375809
29143,MNST,Q1945295,instance_of,Q6881511,enterprise,2026-04-10 08:14:08.375809
29144,MTEX,Q3372572,instance_of,Q891723,public company,2026-04-10 08:14:08.375809
29145,MTEX,Q3372572,instance_of,Q29643579,multi-level marketing company,2026-04-10 08:14:08.375809
29146,MGEE,Q6715705,instance_of,Q891723,public company,2026-04-10 08:14:08.375809
29147,MGEE,Q6715705,instance_of,Q4830453,business,2026-04-10 08:14:08.375809
29148,MNKD,Q6750663,instance_of,Q891723,public company,2026-04-10 08:14:08.375809
29149,MNKD,Q6750663,instance_of,Q4830453,business,2026-04-10 08:14:08.375809
29150,MRCY,Q6818651,instance_of,Q43229,organization,2026-04-10 08:14:08.375809
29151,MRCY,Q6818651,instance_of,Q891723,public company,2026-04-10 08:14:08.375809
29152,MRCY,Q6818651,instance_of,Q4830453,business,2026-04-10 08:14:08.375809
29153,MNRO,Q6902090,instance_of,Q891723,public company,2026-04-10 08:14:08.375809
29154,MNRO,Q6902090,instance_of,Q4830453,business,2026-04-10 08:14:08.375809
29155,MNRO,Q6902090,instance_of,Q130639613,automobile repair shop chain,2026-04-10 08:14:08.375809
29156,NBN,Q7057831,instance_of,Q891723,public company,2026-04-10 08:14:08.375809
29157,NBN,Q7057831,instance_of,Q4830453,business,2026-04-10 08:14:08.375809
29158,MRNA,Q17081612,instance_of,Q891723,public company,2026-04-10 08:14:08.375809
29159,MRNA,Q17081612,instance_of,Q4830453,business,2026-04-10 08:14:08.375809
29160,MRNA,Q17081612,instance_of,Q131784011,biopharmaceutical company,2026-04-10 08:14:08.375809
29161,MIDD,Q17108492,instance_of,Q891723,public company,2026-04-10 08:14:08.375809
29162,MIDD,Q17108492,instance_of,Q4830453,business,2026-04-10 08:14:08.375809
29163,MEDP,Q17108701,instance_of,Q891723,public company,2026-04-10 08:14:08.375809
29164,MEDP,Q17108701,instance_of,Q4830453,business,2026-04-10 08:14:08.375809
29165,MTSI,Q17109447,instance_of,Q891723,public company,2026-04-10 08:14:08.375809
29166,MTSI,Q17109447,instance_of,Q1389311,integrated device manufacturer,2026-04-10 08:14:08.375809
29167,MSEX,Q17113791,instance_of,Q891723,public company,2026-04-10 08:14:08.375809
29168,MSEX,Q17113791,instance_of,Q4830453,business,2026-04-10 08:14:08.375809
29169,MPWR,Q22058448,instance_of,Q891723,public company,2026-04-10 08:14:08.375809
29170,MTCH,Q23133268,instance_of,Q783794,company,2026-04-10 08:14:08.375809
29171,MTCH,Q23133268,instance_of,Q891723,public company,2026-04-10 08:14:08.375809
29172,MTCH,Q23133268,instance_of,Q4830453,business,2026-04-10 08:14:08.375809
29173,MKTX,Q55622230,instance_of,Q891723,public company,2026-04-10 08:14:08.375809
29174,MKTX,Q55622230,instance_of,Q4830453,business,2026-04-10 08:14:08.375809
29175,MNTS,Q85786082,instance_of,Q4830453,business,2026-04-10 08:14:08.375809
29176,MRBK,Q111384721,instance_of,Q891723,public company,2026-04-10 08:14:08.375809
29177,MRBK,Q111384721,instance_of,Q4830453,business,2026-04-10 08:14:08.375809
29178,MNPR,Q124635521,instance_of,Q4830453,business,2026-04-10 08:14:08.375809
29179,MRTN,Q137009694,instance_of,Q83698915,trucking company,2026-04-10 08:14:08.375809
29180,META,Q380,part_of,Q242345,S&P 500,2026-04-10 08:14:08.375809
29181,META,Q380,part_of,Q773026,Dow Jones Global Titans 50,2026-04-10 08:14:08.375809
29182,META,Q380,part_of,Q1546793,S&P 100,2026-04-10 08:14:08.375809
29183,META,Q380,part_of,Q30748112,Big Tech (web),2026-04-10 08:14:08.375809
29184,META,Q380,part_of,Q56276799,"Facebook, Apple, Amazon, Netflix and Google",2026-04-10 08:14:08.375809
29185,META,Q380,part_of,Q133989581,Silicon Six,2026-04-10 08:14:08.375809
29186,META,Q380,part_of,Q134661623,list of companies involved in the Gaza war,2026-04-10 08:14:08.375809
29187,MSFT,Q2283,part_of,Q180816,Dow Jones Industrial Average,2026-04-10 08:14:08.375809
29188,MSFT,Q2283,part_of,Q242345,S&P 500,2026-04-10 08:14:08.375809
29189,MSFT,Q2283,part_of,Q507306,Nasdaq-100,2026-04-10 08:14:08.375809
29190,MSFT,Q2283,part_of,Q773026,Dow Jones Global Titans 50,2026-04-10 08:14:08.375809
29191,MSFT,Q2283,part_of,Q1546793,S&P 100,2026-04-10 08:14:08.375809
29192,MSFT,Q2283,part_of,Q30748112,Big Tech (web),2026-04-10 08:14:08.375809
29193,MSFT,Q2283,part_of,Q133989581,Silicon Six,2026-04-10 08:14:08.375809
29194,MSFT,Q2283,part_of,Q134661623,list of companies involved in the Gaza war,2026-04-10 08:14:08.375809
29195,MSTR,Q1192211,part_of,Q507306,Nasdaq-100,2026-04-10 08:14:08.375809
29196,MSTR,Q1192211,part_of,Q7386995,S&P 600,2026-04-10 08:14:08.375809
29197,MU,Q1197548,part_of,Q242345,S&P 500,2026-04-10 08:14:08.375809
29198,MU,Q1197548,part_of,Q507306,Nasdaq-100,2026-04-10 08:14:08.375809
29199,MRVL,Q1347782,part_of,Q1546793,S&P 100,2026-04-10 08:14:08.375809
29201,MNST,Q1945295,part_of,Q242345,S&P 500,2026-04-10 08:14:08.375809
29202,MNST,Q1945295,part_of,Q507306,Nasdaq-100,2026-04-10 08:14:08.375809
29210,MIDD,Q17108492,part_of,Q7386994,S&P 400,2026-04-10 08:14:08.375809
29214,MPWR,Q22058448,part_of,Q242345,S&P 500,2026-04-10 08:14:08.375809
29215,MPWR,Q22058448,part_of,Q507306,Nasdaq-100,2026-04-10 08:14:08.375809
29217,MKTX,Q55622230,part_of,Q242345,S&P 500,2026-04-10 08:14:08.375809
29223,META,Q380,owned_by,BLK,BlackRock,2026-04-10 08:14:08.375809
29226,MSFT,Q2283,owned_by,BLK,BlackRock,2026-04-10 08:14:08.375809
29228,MSTR,Q1192211,owned_by,BLK,BlackRock,2026-04-10 08:14:08.375809
29234,MNST,Q1945295,owned_by,KO,The Coca-Cola Company,2026-04-10 08:14:08.375809
29249,MTCH,Q23133268,owned_by,BLK,BlackRock,2026-04-10 08:14:08.375809
29390,NDAQ,Q1472929,products,Q66295,derivative,2026-04-10 08:14:08.375809
29395,NBTB,Q6952868,products,Q837171,financial services,2026-04-10 08:14:08.375809
29401,NDLS,Q7049673,products,Q178,pasta,2026-04-10 08:14:08.375809
29404,NKTR,Q17114308,products,Q1821837,Inhalable insulin,2026-04-10 08:14:08.375809
29478,NEON,Q846246,instance_of,Q891723,public company,2026-04-10 08:14:08.375809
29479,NATH,Q1319505,instance_of,Q891723,public company,2026-04-10 08:14:08.375809
29480,NATH,Q1319505,instance_of,Q18509232,fast food restaurant chain,2026-04-10 08:14:08.375809
29481,NDAQ,Q1472929,instance_of,Q891723,public company,2026-04-10 08:14:08.375809
29482,NDAQ,Q1472929,instance_of,Q4830453,business,2026-04-10 08:14:08.375809
29483,NDAQ,Q1472929,instance_of,Q6881511,enterprise,2026-04-10 08:14:08.375809
29484,NDSN,Q1998662,instance_of,Q891723,public company,2026-04-10 08:14:08.375809
29485,NDSN,Q1998662,instance_of,Q4830453,business,2026-04-10 08:14:08.375809
29486,NDSN,Q1998662,instance_of,Q6881511,enterprise,2026-04-10 08:14:08.375809
29487,MYGN,Q3331496,instance_of,Q891723,public company,2026-04-10 08:14:08.375809
29488,MYGN,Q3331496,instance_of,Q4830453,business,2026-04-10 08:14:08.375809
29489,MYGN,Q3331496,instance_of,Q6881511,enterprise,2026-04-10 08:14:08.375809
29490,NATR,Q4045079,instance_of,Q891723,public company,2026-04-10 08:14:08.375809
29491,NATR,Q4045079,instance_of,Q29643579,multi-level marketing company,2026-04-10 08:14:08.375809
29492,NSIT,Q6038080,instance_of,Q891723,public company,2026-04-10 08:14:08.375809
29493,NSIT,Q6038080,instance_of,Q4830453,business,2026-04-10 08:14:08.375809
29494,NSIT,Q6038080,instance_of,Q6881511,enterprise,2026-04-10 08:14:08.375809
29495,NSIT,Q6038080,instance_of,Q18388277,technology company,2026-04-10 08:14:08.375809
29496,NBTB,Q6952868,instance_of,Q891723,public company,2026-04-10 08:14:08.375809
29497,NBTB,Q6952868,instance_of,Q4830453,business,2026-04-10 08:14:08.375809
29498,NTRA,Q6968762,instance_of,Q891723,public company,2026-04-10 08:14:08.375809
29499,NTRA,Q6968762,instance_of,Q4830453,business,2026-04-10 08:14:08.375809
29500,NCMI,Q6971495,instance_of,Q891723,public company,2026-04-10 08:14:08.375809
29501,NCMI,Q6971495,instance_of,Q4830453,business,2026-04-10 08:14:08.375809
29502,NCMI,Q6971495,instance_of,Q6881511,enterprise,2026-04-10 08:14:08.375809
29503,NTCT,Q6998317,instance_of,Q891723,public company,2026-04-10 08:14:08.375809
29504,NTCT,Q6998317,instance_of,Q4830453,business,2026-04-10 08:14:08.375809
29505,NBIX,Q7002174,instance_of,Q891723,public company,2026-04-10 08:14:08.375809
29506,NBIX,Q7002174,instance_of,Q4830453,business,2026-04-10 08:14:08.375809
29507,NMRK,Q7018524,instance_of,Q891723,public company,2026-04-10 08:14:08.375809
29508,NMRK,Q7018524,instance_of,Q4830453,business,2026-04-10 08:14:08.375809
29509,NDLS,Q7049673,instance_of,Q891723,public company,2026-04-10 08:14:08.375809
29510,NDLS,Q7049673,instance_of,Q18534542,restaurant chain,2026-04-10 08:14:08.375809
29511,NAII,Q15109912,instance_of,Q891723,public company,2026-04-10 08:14:08.375809
29512,NAII,Q15109912,instance_of,Q4830453,business,2026-04-10 08:14:08.375809
29513,NEOG,Q17114199,instance_of,Q891723,public company,2026-04-10 08:14:08.375809
29514,NEOG,Q17114199,instance_of,Q4830453,business,2026-04-10 08:14:08.375809
29515,NKTR,Q17114308,instance_of,Q891723,public company,2026-04-10 08:14:08.375809
29516,NKTR,Q17114308,instance_of,Q4830453,business,2026-04-10 08:14:08.375809
29517,NAVI,Q19903490,instance_of,Q891723,public company,2026-04-10 08:14:08.375809
29518,NAVI,Q19903490,instance_of,Q4830453,business,2026-04-10 08:14:08.375809
29519,MXCT,Q30290314,instance_of,Q4830453,business,2026-04-10 08:14:08.375809
29520,NAVN,Q39055049,instance_of,Q891723,public company,2026-04-10 08:14:08.375809
29521,NAVN,Q39055049,instance_of,Q4830453,business,2026-04-10 08:14:08.375809
29522,NEO,Q48976818,instance_of,Q891723,public company,2026-04-10 08:14:08.375809
29523,NEO,Q48976818,instance_of,Q4830453,business,2026-04-10 08:14:08.375809
29524,NFE,Q106239511,instance_of,Q891723,public company,2026-04-10 08:14:08.375809
29525,NKTX,Q107518637,instance_of,Q4830453,business,2026-04-10 08:14:08.375809
29526,NMRA,Q124039716,instance_of,Q4830453,business,2026-04-10 08:14:08.375809
29527,NBBK,Q137117770,instance_of,Q2512624,bank holding company,2026-04-10 08:14:08.375809
29530,NDAQ,Q1472929,part_of,Q242345,S&P 500,2026-04-10 08:14:08.375809
29807,NVDA,Q182477,products,Q7397,software,2026-04-10 08:14:08.375809
29808,NVDA,Q182477,products,Q182656,chipset,2026-04-10 08:14:08.375809
29809,NVDA,Q182477,products,Q183484,graphics processing unit,2026-04-10 08:14:08.375809
29810,NWS,Q185278,products,Q184452,cable television,2026-04-10 08:14:08.375809
29811,NWSA,Q185278,products,Q184452,cable television,2026-04-10 08:14:08.375809
29813,NTGR,Q979690,products,Q4503,network switch,2026-04-10 08:14:08.375809
29814,NTGR,Q979690,products,Q5318,router,2026-04-10 08:14:08.375809
29815,NTGR,Q979690,products,Q7397,software,2026-04-10 08:14:08.375809
29816,NTGR,Q979690,products,Q128003,ethernet hub,2026-04-10 08:14:08.375809
29817,NTGR,Q979690,products,Q326717,wireless access point,2026-04-10 08:14:08.375809
29818,NTGR,Q979690,products,Q744980,network-attached storage,2026-04-10 08:14:08.375809
29819,NTGR,Q979690,products,Q1546066,networking hardware,2026-04-10 08:14:08.375809
29820,NTGR,Q979690,products,Q1755130,gateway,2026-04-10 08:14:08.375809
29825,NXST,Q7020906,products,Q289,television,2026-04-10 08:14:08.375809
29826,NXST,Q7020906,products,Q872,radio,2026-04-10 08:14:08.375809
29827,NXST,Q7020906,products,Q1407228,television production,2026-04-10 08:14:08.375809
29828,NXST,Q7020906,products,Q1616075,television station,2026-04-10 08:14:08.375809
29831,ONB,Q7084595,products,Q837171,financial services,2026-04-10 08:14:08.375809
29835,NWS,Q14289857,products,Q11032,newspaper,2026-04-10 08:14:08.375809
29836,NWSA,Q14289857,products,Q11032,newspaper,2026-04-10 08:14:08.375809
29838,NVAX,Q17072200,products,Q134808,vaccine,2026-04-10 08:14:08.375809
29900,NVDA,Q182477,instance_of,Q891723,public company,2026-04-10 08:14:08.375809
29901,NVDA,Q182477,instance_of,Q4830453,business,2026-04-10 08:14:08.375809
29902,NWS,Q185278,instance_of,Q891723,public company,2026-04-10 08:14:08.375809
29903,NWSA,Q185278,instance_of,Q891723,public company,2026-04-10 08:14:08.375809
29904,NWS,Q185278,instance_of,Q4830453,business,2026-04-10 08:14:08.375809
29905,NWSA,Q185278,instance_of,Q4830453,business,2026-04-10 08:14:08.375809
29906,NWS,Q185278,instance_of,Q6881511,enterprise,2026-04-10 08:14:08.375809
29907,NWSA,Q185278,instance_of,Q6881511,enterprise,2026-04-10 08:14:08.375809
29908,NTAP,Q727883,instance_of,Q891723,public company,2026-04-10 08:14:08.375809
29909,NTAP,Q727883,instance_of,Q4830453,business,2026-04-10 08:14:08.375809
29910,NTAP,Q727883,instance_of,Q6881511,enterprise,2026-04-10 08:14:08.375809
29911,NTGR,Q979690,instance_of,Q891723,public company,2026-04-10 08:14:08.375809
29912,NTGR,Q979690,instance_of,Q4830453,business,2026-04-10 08:14:08.375809
29913,NTGR,Q979690,instance_of,Q6881511,enterprise,2026-04-10 08:14:08.375809
29914,NXPI,Q1155668,instance_of,Q891723,public company,2026-04-10 08:14:08.375809
29915,ON,Q1671509,instance_of,Q891723,public company,2026-04-10 08:14:08.375809
29916,ON,Q1671509,instance_of,Q4830453,business,2026-04-10 08:14:08.375809
29917,ON,Q1671509,instance_of,Q6881511,enterprise,2026-04-10 08:14:08.375809
29918,OMEX,Q1812489,instance_of,Q891723,public company,2026-04-10 08:14:08.375809
29919,OMEX,Q1812489,instance_of,Q4830453,business,2026-04-10 08:14:08.375809
29920,OLED,Q3116307,instance_of,Q167037,corporation,2026-04-10 08:14:08.375809
29921,OLED,Q3116307,instance_of,Q891723,public company,2026-04-10 08:14:08.375809
29922,NXST,Q7020906,instance_of,Q891723,public company,2026-04-10 08:14:08.375809
29923,NXST,Q7020906,instance_of,Q1916382,media conglomerate,2026-04-10 08:14:08.375809
29924,NXST,Q7020906,instance_of,Q4830453,business,2026-04-10 08:14:08.375809
29925,NWBI,Q7060191,instance_of,Q22687,bank,2026-04-10 08:14:08.375809
29926,NWBI,Q7060191,instance_of,Q891723,public company,2026-04-10 08:14:08.375809
29927,ODFL,Q7083862,instance_of,Q891723,public company,2026-04-10 08:14:08.375809
29928,ODFL,Q7083862,instance_of,Q4830453,business,2026-04-10 08:14:08.375809
29929,ONB,Q7084595,instance_of,Q891723,public company,2026-04-10 08:14:08.375809
29930,ONB,Q7084595,instance_of,Q4830453,business,2026-04-10 08:14:08.375809
29931,OLLI,Q7088304,instance_of,Q507619,retail chain,2026-04-10 08:14:08.375809
29932,OLLI,Q7088304,instance_of,Q891723,public company,2026-04-10 08:14:08.375809
29933,OLLI,Q7088304,instance_of,Q4830453,business,2026-04-10 08:14:08.375809
29934,OCC,Q7098806,instance_of,Q891723,public company,2026-04-10 08:14:08.375809
29935,OCC,Q7098806,instance_of,Q4830453,business,2026-04-10 08:14:08.375809
29936,ONCY,Q13529450,instance_of,Q891723,public company,2026-04-10 08:14:08.375809
29937,ONCY,Q13529450,instance_of,Q4830453,business,2026-04-10 08:14:08.375809
29938,NWS,Q14289857,instance_of,Q891723,public company,2026-04-10 08:14:08.375809
29939,NWSA,Q14289857,instance_of,Q891723,public company,2026-04-10 08:14:08.375809
29940,NWS,Q14289857,instance_of,Q4830453,business,2026-04-10 08:14:08.375809
29941,NWSA,Q14289857,instance_of,Q4830453,business,2026-04-10 08:14:08.375809
29942,NWS,Q14289857,instance_of,Q6881511,enterprise,2026-04-10 08:14:08.375809
29943,NWSA,Q14289857,instance_of,Q6881511,enterprise,2026-04-10 08:14:08.375809
29944,NTNX,Q16959629,instance_of,Q891723,public company,2026-04-10 08:14:08.375809
29945,NTNX,Q16959629,instance_of,Q4830453,business,2026-04-10 08:14:08.375809
29946,NTNX,Q16959629,instance_of,Q6881511,enterprise,2026-04-10 08:14:08.375809
29947,NVAX,Q17072200,instance_of,Q891723,public company,2026-04-10 08:14:08.375809
29948,NVAX,Q17072200,instance_of,Q4830453,business,2026-04-10 08:14:08.375809
29949,NTLA,Q54621387,instance_of,Q783794,company,2026-04-10 08:14:08.375809
29950,NTLA,Q54621387,instance_of,Q891723,public company,2026-04-10 08:14:08.375809
29951,OKTA,Q55627388,instance_of,Q43229,organization,2026-04-10 08:14:08.375809
29952,OKTA,Q55627388,instance_of,Q891723,public company,2026-04-10 08:14:08.375809
29953,OKTA,Q55627388,instance_of,Q1058914,software company,2026-04-10 08:14:08.375809
29954,OCFC,Q85846831,instance_of,Q22687,bank,2026-04-10 08:14:08.375809
29955,OCFC,Q85846831,instance_of,Q891723,public company,2026-04-10 08:14:08.375809
29956,OCFC,Q85846831,instance_of,Q4830453,business,2026-04-10 08:14:08.375809
29957,OCGN,Q106698278,instance_of,Q891723,public company,2026-04-10 08:14:08.375809
29958,OCGN,Q106698278,instance_of,Q4830453,business,2026-04-10 08:14:08.375809
29959,NVVE,Q124343843,instance_of,Q4830453,business,2026-04-10 08:14:08.375809
29960,NVTS,Q137596590,instance_of,Q6881511,enterprise,2026-04-10 08:14:08.375809
29961,ONDS,Q138816278,instance_of,Q891723,public company,2026-04-10 08:14:08.375809
29962,NVDA,Q182477,part_of,Q180816,Dow Jones Industrial Average,2026-04-10 08:14:08.375809
29963,NVDA,Q182477,part_of,Q242345,S&P 500,2026-04-10 08:14:08.375809
29964,NVDA,Q182477,part_of,Q773026,Dow Jones Global Titans 50,2026-04-10 08:14:08.375809
29965,NVDA,Q182477,part_of,Q1546793,S&P 100,2026-04-10 08:14:08.375809
29966,NVDA,Q182477,part_of,Q1969854,Natur-Aktien-Index,2026-04-10 08:14:08.375809
29969,NTAP,Q727883,part_of,Q242345,S&P 500,2026-04-10 08:14:08.375809
29971,NXPI,Q1155668,part_of,PHIA.AS,Koninklijke Philips NV,2026-04-10 08:14:08.375809
29972,NXPI,Q1155668,part_of,Q507306,Nasdaq-100,2026-04-10 08:14:08.375809
29978,ODFL,Q7083862,part_of,Q242345,S&P 500,2026-04-10 08:14:08.375809
29979,ODFL,Q7083862,part_of,Q507306,Nasdaq-100,2026-04-10 08:14:08.375809
29984,NWS,Q14289857,part_of,Q242345,S&P 500,2026-04-10 08:14:08.375809
29985,NWSA,Q14289857,part_of,Q242345,S&P 500,2026-04-10 08:14:08.375809
29995,NVDA,Q182477,owned_by,BLK,BlackRock,2026-04-10 08:14:08.375809
29999,NVDA,Q182477,owned_by,STT,State Street Corporation,2026-04-10 08:14:08.375809
30005,ON,Q1671509,owned_by,BLK,BlackRock,2026-04-10 08:14:08.375809
30010,NXST,Q7020906,owned_by,BLK,BlackRock,2026-04-10 08:14:08.375809
30161,PCAR,Q1477661,products,Q43193,truck,2026-04-10 08:14:08.375809
30162,PACB,Q2069106,products,Q131004221,Sequel IIe,2026-04-10 08:14:08.375809
30163,PACB,Q2069106,products,Q131004324,Revio,2026-04-10 08:14:08.375809
30164,PFG,Q3403513,products,Q7316838,retirement planning,2026-04-10 08:14:08.375809
30171,PANW,Q7128508,products,Q56728812,PAN-OS,2026-04-10 08:14:08.375809
30173,PEGA,Q7160600,products,Q485643,customer relationship management,2026-04-10 08:14:08.375809
30174,PENN,Q7163201,products,Q133215,casino,2026-04-10 08:14:08.375809
30175,PETS,Q7171526,products,Q2432100,veterinary drug,2026-04-10 08:14:08.375809
30177,PFBC,Q7239836,products,Q22687,bank,2026-04-10 08:14:08.375809
30178,OSIS,Q7572694,products,Q1421432,health monitoring,2026-04-10 08:14:08.375809
30180,OZK,Q20708654,products,Q1548025,retail banking,2026-04-10 08:14:08.375809
30236,PAYX,Q946080,instance_of,Q891723,public company,2026-04-10 08:14:08.375809
30237,PAYX,Q946080,instance_of,Q4830453,business,2026-04-10 08:14:08.375809
30238,PAYX,Q946080,instance_of,Q6881511,enterprise,2026-04-10 08:14:08.375809
30239,PCAR,Q1477661,instance_of,Q891723,public company,2026-04-10 08:14:08.375809
30240,PCAR,Q1477661,instance_of,Q2005696,commercial vehicle manufacturer,2026-04-10 08:14:08.375809
30241,PCAR,Q1477661,instance_of,Q6881511,enterprise,2026-04-10 08:14:08.375809
30242,PACB,Q2069106,instance_of,Q891723,public company,2026-04-10 08:14:08.375809
30243,PACB,Q2069106,instance_of,Q4830453,business,2026-04-10 08:14:08.375809
30244,PACB,Q2069106,instance_of,Q21980538,commercial organization,2026-04-10 08:14:08.375809
30245,PFG,Q3403513,instance_of,Q891723,public company,2026-04-10 08:14:08.375809
30246,PFG,Q3403513,instance_of,Q4830453,business,2026-04-10 08:14:08.375809
30247,PFG,Q3403513,instance_of,Q6881511,enterprise,2026-04-10 08:14:08.375809
30248,OSPN,Q3552887,instance_of,Q891723,public company,2026-04-10 08:14:08.375809
30249,OSPN,Q3552887,instance_of,Q4830453,business,2026-04-10 08:14:08.375809
30250,OSPN,Q3552887,instance_of,Q6881511,enterprise,2026-04-10 08:14:08.375809
30251,PI,Q4041316,instance_of,Q891723,public company,2026-04-10 08:14:08.375809
30252,PI,Q4041316,instance_of,Q4830453,business,2026-04-10 08:14:08.375809
30253,ORLY,Q7071951,instance_of,Q891723,public company,2026-04-10 08:14:08.375809
30254,ORLY,Q7071951,instance_of,Q4830453,business,2026-04-10 08:14:08.375809
30255,OSIS,Q7073021,instance_of,Q891723,public company,2026-04-10 08:14:08.375809
30256,OSIS,Q7073021,instance_of,Q4830453,business,2026-04-10 08:14:08.375809
30257,OTTR,Q7109415,instance_of,Q891723,public company,2026-04-10 08:14:08.375809
30258,OTTR,Q7109415,instance_of,Q4830453,business,2026-04-10 08:14:08.375809
30259,PDFS,Q7118809,instance_of,Q891723,public company,2026-04-10 08:14:08.375809
30260,PDFS,Q7118809,instance_of,Q4830453,business,2026-04-10 08:14:08.375809
30261,PANW,Q7128508,instance_of,Q891723,public company,2026-04-10 08:14:08.375809
30262,PANW,Q7128508,instance_of,Q4830453,business,2026-04-10 08:14:08.375809
30263,PCTY,Q7156760,instance_of,Q891723,public company,2026-04-10 08:14:08.375809
30264,PCTY,Q7156760,instance_of,Q4830453,business,2026-04-10 08:14:08.375809
30265,PEGA,Q7160600,instance_of,Q891723,public company,2026-04-10 08:14:08.375809
30266,PEGA,Q7160600,instance_of,Q4830453,business,2026-04-10 08:14:08.375809
30267,PENN,Q7163201,instance_of,Q891723,public company,2026-04-10 08:14:08.375809
30268,PENN,Q7163201,instance_of,Q4830453,business,2026-04-10 08:14:08.375809
30269,PETS,Q7171526,instance_of,Q891723,public company,2026-04-10 08:14:08.375809
30270,PETS,Q7171526,instance_of,Q4830453,business,2026-04-10 08:14:08.375809
30271,PLUG,Q7205253,instance_of,Q891723,public company,2026-04-10 08:14:08.375809
30272,PLUG,Q7205253,instance_of,Q4830453,business,2026-04-10 08:14:08.375809
30273,PFBC,Q7239836,instance_of,Q891723,public company,2026-04-10 08:14:08.375809
30274,PFBC,Q7239836,instance_of,Q4830453,business,2026-04-10 08:14:08.375809
30275,OSIS,Q7572694,instance_of,Q891723,public company,2026-04-10 08:14:08.375809
30276,OSIS,Q7572694,instance_of,Q4830453,business,2026-04-10 08:14:08.375809
30277,OPK,Q17138182,instance_of,Q891723,public company,2026-04-10 08:14:08.375809
30278,OPK,Q17138182,instance_of,Q4830453,business,2026-04-10 08:14:08.375809
30279,OZK,Q20708654,instance_of,Q22687,bank,2026-04-10 08:14:08.375809
30280,OZK,Q20708654,instance_of,Q891723,public company,2026-04-10 08:14:08.375809
30281,PBYI,Q28877490,instance_of,Q891723,public company,2026-04-10 08:14:08.375809
30282,PBYI,Q28877490,instance_of,Q4830453,business,2026-04-10 08:14:08.375809
30283,PESI,Q30256497,instance_of,Q891723,public company,2026-04-10 08:14:08.375809
30284,PESI,Q30256497,instance_of,Q4830453,business,2026-04-10 08:14:08.375809
30285,ORMP,Q65089744,instance_of,Q891723,public company,2026-04-10 08:14:08.375809
30286,ORMP,Q65089744,instance_of,Q4830453,business,2026-04-10 08:14:08.375809
30287,OPEN,Q96397546,instance_of,Q891723,public company,2026-04-10 08:14:08.375809
30288,OPEN,Q96397546,instance_of,Q4830453,business,2026-04-10 08:14:08.375809
30289,OSS,Q115978123,instance_of,Q783794,company,2026-04-10 08:14:08.375809
30290,OSS,Q115978123,instance_of,Q891723,public company,2026-04-10 08:14:08.375809
30291,PAYX,Q946080,part_of,Q242345,S&P 500,2026-04-10 08:14:08.375809
30292,PAYX,Q946080,part_of,Q507306,Nasdaq-100,2026-04-10 08:14:08.375809
30293,PCAR,Q1477661,part_of,Q242345,S&P 500,2026-04-10 08:14:08.375809
30294,PCAR,Q1477661,part_of,Q507306,Nasdaq-100,2026-04-10 08:14:08.375809
30296,PFG,Q3403513,part_of,Q242345,S&P 500,2026-04-10 08:14:08.375809
30299,ORLY,Q7071951,part_of,Q242345,S&P 500,2026-04-10 08:14:08.375809
30300,ORLY,Q7071951,part_of,Q507306,Nasdaq-100,2026-04-10 08:14:08.375809
30304,PANW,Q7128508,part_of,Q507306,Nasdaq-100,2026-04-10 08:14:08.375809
30305,PANW,Q7128508,part_of,Q921581,Russell 1000 Index,2026-04-10 08:14:08.375809
30473,PTC,Q1760641,products,Q7397,software,2026-04-10 08:14:08.375809
30476,PPC,Q3388421,products,Q864693,chicken as food,2026-04-10 08:14:08.375809
30478,PLCE,Q3520257,products,Q11460,clothing,2026-04-10 08:14:08.375809
30481,PLAB,Q7187948,products,Q11456,semiconductor,2026-04-10 08:14:08.375809
30491,PRTS,Q94777120,products,Q6405028,automotive part,2026-04-10 08:14:08.375809
30492,PLTK,Q96145483,products,Q116634,online game,2026-04-10 08:14:08.375809
30547,PRGS,Q741046,instance_of,Q891723,public company,2026-04-10 08:14:08.375809
30548,PRGS,Q741046,instance_of,Q4830453,business,2026-04-10 08:14:08.375809
30549,PTC,Q1760641,instance_of,Q891723,public company,2026-04-10 08:14:08.375809
30550,PTC,Q1760641,instance_of,Q4830453,business,2026-04-10 08:14:08.375809
30551,PTC,Q1760641,instance_of,Q6881511,enterprise,2026-04-10 08:14:08.375809
30552,PLXS,Q2099437,instance_of,Q891723,public company,2026-04-10 08:14:08.375809
30553,PLXS,Q2099437,instance_of,Q4830453,business,2026-04-10 08:14:08.375809
30554,PTEN,Q3370152,instance_of,Q891723,public company,2026-04-10 08:14:08.375809
30555,PTEN,Q3370152,instance_of,Q4830453,business,2026-04-10 08:14:08.375809
30556,PPC,Q3388421,instance_of,Q891723,public company,2026-04-10 08:14:08.375809
30557,PPC,Q3388421,instance_of,Q4830453,business,2026-04-10 08:14:08.375809
30558,PTLO,Q3399307,instance_of,Q18509232,fast food restaurant chain,2026-04-10 08:14:08.375809
30559,PLCE,Q3520257,instance_of,Q163740,nonprofit organization,2026-04-10 08:14:08.375809
30560,PLCE,Q3520257,instance_of,Q507619,retail chain,2026-04-10 08:14:08.375809
30561,PLCE,Q3520257,instance_of,Q891723,public company,2026-04-10 08:14:08.375809
30562,PLCE,Q3520257,instance_of,Q4830453,business,2026-04-10 08:14:08.375809
30563,PLAY,Q5228205,instance_of,Q891723,public company,2026-04-10 08:14:08.375809
30564,PLAY,Q5228205,instance_of,Q4830453,business,2026-04-10 08:14:08.375809
30565,PLAY,Q5228205,instance_of,Q18534542,restaurant chain,2026-04-10 08:14:08.375809
30566,PLAY,Q5228205,instance_of,Q65553774,chain,2026-04-10 08:14:08.375809
30567,PTCT,Q7120959,instance_of,Q891723,public company,2026-04-10 08:14:08.375809
30568,PTCT,Q7120959,instance_of,Q4830453,business,2026-04-10 08:14:08.375809
30569,PLAB,Q7187948,instance_of,Q891723,public company,2026-04-10 08:14:08.375809
30570,PLAB,Q7187948,instance_of,Q4830453,business,2026-04-10 08:14:08.375809
30571,PLUR,Q7205567,instance_of,Q891723,public company,2026-04-10 08:14:08.375809
30572,PLUR,Q7205567,instance_of,Q4830453,business,2026-04-10 08:14:08.375809
30573,POWL,Q7236078,instance_of,Q891723,public company,2026-04-10 08:14:08.375809
30574,POWL,Q7236078,instance_of,Q4830453,business,2026-04-10 08:14:08.375809
30575,PSMT,Q7242563,instance_of,Q891723,public company,2026-04-10 08:14:08.375809
30576,PSMT,Q7242563,instance_of,Q4830453,business,2026-04-10 08:14:08.375809
30577,PSMT,Q7242563,instance_of,Q6881511,enterprise,2026-04-10 08:14:08.375809
30578,PLUS,Q16992684,instance_of,Q891723,public company,2026-04-10 08:14:08.375809
30579,PLUS,Q16992684,instance_of,Q4830453,business,2026-04-10 08:14:08.375809
30580,PNBK,Q17074260,instance_of,Q891723,public company,2026-04-10 08:14:08.375809
30581,PNBK,Q17074260,instance_of,Q4830453,business,2026-04-10 08:14:08.375809
30582,PRAA,Q19868026,instance_of,Q891723,public company,2026-04-10 08:14:08.375809
30583,PRAA,Q19868026,instance_of,Q4830453,business,2026-04-10 08:14:08.375809
30584,PGEN,Q30282590,instance_of,Q783794,company,2026-04-10 08:14:08.375809
30585,PGEN,Q30282590,instance_of,Q891723,public company,2026-04-10 08:14:08.375809
30586,PGEN,Q30282590,instance_of,Q4830453,business,2026-04-10 08:14:08.375809
30587,PHUN,Q78203110,instance_of,Q891723,public company,2026-04-10 08:14:08.375809
30588,PHUN,Q78203110,instance_of,Q4830453,business,2026-04-10 08:14:08.375809
30589,PHUN,Q78203110,instance_of,Q18388277,technology company,2026-04-10 08:14:08.375809
30590,PRTS,Q91498427,instance_of,Q891723,public company,2026-04-10 08:14:08.375809
30591,PRTS,Q91498427,instance_of,Q4830453,business,2026-04-10 08:14:08.375809
30592,PRTS,Q94777120,instance_of,Q891723,public company,2026-04-10 08:14:08.375809
30593,PRTS,Q94777120,instance_of,Q4382945,online shop,2026-04-10 08:14:08.375809
30594,PRTS,Q94777120,instance_of,Q21980538,commercial organization,2026-04-10 08:14:08.375809
30595,PLTK,Q96145483,instance_of,Q783794,company,2026-04-10 08:14:08.375809
30596,PODD,Q104480795,instance_of,Q891723,public company,2026-04-10 08:14:08.375809
30597,PODD,Q104480795,instance_of,Q4830453,business,2026-04-10 08:14:08.375809
30598,PSTV,Q113510380,instance_of,Q891723,public company,2026-04-10 08:14:08.375809
30599,PGNY,Q125862778,instance_of,Q4830453,business,2026-04-10 08:14:08.375809
30600,PRCH,Q134298823,instance_of,Q4830453,business,2026-04-10 08:14:08.375809
30790,QCOM,Q544847,products,Q3966,computer hardware,2026-04-10 08:14:08.375809
30791,QCOM,Q544847,products,Q7397,software,2026-04-10 08:14:08.375809
30792,QCOM,Q544847,products,Q863516,Binary Runtime Environment for Wireless,2026-04-10 08:14:08.375809
30793,QCOM,Q544847,products,Q1193262,Qualcomm Snapdragon,2026-04-10 08:14:08.375809
30794,QCOM,Q544847,products,Q1546066,networking hardware,2026-04-10 08:14:08.375809
30795,QMCO,Q1413997,products,Q7397,software,2026-04-10 08:14:08.375809
30796,PZZA,Q2759586,products,Q177,pizza,2026-04-10 08:14:08.375809
30797,PZZA,Q2759586,products,Q182940,dessert,2026-04-10 08:14:08.375809
30798,PZZA,Q2759586,products,Q7196602,chicken wing,2026-04-10 08:14:08.375809
30799,RAVE,Q4118850,products,Q177,pizza,2026-04-10 08:14:08.375809
30800,RAIL,Q5501354,products,Q9166501,freight car,2026-04-10 08:14:08.375809
30801,QLYS,Q7268802,products,Q7397,software,2026-04-10 08:14:08.375809
30806,RGLD,Q7374224,products,Q897,gold,2026-04-10 08:14:08.375809
30811,PRPL,Q28228105,products,Q171495,mattress,2026-04-10 08:14:08.375809
30814,PTON,Q56276186,products,Q1370818,stationary bicycle,2026-04-10 08:14:08.375809
30818,PTON,Q107657476,products,Q1546066,networking hardware,2026-04-10 08:14:08.375809
30871,QCOM,Q544847,instance_of,Q891723,public company,2026-04-10 08:14:08.375809
30872,QCOM,Q544847,instance_of,Q4830453,business,2026-04-10 08:14:08.375809
30873,QMCO,Q1413997,instance_of,Q891723,public company,2026-04-10 08:14:08.375809
30874,QMCO,Q1413997,instance_of,Q4830453,business,2026-04-10 08:14:08.375809
30875,PZZA,Q2759586,instance_of,Q356125,pizza delivery,2026-04-10 08:14:08.375809
30876,PZZA,Q2759586,instance_of,Q891723,public company,2026-04-10 08:14:08.375809
30877,PZZA,Q2759586,instance_of,Q18509232,fast food restaurant chain,2026-04-10 08:14:08.375809
30878,PZZA,Q2759586,instance_of,Q18654742,pizzeria chain,2026-04-10 08:14:08.375809
30879,RAVE,Q4118850,instance_of,Q891723,public company,2026-04-10 08:14:08.375809
30880,RAVE,Q4118850,instance_of,Q18534542,restaurant chain,2026-04-10 08:14:08.375809
30881,RAVE,Q4118850,instance_of,Q18654742,pizzeria chain,2026-04-10 08:14:08.375809
30882,RAIL,Q5501354,instance_of,Q891723,public company,2026-04-10 08:14:08.375809
30883,RAIL,Q5501354,instance_of,Q4830453,business,2026-04-10 08:14:08.375809
30884,QLYS,Q7268802,instance_of,Q891723,public company,2026-04-10 08:14:08.375809
30885,QLYS,Q7268802,instance_of,Q4830453,business,2026-04-10 08:14:08.375809
30886,QLYS,Q7268802,instance_of,Q6881511,enterprise,2026-04-10 08:14:08.375809
30887,QNST,Q7272057,instance_of,Q891723,public company,2026-04-10 08:14:08.375809
30888,QNST,Q7272057,instance_of,Q4830453,business,2026-04-10 08:14:08.375809
30889,RENT,Q7313510,instance_of,Q41674,webmaster,2026-04-10 08:14:08.375809
30890,RENT,Q7313510,instance_of,Q620615,mobile app,2026-04-10 08:14:08.375809
30891,RENT,Q7313510,instance_of,Q4830453,business,2026-04-10 08:14:08.375809
30892,RBCAA,Q7314387,instance_of,Q22687,bank,2026-04-10 08:14:08.375809
30893,RBCAA,Q7314387,instance_of,Q650241,financial institution,2026-04-10 08:14:08.375809
30894,RBCAA,Q7314387,instance_of,Q891723,public company,2026-04-10 08:14:08.375809
30895,RBCAA,Q7314387,instance_of,Q4830453,business,2026-04-10 08:14:08.375809
30896,RCKY,Q7355744,instance_of,Q891723,public company,2026-04-10 08:14:08.375809
30897,RCKY,Q7355744,instance_of,Q4830453,business,2026-04-10 08:14:08.375809
30898,RGLD,Q7374224,instance_of,Q891723,public company,2026-04-10 08:14:08.375809
30899,RGLD,Q7374224,instance_of,Q4830453,business,2026-04-10 08:14:08.375809
30900,QDEL,Q15917582,instance_of,Q891723,public company,2026-04-10 08:14:08.375809
30901,QDEL,Q15917582,instance_of,Q4830453,business,2026-04-10 08:14:08.375809
30902,RGEN,Q17078090,instance_of,Q891723,public company,2026-04-10 08:14:08.375809
30903,RGEN,Q17078090,instance_of,Q4830453,business,2026-04-10 08:14:08.375809
30904,PXLW,Q17141691,instance_of,Q891723,public company,2026-04-10 08:14:08.375809
30905,PXLW,Q17141691,instance_of,Q4830453,business,2026-04-10 08:14:08.375809
30906,QRVO,Q18169198,instance_of,Q891723,public company,2026-04-10 08:14:08.375809
30907,QRVO,Q18169198,instance_of,Q4830453,business,2026-04-10 08:14:08.375809
30908,QRVO,Q18169198,instance_of,Q6881511,enterprise,2026-04-10 08:14:08.375809
30909,PRPL,Q28228105,instance_of,Q891723,public company,2026-04-10 08:14:08.375809
30910,PRPL,Q28228105,instance_of,Q4830453,business,2026-04-10 08:14:08.375809
30911,PRPL,Q28228105,instance_of,Q13235160,manufacturer,2026-04-10 08:14:08.375809
30912,RELL,Q28776959,instance_of,Q891723,public company,2026-04-10 08:14:08.375809
30913,RELL,Q28776959,instance_of,Q4830453,business,2026-04-10 08:14:08.375809
30914,RELL,Q28776959,instance_of,Q6881511,enterprise,2026-04-10 08:14:08.375809
30915,RBBN,Q54871457,instance_of,Q891723,public company,2026-04-10 08:14:08.375809
30916,RBBN,Q54871457,instance_of,Q4830453,business,2026-04-10 08:14:08.375809
30917,PTON,Q56276186,instance_of,Q891723,public company,2026-04-10 08:14:08.375809
30918,PTON,Q56276186,instance_of,Q4830453,business,2026-04-10 08:14:08.375809
30919,REAL,Q65090792,instance_of,Q891723,public company,2026-04-10 08:14:08.375809
30920,REAL,Q65090792,instance_of,Q3390477,online marketplace,2026-04-10 08:14:08.375809
30921,REAL,Q65090792,instance_of,Q16702326,consignment store,2026-04-10 08:14:08.375809
30922,REYN,Q106301464,instance_of,Q891723,public company,2026-04-10 08:14:08.375809
30923,REYN,Q106301464,instance_of,Q4830453,business,2026-04-10 08:14:08.375809
30924,RCKT,Q107400411,instance_of,Q783794,company,2026-04-10 08:14:08.375809
30925,PTON,Q107657476,instance_of,Q891723,public company,2026-04-10 08:14:08.375809
30926,PTON,Q107657476,instance_of,Q4830453,business,2026-04-10 08:14:08.375809
30927,RILY,Q108670343,instance_of,Q891723,public company,2026-04-10 08:14:08.375809
30928,PYPL,Q135683211,instance_of,Q4830453,business,2026-04-10 08:14:08.375809
30929,QCOM,Q544847,part_of,Q242345,S&P 500,2026-04-10 08:14:08.375809
30930,QCOM,Q544847,part_of,Q507306,Nasdaq-100,2026-04-10 08:14:08.375809
30931,QCOM,Q544847,part_of,Q1546793,S&P 100,2026-04-10 08:14:08.375809
30945,QRVO,Q18169198,part_of,Q242345,S&P 500,2026-04-10 08:14:08.375809
30955,PYPL,Q135683211,part_of,Q242345,S&P 500,2026-04-10 08:14:08.375809
30956,PYPL,Q135683211,part_of,Q1546793,S&P 100,2026-04-10 08:14:08.375809
30981,PYPL,Q135683211,owned_by,BLK,BlackRock,2026-04-10 08:14:08.375809
31042,RJET,Q1536457,subsidiaries,ULCC,nan,2026-04-10 08:14:08.375809
31122,RKLB,Q116319,products,Q18471030,Electron,2026-04-10 08:14:08.375809
31123,RKLB,Q116319,products,Q22145759,Rutherford,2026-04-10 08:14:08.375809
31124,RKLB,Q116319,products,Q48815701,Curie,2026-04-10 08:14:08.375809
31125,RKLB,Q116319,products,Q105722174,Neutron,2026-04-10 08:14:08.375809
31126,RKLB,Q116319,products,Q106610366,Photon,2026-04-10 08:14:08.375809
31127,RMBS,Q1196745,products,Q79719,license,2026-04-10 08:14:08.375809
31130,RNA,Q7250583,products,Q8386,drug,2026-04-10 08:14:08.375809
31133,RENT,Q7313561,products,Q847520,audience measurement,2026-04-10 08:14:08.375809
31135,RIVN,Q7338847,products,Q741490,autonomous car,2026-04-10 08:14:08.375809
31136,RIVN,Q7338847,products,Q13629441,electric vehicle,2026-04-10 08:14:08.375809
31139,ROKU,Q7360089,products,Q15995436,Roku,2026-04-10 08:14:08.375809
31143,RPD,Q85874460,products,Q1147445,Metasploit,2026-04-10 08:14:08.375809
31202,RKLB,Q116319,instance_of,Q936518,aerospace manufacturer,2026-04-10 08:14:08.375809
31203,RKLB,Q116319,instance_of,Q11753232,launch service provider,2026-04-10 08:14:08.375809
31204,RMBS,Q1196745,instance_of,Q891723,public company,2026-04-10 08:14:08.375809
31205,RMBS,Q1196745,instance_of,Q4830453,business,2026-04-10 08:14:08.375809
31206,RMBS,Q1196745,instance_of,Q6881511,enterprise,2026-04-10 08:14:08.375809
31207,RJET,Q1536457,instance_of,Q891723,public company,2026-04-10 08:14:08.375809
31208,RJET,Q1536457,instance_of,Q4830453,business,2026-04-10 08:14:08.375809
31209,ROST,Q3442791,instance_of,Q891723,public company,2026-04-10 08:14:08.375809
31210,ROST,Q3442791,instance_of,Q2549179,department store chain,2026-04-10 08:14:08.375809
31211,ROST,Q3442791,instance_of,Q6881511,enterprise,2026-04-10 08:14:08.375809
31212,RNA,Q7250583,instance_of,Q891723,public company,2026-04-10 08:14:08.375809
31213,RNA,Q7250583,instance_of,Q4830453,business,2026-04-10 08:14:08.375809
31214,RGCO,Q7276640,instance_of,Q891723,public company,2026-04-10 08:14:08.375809
31215,RGCO,Q7276640,instance_of,Q4830453,business,2026-04-10 08:14:08.375809
31216,REGN,Q7308054,instance_of,Q891723,public company,2026-04-10 08:14:08.375809
31217,REGN,Q7308054,instance_of,Q4830453,business,2026-04-10 08:14:08.375809
31218,RENT,Q7313561,instance_of,Q891723,public company,2026-04-10 08:14:08.375809
31219,RENT,Q7313561,instance_of,Q4830453,business,2026-04-10 08:14:08.375809
31220,RICK,Q7331170,instance_of,Q891723,public company,2026-04-10 08:14:08.375809
31221,RICK,Q7331170,instance_of,Q4830453,business,2026-04-10 08:14:08.375809
31222,RIVN,Q7338847,instance_of,Q786820,automobile manufacturer,2026-04-10 08:14:08.375809
31223,RIVN,Q7338847,instance_of,Q891723,public company,2026-04-10 08:14:08.375809
31224,RIVN,Q7338847,instance_of,Q4830453,business,2026-04-10 08:14:08.375809
31225,RIVN,Q7338847,instance_of,Q6881511,enterprise,2026-04-10 08:14:08.375809
31226,ROAD,Q7339697,instance_of,Q891723,public company,2026-04-10 08:14:08.375809
31227,ROAD,Q7339697,instance_of,Q4830453,business,2026-04-10 08:14:08.375809
31228,RMCF,Q7355878,instance_of,Q762548,chocolaterie,2026-04-10 08:14:08.375809
31229,RMCF,Q7355878,instance_of,Q891723,public company,2026-04-10 08:14:08.375809
31230,ROKU,Q7360089,instance_of,Q891723,public company,2026-04-10 08:14:08.375809
31231,ROKU,Q7360089,instance_of,Q4830453,business,2026-04-10 08:14:08.375809
31232,ROKU,Q7360089,instance_of,Q6881511,enterprise,2026-04-10 08:14:08.375809
31233,RUN,Q7638158,instance_of,Q891723,public company,2026-04-10 08:14:08.375809
31234,RUN,Q7638158,instance_of,Q4830453,business,2026-04-10 08:14:08.375809
31235,RMTI,Q17131128,instance_of,Q891723,public company,2026-04-10 08:14:08.375809
31236,RMTI,Q17131128,instance_of,Q4830453,business,2026-04-10 08:14:08.375809
31237,RKDA,Q30285756,instance_of,Q783794,company,2026-04-10 08:14:08.375809
31238,RKDA,Q30285756,instance_of,Q891723,public company,2026-04-10 08:14:08.375809
31239,RKDA,Q30285756,instance_of,Q4830453,business,2026-04-10 08:14:08.375809
31240,RPD,Q85874460,instance_of,Q891723,public company,2026-04-10 08:14:08.375809
31241,RPD,Q85874460,instance_of,Q4830453,business,2026-04-10 08:14:08.375809
31242,RUM,Q104765127,instance_of,Q59152282,video streaming service,2026-04-10 08:14:08.375809
31243,RLAY,Q106411735,instance_of,Q4830453,business,2026-04-10 08:14:08.375809
31244,ROCK,Q111387847,instance_of,Q891723,public company,2026-04-10 08:14:08.375809
31245,ROCK,Q111387847,instance_of,Q4830453,business,2026-04-10 08:14:08.375809
31246,RIOT,Q113840664,instance_of,Q4830453,business,2026-04-10 08:14:08.375809
31247,RXRX,Q120877642,instance_of,Q4830453,business,2026-04-10 08:14:08.375809
31248,RR,Q124361729,instance_of,Q4830453,business,2026-04-10 08:14:08.375809
31249,RLYB,Q125427741,instance_of,Q4830453,business,2026-04-10 08:14:08.375809
31250,RNA,Q137920048,instance_of,Q783794,company,2026-04-10 08:14:08.375809
31251,RNA,Q137920048,instance_of,Q891723,public company,2026-04-10 08:14:08.375809
31252,RNA,Q137920048,instance_of,Q4830453,business,2026-04-10 08:14:08.375809
31253,RNA,Q137920048,instance_of,Q90298876,biotechnology company,2026-04-10 08:14:08.375809
31257,ROST,Q3442791,part_of,Q242345,S&P 500,2026-04-10 08:14:08.375809
31258,ROST,Q3442791,part_of,Q507306,Nasdaq-100,2026-04-10 08:14:08.375809
31261,REGN,Q7308054,part_of,Q242345,S&P 500,2026-04-10 08:14:08.375809
31262,REGN,Q7308054,part_of,Q507306,Nasdaq-100,2026-04-10 08:14:08.375809
31273,RUM,Q104765127,part_of,Q98915099,alt-tech,2026-04-10 08:14:08.375809
31288,RENT,Q7313561,owned_by,SCOR,Comscore,2026-04-10 08:14:08.375809
31290,RIVN,Q7338847,owned_by,AMZN,Amazon,2026-04-10 08:14:08.375809
31291,RIVN,Q7338847,owned_by,F,Ford Motor Company,2026-04-10 08:14:08.375809
31395,SBUX,Q37158,investments,BLK,nan,2026-04-10 08:14:08.375809
31404,SCOR,Q734779,investments,RENT,nan,2026-04-10 08:14:08.375809
31458,SBUX,Q37158,products,Q8486,coffee,2026-04-10 08:14:08.375809
31459,SBUX,Q37158,products,Q766148,Frappuccino,2026-04-10 08:14:08.375809
31464,SATS,Q1280748,products,Q209588,satellite television,2026-04-10 08:14:08.375809
31466,SABR,Q4376955,products,Q1727367,Sabre,2026-04-10 08:14:08.375809
31479,RUSHA,Q25245312,products,Q43193,truck,2026-04-10 08:14:08.375809
31538,SBUX,Q37158,instance_of,Q76212517,café chain,2026-04-10 08:14:08.375809
31539,SEDG,Q187212,instance_of,Q891723,public company,2026-04-10 08:14:08.375809
31540,SEDG,Q187212,instance_of,Q4830453,business,2026-04-10 08:14:08.375809
31541,SANM,Q426583,instance_of,Q891723,public company,2026-04-10 08:14:08.375809
31542,SANM,Q426583,instance_of,Q4830453,business,2026-04-10 08:14:08.375809
31543,SCOR,Q734779,instance_of,Q35127,website,2026-04-10 08:14:08.375809
31544,SCOR,Q734779,instance_of,Q891723,public company,2026-04-10 08:14:08.375809
31545,SCOR,Q734779,instance_of,Q4830453,business,2026-04-10 08:14:08.375809
31546,SCHL,Q1155729,instance_of,Q891723,public company,2026-04-10 08:14:08.375809
31547,SCHL,Q1155729,instance_of,Q1320047,book publisher,2026-04-10 08:14:08.375809
31548,SCHL,Q1155729,instance_of,Q4830453,business,2026-04-10 08:14:08.375809
31549,SCHL,Q1155729,instance_of,Q57285129,education company,2026-04-10 08:14:08.375809
31550,SATS,Q1280748,instance_of,Q891723,public company,2026-04-10 08:14:08.375809
31551,SATS,Q1280748,instance_of,Q4830453,business,2026-04-10 08:14:08.375809
31552,SATS,Q1280748,instance_of,Q6881511,enterprise,2026-04-10 08:14:08.375809
31553,SBGI,Q2288792,instance_of,Q891723,public company,2026-04-10 08:14:08.375809
31554,SBGI,Q2288792,instance_of,Q4830453,business,2026-04-10 08:14:08.375809
31555,SBGI,Q2288792,instance_of,Q6881511,enterprise,2026-04-10 08:14:08.375809
31556,SABR,Q4376955,instance_of,Q891723,public company,2026-04-10 08:14:08.375809
31557,SABR,Q4376955,instance_of,Q4830453,business,2026-04-10 08:14:08.375809
31558,RRGB,Q7304886,instance_of,Q891723,public company,2026-04-10 08:14:08.375809
31559,RRGB,Q7304886,instance_of,Q18534542,restaurant chain,2026-04-10 08:14:08.375809
31560,SBAC,Q7388926,instance_of,Q891723,public company,2026-04-10 08:14:08.375809
31561,SBAC,Q7388926,instance_of,Q4830453,business,2026-04-10 08:14:08.375809
31562,SEIC,Q7389686,instance_of,Q891723,public company,2026-04-10 08:14:08.375809
31563,SEIC,Q7389686,instance_of,Q4830453,business,2026-04-10 08:14:08.375809
31564,SAIA,Q7399844,instance_of,Q740752,transport company,2026-04-10 08:14:08.375809
31565,SAIA,Q7399844,instance_of,Q891723,public company,2026-04-10 08:14:08.375809
31566,SAIA,Q7399844,instance_of,Q4830453,business,2026-04-10 08:14:08.375809
31567,SDGR,Q7432923,instance_of,Q4830453,business,2026-04-10 08:14:08.375809
31568,SENEA,Q7450295,instance_of,Q4830453,business,2026-04-10 08:14:08.375809
31569,SENEB,Q7450295,instance_of,Q4830453,business,2026-04-10 08:14:08.375809
31570,SEV,Q7457122,instance_of,Q891723,public company,2026-04-10 08:14:08.375809
31571,SEV,Q7457122,instance_of,Q4830453,business,2026-04-10 08:14:08.375809
31572,SCVL,Q7500007,instance_of,Q891723,public company,2026-04-10 08:14:08.375809
31573,SCVL,Q7500007,instance_of,Q4830453,business,2026-04-10 08:14:08.375809
31574,SCVL,Q7500007,instance_of,Q76216568,shoe store chain,2026-04-10 08:14:08.375809
31575,SFM,Q7581369,instance_of,Q891723,public company,2026-04-10 08:14:08.375809
31576,SFM,Q7581369,instance_of,Q4830453,business,2026-04-10 08:14:08.375809
31577,SFM,Q7581369,instance_of,Q18043413,supermarket chain,2026-04-10 08:14:08.375809
31578,SFM,Q7581369,instance_of,Q50969307,health food store chain,2026-04-10 08:14:08.375809
31579,SFIX,Q18385610,instance_of,Q783794,company,2026-04-10 08:14:08.375809
31580,SFIX,Q18385610,instance_of,Q891723,public company,2026-04-10 08:14:08.375809
31581,SCSC,Q22121871,instance_of,Q891723,public company,2026-04-10 08:14:08.375809
31582,RUSHA,Q25245312,instance_of,Q891723,public company,2026-04-10 08:14:08.375809
31583,SFNC,Q28402389,instance_of,Q22687,bank,2026-04-10 08:14:08.375809
31584,SFNC,Q28402389,instance_of,Q650241,financial institution,2026-04-10 08:14:08.375809
31585,SFNC,Q28402389,instance_of,Q891723,public company,2026-04-10 08:14:08.375809
31586,SFNC,Q28402389,instance_of,Q4830453,business,2026-04-10 08:14:08.375809
31587,RYTM,Q30269284,instance_of,Q891723,public company,2026-04-10 08:14:08.375809
31588,RYTM,Q30269284,instance_of,Q4830453,business,2026-04-10 08:14:08.375809
31589,SERV,Q112583437,instance_of,Q1468664,logistics company,2026-04-10 08:14:08.375809
31590,SEER,Q115446257,instance_of,Q891723,public company,2026-04-10 08:14:08.375809
31591,SEER,Q115446257,instance_of,Q4830453,business,2026-04-10 08:14:08.375809
31592,SGRY,Q124668353,instance_of,Q4830453,business,2026-04-10 08:14:08.375809
31593,SBUX,Q37158,part_of,Q242345,S&P 500,2026-04-10 08:14:08.375809
31594,SBUX,Q37158,part_of,Q507306,Nasdaq-100,2026-04-10 08:14:08.375809
31595,SBUX,Q37158,part_of,Q1546793,S&P 100,2026-04-10 08:14:08.375809
31604,SBAC,Q7388926,part_of,Q242345,S&P 500,2026-04-10 08:14:08.375809
31781,SNDK,Q260833,products,Q183731,memory card,2026-04-10 08:14:08.375809
31782,SNDK,Q260833,products,Q189396,dynamic random-access memory,2026-04-10 08:14:08.375809
31783,SNDK,Q260833,products,Q230110,SIM card,2026-04-10 08:14:08.375809
31784,SNDK,Q260833,products,Q487343,solid-state drive,2026-04-10 08:14:08.375809
31785,SNDK,Q260833,products,Q1647694,USB flash drive,2026-04-10 08:14:08.375809
31786,SNDK,Q260833,products,Q5830907,computer memory,2026-04-10 08:14:08.375809
31787,SNDK,Q260833,products,Q10872571,portable media player,2026-04-10 08:14:08.375809
31788,SONM,Q1225892,products,Q17517,mobile phone,2026-04-10 08:14:08.375809
31790,SMCI,Q1817174,products,Q3966,computer hardware,2026-04-10 08:14:08.375809
31791,SMCI,Q1817174,products,Q3975,computer case,2026-04-10 08:14:08.375809
31792,SMCI,Q1817174,products,Q7397,software,2026-04-10 08:14:08.375809
31793,SMCI,Q1817174,products,Q64729893,server computer,2026-04-10 08:14:08.375809
31794,SLAB,Q2286044,products,Q165678,microcontroller,2026-04-10 08:14:08.375809
31796,SIRI,Q3277465,products,Q184973,internet radio,2026-04-10 08:14:08.375809
31797,SIRI,Q3277465,products,Q2090081,satellite radio,2026-04-10 08:14:08.375809
31799,SONO,Q3492619,products,Q27680882,Play,2026-04-10 08:14:08.375809
31800,SSNC,Q7392916,products,Q1254596,software as a service,2026-04-10 08:14:08.375809
31802,SNBR,Q7447640,products,Q171495,mattress,2026-04-10 08:14:08.375809
31803,SLP,Q7521341,products,Q7397,software,2026-04-10 08:14:08.375809
31804,SKYW,Q7537214,products,Q46970,airline,2026-04-10 08:14:08.375809
31809,SLDP,Q30267644,products,Q267298,battery,2026-04-10 08:14:08.375809
31813,SIDU,Q124036729,products,Q372881,spacecraft bus,2026-04-10 08:14:08.375809
31866,SNDK,Q260833,instance_of,Q891723,public company,2026-04-10 08:14:08.375809
31867,SNDK,Q260833,instance_of,Q4830453,business,2026-04-10 08:14:08.375809
31868,SNDK,Q260833,instance_of,Q6881511,enterprise,2026-04-10 08:14:08.375809
31869,SONM,Q1225892,instance_of,Q891723,public company,2026-04-10 08:14:08.375809
31870,SONM,Q1225892,instance_of,Q4830453,business,2026-04-10 08:14:08.375809
31871,SNEX,Q1666331,instance_of,Q891723,public company,2026-04-10 08:14:08.375809
31872,SNEX,Q1666331,instance_of,Q4830453,business,2026-04-10 08:14:08.375809
31873,SMCI,Q1817174,instance_of,Q891723,public company,2026-04-10 08:14:08.375809
31874,SMCI,Q1817174,instance_of,Q1055701,computer manufacturer,2026-04-10 08:14:08.375809
31875,SMCI,Q1817174,instance_of,Q1149029,systems integrator,2026-04-10 08:14:08.375809
31876,SMCI,Q1817174,instance_of,Q4830453,business,2026-04-10 08:14:08.375809
31877,SLAB,Q2286044,instance_of,Q891723,public company,2026-04-10 08:14:08.375809
31878,SLAB,Q2286044,instance_of,Q4830453,business,2026-04-10 08:14:08.375809
31879,SNPS,Q2303478,instance_of,Q891723,public company,2026-04-10 08:14:08.375809
31880,SNPS,Q2303478,instance_of,Q4830453,business,2026-04-10 08:14:08.375809
31881,SNPS,Q2303478,instance_of,Q6881511,enterprise,2026-04-10 08:14:08.375809
31882,SIRI,Q3277465,instance_of,Q891723,public company,2026-04-10 08:14:08.375809
31883,SIRI,Q3277465,instance_of,Q4830453,business,2026-04-10 08:14:08.375809
31884,SMTC,Q3459777,instance_of,Q891723,public company,2026-04-10 08:14:08.375809
31885,SMTC,Q3459777,instance_of,Q4830453,business,2026-04-10 08:14:08.375809
31886,SONO,Q3492619,instance_of,Q891723,public company,2026-04-10 08:14:08.375809
31887,SONO,Q3492619,instance_of,Q4830453,business,2026-04-10 08:14:08.375809
31888,SONO,Q3492619,instance_of,Q6881511,enterprise,2026-04-10 08:14:08.375809
31889,SSNC,Q7392916,instance_of,Q891723,public company,2026-04-10 08:14:08.375809
31890,SSNC,Q7392916,instance_of,Q4830453,business,2026-04-10 08:14:08.375809
31891,SGMO,Q7417809,instance_of,Q891723,public company,2026-04-10 08:14:08.375809
31892,SGMO,Q7417809,instance_of,Q4830453,business,2026-04-10 08:14:08.375809
31893,SNBR,Q7447640,instance_of,Q891723,public company,2026-04-10 08:14:08.375809
31894,SNBR,Q7447640,instance_of,Q4830453,business,2026-04-10 08:14:08.375809
31895,SLP,Q7521341,instance_of,Q891723,public company,2026-04-10 08:14:08.375809
31896,SLP,Q7521341,instance_of,Q4830453,business,2026-04-10 08:14:08.375809
31897,SKYW,Q7537214,instance_of,Q891723,public company,2026-04-10 08:14:08.375809
31898,SKYW,Q7537214,instance_of,Q4830453,business,2026-04-10 08:14:08.375809
31899,SMSI,Q7545224,instance_of,Q891723,public company,2026-04-10 08:14:08.375809
31900,SMSI,Q7545224,instance_of,Q4830453,business,2026-04-10 08:14:08.375809
31901,SOUN,Q7564622,instance_of,Q891723,public company,2026-04-10 08:14:08.375809
31902,SOUN,Q7564622,instance_of,Q6881511,enterprise,2026-04-10 08:14:08.375809
31903,SOUN,Q7564622,instance_of,Q115252929,music recognition software,2026-04-10 08:14:08.375809
31904,STKL,Q7638153,instance_of,Q891723,public company,2026-04-10 08:14:08.375809
31905,STKL,Q7638153,instance_of,Q4830453,business,2026-04-10 08:14:08.375809
31906,SPSC,Q17082992,instance_of,Q891723,public company,2026-04-10 08:14:08.375809
31907,SPSC,Q17082992,instance_of,Q4830453,business,2026-04-10 08:14:08.375809
31908,SLDP,Q30267644,instance_of,Q4830453,business,2026-04-10 08:14:08.375809
31909,SITM,Q55360040,instance_of,Q783794,company,2026-04-10 08:14:08.375809
31910,SITM,Q55360040,instance_of,Q4830453,business,2026-04-10 08:14:08.375809
31911,SEZL,Q85800542,instance_of,Q891723,public company,2026-04-10 08:14:08.375809
31912,SEZL,Q85800542,instance_of,Q4830453,business,2026-04-10 08:14:08.375809
31913,SEZL,Q85800542,instance_of,Q21980538,commercial organization,2026-04-10 08:14:08.375809
31914,SMMT,Q113503453,instance_of,Q891723,public company,2026-04-10 08:14:08.375809
31915,SIDU,Q124036729,instance_of,Q4830453,business,2026-04-10 08:14:08.375809
31916,SLM,Q130318284,instance_of,Q891723,public company,2026-04-10 08:14:08.375809
31917,SMPL,Q136565240,instance_of,Q4830453,business,2026-04-10 08:14:08.375809
31923,SNPS,Q2303478,part_of,Q242345,S&P 500,2026-04-10 08:14:08.375809
31924,SNPS,Q2303478,part_of,Q507306,Nasdaq-100,2026-04-10 08:14:08.375809
31925,SIRI,Q3277465,part_of,Q507306,Nasdaq-100,2026-04-10 08:14:08.375809
31935,STKL,Q7638153,part_of,Q1969854,Natur-Aktien-Index,2026-04-10 08:14:08.375809
31944,SNDK,Q260833,owned_by,WDC,Western Digital,2026-04-10 08:14:08.375809
32027,SSYS,Q3975878,subsidiaries,SSYS,nan,2026-04-10 08:14:08.375809
32046,TCBK,Q138635611,subsidiaries,TCBK,nan,2026-04-10 08:14:08.375809
32104,SPWR,Q645525,products,Q774583,solar panel,2026-04-10 08:14:08.375809
32105,TEAM,Q757307,products,Q7247856,productivity software,2026-04-10 08:14:08.375809
32106,SYNA,Q1571490,products,Q20137,touchpad,2026-04-10 08:14:08.375809
32109,SSYS,Q3975878,products,Q229367,3D printing,2026-04-10 08:14:08.375809
32110,THFF,Q5453008,products,Q837171,financial services,2026-04-10 08:14:08.375809
32112,SSRM,Q7516369,products,Q1090,silver,2026-04-10 08:14:08.375809
32114,STLD,Q7605667,products,Q11427,steel,2026-04-10 08:14:08.375809
32115,SSYS,Q14705393,products,Q229367,3D printing,2026-04-10 08:14:08.375809
32116,THRY,Q14914829,products,Q1254596,software as a service,2026-04-10 08:14:08.375809
32118,SSYS,Q16994357,products,Q15548076,computer-aided design software,2026-04-10 08:14:08.375809
32120,TECH,Q19873469,products,Q8054,protein,2026-04-10 08:14:08.375809
32179,SPWR,Q645525,instance_of,Q891723,public company,2026-04-10 08:14:08.375809
32180,SPWR,Q645525,instance_of,Q4830453,business,2026-04-10 08:14:08.375809
32181,TEAM,Q757307,instance_of,Q891723,public company,2026-04-10 08:14:08.375809
32182,TEAM,Q757307,instance_of,Q1058914,software company,2026-04-10 08:14:08.375809
32183,TEAM,Q757307,instance_of,Q4830453,business,2026-04-10 08:14:08.375809
32184,TEAM,Q757307,instance_of,Q6881511,enterprise,2026-04-10 08:14:08.375809
32185,SYNA,Q1571490,instance_of,Q43229,organization,2026-04-10 08:14:08.375809
32186,SYNA,Q1571490,instance_of,Q891723,public company,2026-04-10 08:14:08.375809
32187,SYNA,Q1571490,instance_of,Q4830453,business,2026-04-10 08:14:08.375809
32188,SYNA,Q1571490,instance_of,Q6881511,enterprise,2026-04-10 08:14:08.375809
32189,TILE,Q1666040,instance_of,Q891723,public company,2026-04-10 08:14:08.375809
32190,TILE,Q1666040,instance_of,Q4830453,business,2026-04-10 08:14:08.375809
32191,TCX,Q2087612,instance_of,Q891723,public company,2026-04-10 08:14:08.375809
32192,TCX,Q2087612,instance_of,Q4830453,business,2026-04-10 08:14:08.375809
32193,SSYS,Q3975878,instance_of,Q891723,public company,2026-04-10 08:14:08.375809
32194,SSYS,Q3975878,instance_of,Q4830453,business,2026-04-10 08:14:08.375809
32195,THFF,Q5453008,instance_of,Q891723,public company,2026-04-10 08:14:08.375809
32196,THFF,Q5453008,instance_of,Q4830453,business,2026-04-10 08:14:08.375809
32197,STIM,Q7002474,instance_of,Q891723,public company,2026-04-10 08:14:08.375809
32198,STIM,Q7002474,instance_of,Q4830453,business,2026-04-10 08:14:08.375809
32199,SSRM,Q7516369,instance_of,Q891723,public company,2026-04-10 08:14:08.375809
32200,SSRM,Q7516369,instance_of,Q4830453,business,2026-04-10 08:14:08.375809
32201,SWKS,Q7538146,instance_of,Q891723,public company,2026-04-10 08:14:08.375809
32202,SWKS,Q7538146,instance_of,Q4830453,business,2026-04-10 08:14:08.375809
32203,STLD,Q7605667,instance_of,Q891723,public company,2026-04-10 08:14:08.375809
32204,STLD,Q7605667,instance_of,Q4830453,business,2026-04-10 08:14:08.375809
32205,SSYS,Q14705393,instance_of,Q891723,public company,2026-04-10 08:14:08.375809
32206,SSYS,Q14705393,instance_of,Q4830453,business,2026-04-10 08:14:08.375809
32207,THRY,Q14914829,instance_of,Q891723,public company,2026-04-10 08:14:08.375809
32208,THRY,Q14914829,instance_of,Q4830453,business,2026-04-10 08:14:08.375809
32209,THRY,Q14914829,instance_of,Q6881511,enterprise,2026-04-10 08:14:08.375809
32210,SRPT,Q15109846,instance_of,Q891723,public company,2026-04-10 08:14:08.375809
32211,SRPT,Q15109846,instance_of,Q4830453,business,2026-04-10 08:14:08.375809
32212,SSYS,Q16994357,instance_of,Q891723,public company,2026-04-10 08:14:08.375809
32213,SSYS,Q16994357,instance_of,Q4830453,business,2026-04-10 08:14:08.375809
32214,TLF,Q18217462,instance_of,Q891723,public company,2026-04-10 08:14:08.375809
32215,TLF,Q18217462,instance_of,Q4830453,business,2026-04-10 08:14:08.375809
32216,TECH,Q19873469,instance_of,Q891723,public company,2026-04-10 08:14:08.375809
32217,TECH,Q19873469,instance_of,Q4830453,business,2026-04-10 08:14:08.375809
32218,TCBI,Q54622058,instance_of,Q783794,company,2026-04-10 08:14:08.375809
32219,TCBI,Q54622058,instance_of,Q891723,public company,2026-04-10 08:14:08.375809
32220,TDUP,Q105751519,instance_of,Q891723,public company,2026-04-10 08:14:08.375809
32221,TDUP,Q105751519,instance_of,Q4830453,business,2026-04-10 08:14:08.375809
32222,TGTX,Q106301317,instance_of,Q891723,public company,2026-04-10 08:14:08.375809
32223,SSTI,Q107740188,instance_of,Q4830453,business,2026-04-10 08:14:08.375809
32224,TCBK,Q108888216,instance_of,Q22687,bank,2026-04-10 08:14:08.375809
32225,TCBK,Q108888216,instance_of,Q650241,financial institution,2026-04-10 08:14:08.375809
32226,TCBK,Q108888216,instance_of,Q891723,public company,2026-04-10 08:14:08.375809
32227,TCBK,Q108888216,instance_of,Q4830453,business,2026-04-10 08:14:08.375809
32228,SYM,Q112892574,instance_of,Q783794,company,2026-04-10 08:14:08.375809
32229,SYM,Q112892574,instance_of,Q4830453,business,2026-04-10 08:14:08.375809
32230,TEM,Q127040202,instance_of,Q891723,public company,2026-04-10 08:14:08.375809
32231,TEM,Q127040202,instance_of,Q4830453,business,2026-04-10 08:14:08.375809
32232,TCBK,Q138635611,instance_of,Q891723,public company,2026-04-10 08:14:08.375809
32233,TCBK,Q138635611,instance_of,Q4830453,business,2026-04-10 08:14:08.375809
32235,TEAM,Q757307,part_of,Q507306,Nasdaq-100,2026-04-10 08:14:08.375809
32237,TILE,Q1666040,part_of,Q1969854,Natur-Aktien-Index,2026-04-10 08:14:08.375809
32243,SWKS,Q7538146,part_of,Q242345,S&P 500,2026-04-10 08:14:08.375809
32244,SWKS,Q7538146,part_of,Q507306,Nasdaq-100,2026-04-10 08:14:08.375809
32260,SPWR,Q645525,owned_by,TTE.PA,TotalEnergies,2026-04-10 08:14:08.375809
32274,SSYS,Q16994357,owned_by,SSYS,Stratasys,2026-04-10 08:14:08.375809
32467,TTWO,Q94933,products,Q7397,software,2026-04-10 08:14:08.375809
32468,TTWO,Q94933,products,Q7889,video game,2026-04-10 08:14:08.375809
32469,TIGO,Q276345,products,Q992968,mobile telephony,2026-04-10 08:14:08.375809
32473,TRMB,Q2297063,products,Q7397,software,2026-04-10 08:14:08.375809
32477,TTGT,Q7692144,products,Q1323528,digital marketing,2026-04-10 08:14:08.375809
32482,TITN,Q7809764,products,Q1046940,Case Construction Equipment,2026-04-10 08:14:08.375809
32483,TITN,Q7809764,products,Q1046997,Case IH,2026-04-10 08:14:08.375809
32484,TITN,Q7809764,products,Q1423217,New Holland,2026-04-10 08:14:08.375809
32485,TITN,Q7809764,products,Q7008675,New Holland Construction,2026-04-10 08:14:08.375809
32491,TENB,Q55948312,products,Q7397,software,2026-04-10 08:14:08.375809
32492,TENB,Q55948312,products,Q1070329,Nessus,2026-04-10 08:14:08.375809
32547,TTWO,Q94933,instance_of,Q210167,video game developer,2026-04-10 08:14:08.375809
32548,TTWO,Q94933,instance_of,Q891723,public company,2026-04-10 08:14:08.375809
32549,TIGO,Q276345,instance_of,Q891723,public company,2026-04-10 08:14:08.375809
32550,TIGO,Q276345,instance_of,Q4830453,business,2026-04-10 08:14:08.375809
32551,TSLA,Q478214,instance_of,Q167037,corporation,2026-04-10 08:14:08.375809
32552,TSLA,Q478214,instance_of,Q4830453,business,2026-04-10 08:14:08.375809
32553,TSLA,Q478214,instance_of,Q6881511,enterprise,2026-04-10 08:14:08.375809
32554,TRMD,Q694872,instance_of,Q891723,public company,2026-04-10 08:14:08.375809
32555,TRMD,Q694872,instance_of,Q4830453,business,2026-04-10 08:14:08.375809
32556,TRMD,Q694872,instance_of,Q6881511,enterprise,2026-04-10 08:14:08.375809
32557,TRIP,Q1770710,instance_of,Q35127,website,2026-04-10 08:14:08.375809
32558,TRIP,Q1770710,instance_of,Q891723,public company,2026-04-10 08:14:08.375809
32559,TRIP,Q1770710,instance_of,Q1276157,travel website,2026-04-10 08:14:08.375809
32560,TRIP,Q1770710,instance_of,Q4830453,business,2026-04-10 08:14:08.375809
32561,TRIP,Q1770710,instance_of,Q6881511,enterprise,2026-04-10 08:14:08.375809
32562,TRMB,Q2297063,instance_of,Q891723,public company,2026-04-10 08:14:08.375809
32563,TRMB,Q2297063,instance_of,Q4830453,business,2026-04-10 08:14:08.375809
32564,TRMB,Q2297063,instance_of,Q6881511,enterprise,2026-04-10 08:14:08.375809
32565,TMUS,Q3511885,instance_of,Q11371,internet service provider,2026-04-10 08:14:08.375809
32566,TMUS,Q3511885,instance_of,Q891723,public company,2026-04-10 08:14:08.375809
32567,TMUS,Q3511885,instance_of,Q1941618,mobile network operator,2026-04-10 08:14:08.375809
32568,TMUS,Q3511885,instance_of,Q2401749,telecommunication company,2026-04-10 08:14:08.375809
32569,TMUS,Q3511885,instance_of,Q4830453,business,2026-04-10 08:14:08.375809
32570,TMUS,Q3511885,instance_of,Q6881511,enterprise,2026-04-10 08:14:08.375809
32571,TROW,Q3511946,instance_of,Q891723,public company,2026-04-10 08:14:08.375809
32572,TROW,Q3511946,instance_of,Q4830453,business,2026-04-10 08:14:08.375809
32573,TROW,Q3511946,instance_of,Q6881511,enterprise,2026-04-10 08:14:08.375809
32574,TREE,Q6522339,instance_of,Q891723,public company,2026-04-10 08:14:08.375809
32575,TREE,Q6522339,instance_of,Q4830453,business,2026-04-10 08:14:08.375809
32576,TTGT,Q7692144,instance_of,Q891723,public company,2026-04-10 08:14:08.375809
32577,TTGT,Q7692144,instance_of,Q4830453,business,2026-04-10 08:14:08.375809
32578,TTEC,Q7695737,instance_of,Q891723,public company,2026-04-10 08:14:08.375809
32579,TTEC,Q7695737,instance_of,Q4830453,business,2026-04-10 08:14:08.375809
32580,TLS,Q7697828,instance_of,Q4830453,business,2026-04-10 08:14:08.375809
32581,TERN,Q7701648,instance_of,Q891723,public company,2026-04-10 08:14:08.375809
32582,TERN,Q7701648,instance_of,Q4830453,business,2026-04-10 08:14:08.375809
32583,TTEK,Q7706196,instance_of,Q891723,public company,2026-04-10 08:14:08.375809
32584,TTEK,Q7706196,instance_of,Q4830453,business,2026-04-10 08:14:08.375809
32585,TITN,Q7809764,instance_of,Q891723,public company,2026-04-10 08:14:08.375809
32586,TITN,Q7809764,instance_of,Q3704253,trader,2026-04-10 08:14:08.375809
32587,TITN,Q7809764,instance_of,Q4830453,business,2026-04-10 08:14:08.375809
32588,TRUP,Q7848008,instance_of,Q891723,public company,2026-04-10 08:14:08.375809
32589,TRUP,Q7848008,instance_of,Q4830453,business,2026-04-10 08:14:08.375809
32590,TSCO,Q15109925,instance_of,Q891723,public company,2026-04-10 08:14:08.375809
32591,TSCO,Q15109925,instance_of,Q4830453,business,2026-04-10 08:14:08.375809
32592,TSCO,Q15109925,instance_of,Q6881511,enterprise,2026-04-10 08:14:08.375809
32593,THRM,Q16994021,instance_of,Q891723,public company,2026-04-10 08:14:08.375809
32594,THRM,Q16994021,instance_of,Q4830453,business,2026-04-10 08:14:08.375809
32595,TNDM,Q22121872,instance_of,Q891723,public company,2026-04-10 08:14:08.375809
32596,TNDM,Q22121872,instance_of,Q4830453,business,2026-04-10 08:14:08.375809
32597,TNXP,Q39052499,instance_of,Q891723,public company,2026-04-10 08:14:08.375809
32598,TNXP,Q39052499,instance_of,Q4830453,business,2026-04-10 08:14:08.375809
32599,TENB,Q55948312,instance_of,Q891723,public company,2026-04-10 08:14:08.375809
32600,TENB,Q55948312,instance_of,Q4830453,business,2026-04-10 08:14:08.375809
32601,TLRY,Q60480286,instance_of,Q891723,public company,2026-04-10 08:14:08.375809
32602,TLRY,Q60480286,instance_of,Q4830453,business,2026-04-10 08:14:08.375809
32603,TTD,Q60744565,instance_of,Q891723,public company,2026-04-10 08:14:08.375809
32604,TTD,Q60744565,instance_of,Q4830453,business,2026-04-10 08:14:08.375809
32605,TOWN,Q117461845,instance_of,Q22687,bank,2026-04-10 08:14:08.375809
32606,TTMI,Q123269714,instance_of,Q4830453,business,2026-04-10 08:14:08.375809
32607,TTWO,Q94933,part_of,Q82059,Nasdaq,2026-04-10 08:14:08.375809
32608,TTWO,Q94933,part_of,Q242345,S&P 500,2026-04-10 08:14:08.375809
32609,TTWO,Q94933,part_of,Q507306,Nasdaq-100,2026-04-10 08:14:08.375809
32611,TSLA,Q478214,part_of,Q242345,S&P 500,2026-04-10 08:14:08.375809
32612,TSLA,Q478214,part_of,Q507306,Nasdaq-100,2026-04-10 08:14:08.375809
32613,TSLA,Q478214,part_of,Q773026,Dow Jones Global Titans 50,2026-04-10 08:14:08.375809
32614,TSLA,Q478214,part_of,Q1546793,S&P 100,2026-04-10 08:14:08.375809
32615,TSLA,Q478214,part_of,Q1969854,Natur-Aktien-Index,2026-04-10 08:14:08.375809
32617,TRIP,Q1770710,part_of,Q242345,S&P 500,2026-04-10 08:14:08.375809
32618,TRIP,Q1770710,part_of,Q108704461,list of companies operating in West Bank settlements,2026-04-10 08:14:08.375809
32619,TRMB,Q2297063,part_of,Q242345,S&P 500,2026-04-10 08:14:08.375809
32620,TMUS,Q3511885,part_of,Q242345,S&P 500,2026-04-10 08:14:08.375809
32621,TMUS,Q3511885,part_of,Q507306,Nasdaq-100,2026-04-10 08:14:08.375809
32622,TMUS,Q3511885,part_of,Q1546793,S&P 100,2026-04-10 08:14:08.375809
32623,TROW,Q3511946,part_of,Q242345,S&P 500,2026-04-10 08:14:08.375809
32632,TSCO,Q15109925,part_of,Q242345,S&P 500,2026-04-10 08:14:08.375809
32822,URBN,Q3552193,products,Q11460,clothing,2026-04-10 08:14:08.375809
32825,TXRH,Q7707945,products,Q213062,steak,2026-04-10 08:14:08.375809
32828,USCB,Q7863116,products,Q43015,finance,2026-04-10 08:14:08.375809
32895,TXN,Q193412,instance_of,Q891723,public company,2026-04-10 08:14:08.375809
32896,TXN,Q193412,instance_of,Q4830453,business,2026-04-10 08:14:08.375809
32897,TXN,Q193412,instance_of,Q18388277,technology company,2026-04-10 08:14:08.375809
32898,VC,Q637474,instance_of,Q891723,public company,2026-04-10 08:14:08.375809
32899,VC,Q637474,instance_of,Q4830453,business,2026-04-10 08:14:08.375809
32900,VC,Q637474,instance_of,Q6881511,enterprise,2026-04-10 08:14:08.375809
32901,ULCC,Q1139541,instance_of,Q43229,organization,2026-04-10 08:14:08.375809
32902,ULCC,Q1139541,instance_of,Q46970,airline,2026-04-10 08:14:08.375809
32903,ULCC,Q1139541,instance_of,Q4830453,business,2026-04-10 08:14:08.375809
32904,VECO,Q1665653,instance_of,Q891723,public company,2026-04-10 08:14:08.375809
32905,VECO,Q1665653,instance_of,Q4830453,business,2026-04-10 08:14:08.375809
32906,VECO,Q1665653,instance_of,Q6881511,enterprise,2026-04-10 08:14:08.375809
32907,UPWK,Q3344170,instance_of,Q891723,public company,2026-04-10 08:14:08.375809
32908,UPWK,Q3344170,instance_of,Q4830453,business,2026-04-10 08:14:08.375809
32909,UPWK,Q3344170,instance_of,Q5412217,freelance marketplace,2026-04-10 08:14:08.375809
32910,UPWK,Q3344170,instance_of,Q6881511,enterprise,2026-04-10 08:14:08.375809
32911,UPWK,Q3344170,instance_of,Q50867887,platform economy,2026-04-10 08:14:08.375809
32912,URBN,Q3552193,instance_of,Q18127,record label,2026-04-10 08:14:08.375809
32913,URBN,Q3552193,instance_of,Q726870,brick and mortar,2026-04-10 08:14:08.375809
32914,URBN,Q3552193,instance_of,Q891723,public company,2026-04-10 08:14:08.375809
32915,URBN,Q3552193,instance_of,Q4830453,business,2026-04-10 08:14:08.375809
32916,UONE,Q7280957,instance_of,Q891723,public company,2026-04-10 08:14:08.375809
32917,UONEK,Q7280957,instance_of,Q891723,public company,2026-04-10 08:14:08.375809
32918,UONE,Q7280957,instance_of,Q1916382,media conglomerate,2026-04-10 08:14:08.375809
32919,UONEK,Q7280957,instance_of,Q1916382,media conglomerate,2026-04-10 08:14:08.375809
32920,UONE,Q7280957,instance_of,Q4830453,business,2026-04-10 08:14:08.375809
32921,UONEK,Q7280957,instance_of,Q4830453,business,2026-04-10 08:14:08.375809
32922,TXRH,Q7707945,instance_of,Q891723,public company,2026-04-10 08:14:08.375809
32923,TXRH,Q7707945,instance_of,Q18534542,restaurant chain,2026-04-10 08:14:08.375809
32924,TZOO,Q7836120,instance_of,Q891723,public company,2026-04-10 08:14:08.375809
32925,TZOO,Q7836120,instance_of,Q4830453,business,2026-04-10 08:14:08.375809
32926,TWIN,Q7858146,instance_of,Q891723,public company,2026-04-10 08:14:08.375809
32927,TWIN,Q7858146,instance_of,Q4830453,business,2026-04-10 08:14:08.375809
32928,USCB,Q7863116,instance_of,Q4830453,business,2026-04-10 08:14:08.375809
32929,UMBF,Q7865088,instance_of,Q891723,public company,2026-04-10 08:14:08.375809
32930,UMBF,Q7865088,instance_of,Q4830453,business,2026-04-10 08:14:08.375809
32931,ULTA,Q7880076,instance_of,Q507619,retail chain,2026-04-10 08:14:08.375809
32932,ULTA,Q7880076,instance_of,Q891723,public company,2026-04-10 08:14:08.375809
32933,ULTA,Q7880076,instance_of,Q4830453,business,2026-04-10 08:14:08.375809
32934,UPST,Q7899307,instance_of,Q1194970,dot-com company,2026-04-10 08:14:08.375809
32935,VALU,Q7912737,instance_of,Q891723,public company,2026-04-10 08:14:08.375809
32936,VALU,Q7912737,instance_of,Q4830453,business,2026-04-10 08:14:08.375809
32937,VICR,Q7925565,instance_of,Q891723,public company,2026-04-10 08:14:08.375809
32938,VICR,Q7925565,instance_of,Q4830453,business,2026-04-10 08:14:08.375809
32939,ULBI,Q17086475,instance_of,Q891723,public company,2026-04-10 08:14:08.375809
32940,ULBI,Q17086475,instance_of,Q4830453,business,2026-04-10 08:14:08.375809
32941,UFPT,Q17145997,instance_of,Q891723,public company,2026-04-10 08:14:08.375809
32942,UFPT,Q17145997,instance_of,Q4830453,business,2026-04-10 08:14:08.375809
32943,TW,Q18754966,instance_of,Q11691,stock exchange,2026-04-10 08:14:08.375809
32944,TW,Q18754966,instance_of,Q891723,public company,2026-04-10 08:14:08.375809
32945,TW,Q18754966,instance_of,Q4830453,business,2026-04-10 08:14:08.375809
32946,VKTX,Q30269384,instance_of,Q4830453,business,2026-04-10 08:14:08.375809
32947,TWST,Q43303430,instance_of,Q891723,public company,2026-04-10 08:14:08.375809
32948,TWST,Q43303430,instance_of,Q4830453,business,2026-04-10 08:14:08.375809
32949,TWST,Q43303430,instance_of,Q6881511,enterprise,2026-04-10 08:14:08.375809
32950,TXG,Q56585268,instance_of,Q891723,public company,2026-04-10 08:14:08.375809
32951,TXG,Q56585268,instance_of,Q4830453,business,2026-04-10 08:14:08.375809
32952,TXG,Q56585268,instance_of,Q21980538,commercial organization,2026-04-10 08:14:08.375809
32953,VERI,Q96413806,instance_of,Q4830453,business,2026-04-10 08:14:08.375809
32954,VERI,Q96413806,instance_of,Q18388277,technology company,2026-04-10 08:14:08.375809
32955,VCTR,Q121816947,instance_of,Q4830453,business,2026-04-10 08:14:08.375809
32956,USAR,Q136659556,instance_of,Q783794,company,2026-04-10 08:14:08.375809
32957,TXN,Q193412,part_of,Q242345,S&P 500,2026-04-10 08:14:08.375809
32958,TXN,Q193412,part_of,Q507306,Nasdaq-100,2026-04-10 08:14:08.375809
32959,TXN,Q193412,part_of,Q1546793,S&P 100,2026-04-10 08:14:08.375809
32972,ULTA,Q7880076,part_of,Q242345,S&P 500,2026-04-10 08:14:08.375809
32973,ULTA,Q7880076,part_of,Q507306,Nasdaq-100,2026-04-10 08:14:08.375809
32986,TXN,Q193412,owned_by,BLK,BlackRock,2026-04-10 08:14:08.375809
32989,ULCC,Q1139541,owned_by,RJET,Republic Airways Holdings,2026-04-10 08:14:08.375809
33067,WDC,Q738770,subsidiaries,SNDK,nan,2026-04-10 08:14:08.375809
33104,WDC,Q738770,investments,SNDK,nan,2026-04-10 08:14:08.375809
33161,WEN,Q550258,products,Q6663,hamburger,2026-04-10 08:14:08.375809
33162,VRSN,Q734338,products,Q7397,software,2026-04-10 08:14:08.375809
33163,WDC,Q738770,products,Q1195211,hard disk drive platter,2026-04-10 08:14:08.375809
33164,WEN,Q2559267,products,Q81799,fast food,2026-04-10 08:14:08.375809
33165,VRTX,Q2744099,products,Q12140,medication,2026-04-10 08:14:08.375809
33168,VRA,Q7920749,products,Q11460,clothing,2026-04-10 08:14:08.375809
33172,WAFD,Q7971859,products,Q1548025,retail banking,2026-04-10 08:14:08.375809
33178,WDFC,Q21189117,products,Q898762,WD-40,2026-04-10 08:14:08.375809
33179,WDFC,Q21189117,products,Q4634152,3-In-One Oil,2026-04-10 08:14:08.375809
33180,WDFC,Q21189117,products,Q6502173,Lava,2026-04-10 08:14:08.375809
33181,WDFC,Q21189117,products,Q17507636,2000 Flushes,2026-04-10 08:14:08.375809
33184,VSTM,Q30289308,products,Q27077129,duvelisib,2026-04-10 08:14:08.375809
33185,VSTM,Q30289308,products,Q57665945,Copiktra,2026-04-10 08:14:08.375809
33240,WEN,Q550258,instance_of,Q891723,public company,2026-04-10 08:14:08.375809
33241,WEN,Q550258,instance_of,Q18509232,fast food restaurant chain,2026-04-10 08:14:08.375809
33242,VRSN,Q734338,instance_of,Q891723,public company,2026-04-10 08:14:08.375809
33243,VRSN,Q734338,instance_of,Q4830453,business,2026-04-10 08:14:08.375809
33244,VRSN,Q734338,instance_of,Q6881511,enterprise,2026-04-10 08:14:08.375809
33245,WDC,Q738770,instance_of,Q891723,public company,2026-04-10 08:14:08.375809
33246,WDC,Q738770,instance_of,Q4830453,business,2026-04-10 08:14:08.375809
33247,WDC,Q738770,instance_of,Q6881511,enterprise,2026-04-10 08:14:08.375809
33248,WEN,Q2559267,instance_of,Q891723,public company,2026-04-10 08:14:08.375809
33249,WEN,Q2559267,instance_of,Q4830453,business,2026-04-10 08:14:08.375809
33250,WEN,Q2559267,instance_of,Q6881511,enterprise,2026-04-10 08:14:08.375809
33251,VRTX,Q2744099,instance_of,Q43229,organization,2026-04-10 08:14:08.375809
33252,VRTX,Q2744099,instance_of,Q891723,public company,2026-04-10 08:14:08.375809
33253,VRTX,Q2744099,instance_of,Q4830453,business,2026-04-10 08:14:08.375809
33254,VRTX,Q2744099,instance_of,Q19644607,pharmaceutical company,2026-04-10 08:14:08.375809
33255,VLGEA,Q7501097,instance_of,Q891723,public company,2026-04-10 08:14:08.375809
33256,VLGEA,Q7501097,instance_of,Q18043413,supermarket chain,2026-04-10 08:14:08.375809
33257,VSEC,Q7907548,instance_of,Q891723,public company,2026-04-10 08:14:08.375809
33258,VSEC,Q7907548,instance_of,Q4830453,business,2026-04-10 08:14:08.375809
33259,VRA,Q7920749,instance_of,Q891723,public company,2026-04-10 08:14:08.375809
33260,VRA,Q7920749,instance_of,Q4830453,business,2026-04-10 08:14:08.375809
33261,VRSK,Q7921370,instance_of,Q891723,public company,2026-04-10 08:14:08.375809
33262,VRSK,Q7921370,instance_of,Q4830453,business,2026-04-10 08:14:08.375809
33263,VSAT,Q7924358,instance_of,Q891723,public company,2026-04-10 08:14:08.375809
33264,VSAT,Q7924358,instance_of,Q2401749,telecommunication company,2026-04-10 08:14:08.375809
33265,VSAT,Q7924358,instance_of,Q4830453,business,2026-04-10 08:14:08.375809
33266,VUZI,Q7943726,instance_of,Q891723,public company,2026-04-10 08:14:08.375809
33267,VUZI,Q7943726,instance_of,Q4830453,business,2026-04-10 08:14:08.375809
33268,VUZI,Q7943726,instance_of,Q6881511,enterprise,2026-04-10 08:14:08.375809
33269,WAFD,Q7971859,instance_of,Q22687,bank,2026-04-10 08:14:08.375809
33270,WAFD,Q7971859,instance_of,Q219577,holding company,2026-04-10 08:14:08.375809
33271,WAFD,Q7971859,instance_of,Q650241,financial institution,2026-04-10 08:14:08.375809
33272,WAFD,Q7971859,instance_of,Q891723,public company,2026-04-10 08:14:08.375809
33273,WAFD,Q7971859,instance_of,Q4830453,business,2026-04-10 08:14:08.375809
33274,WERN,Q7983382,instance_of,Q891723,public company,2026-04-10 08:14:08.375809
33275,WERN,Q7983382,instance_of,Q4830453,business,2026-04-10 08:14:08.375809
33276,WABC,Q7987101,instance_of,Q891723,public company,2026-04-10 08:14:08.375809
33277,WABC,Q7987101,instance_of,Q4830453,business,2026-04-10 08:14:08.375809
33278,WDAY,Q8034666,instance_of,Q891723,public company,2026-04-10 08:14:08.375809
33279,WDAY,Q8034666,instance_of,Q4830453,business,2026-04-10 08:14:08.375809
33280,VCEL,Q19604609,instance_of,Q891723,public company,2026-04-10 08:14:08.375809
33281,VCEL,Q19604609,instance_of,Q4830453,business,2026-04-10 08:14:08.375809
33282,VRNS,Q19903773,instance_of,Q891723,public company,2026-04-10 08:14:08.375809
33283,VRNS,Q19903773,instance_of,Q4830453,business,2026-04-10 08:14:08.375809
33284,WDFC,Q21189117,instance_of,Q891723,public company,2026-04-10 08:14:08.375809
33285,WDFC,Q21189117,instance_of,Q4830453,business,2026-04-10 08:14:08.375809
33286,VRM,Q23680003,instance_of,Q35127,website,2026-04-10 08:14:08.375809
33287,VRM,Q23680003,instance_of,Q783794,company,2026-04-10 08:14:08.375809
33288,VIAV,Q28222763,instance_of,Q891723,public company,2026-04-10 08:14:08.375809
33289,VIAV,Q28222763,instance_of,Q4830453,business,2026-04-10 08:14:08.375809
33290,VSTM,Q30289308,instance_of,Q43229,organization,2026-04-10 08:14:08.375809
33291,VSTM,Q30289308,instance_of,Q891723,public company,2026-04-10 08:14:08.375809
33292,VSTM,Q30289308,instance_of,Q4830453,business,2026-04-10 08:14:08.375809
33293,VSTM,Q30289308,instance_of,Q19644607,pharmaceutical company,2026-04-10 08:14:08.375809
33294,VTRS,Q101983981,instance_of,Q161726,multinational corporation,2026-04-10 08:14:08.375809
33295,VTRS,Q101983981,instance_of,Q891723,public company,2026-04-10 08:14:08.375809
33296,VTRS,Q101983981,instance_of,Q4830453,business,2026-04-10 08:14:08.375809
33297,VTRS,Q101983981,instance_of,Q19644607,pharmaceutical company,2026-04-10 08:14:08.375809
33298,WBD,Q107074885,instance_of,Q778575,conglomerate,2026-04-10 08:14:08.375809
33299,WBD,Q107074885,instance_of,Q891723,public company,2026-04-10 08:14:08.375809
33300,WBD,Q107074885,instance_of,Q4830453,business,2026-04-10 08:14:08.375809
33301,WBD,Q107074885,instance_of,Q6881511,enterprise,2026-04-10 08:14:08.375809
33302,WBD,Q107074885,instance_of,Q11396960,production company,2026-04-10 08:14:08.375809
33303,VSNT,Q135832869,instance_of,Q783794,company,2026-04-10 08:14:08.375809
33304,VWAV,Q138611424,instance_of,Q783794,company,2026-04-10 08:14:08.375809
33306,VRSN,Q734338,part_of,Q242345,S&P 500,2026-04-10 08:14:08.375809
33307,WDC,Q738770,part_of,Q242345,S&P 500,2026-04-10 08:14:08.375809
33308,WDC,Q738770,part_of,Q507306,Nasdaq-100,2026-04-10 08:14:08.375809
33310,VRTX,Q2744099,part_of,Q242345,S&P 500,2026-04-10 08:14:08.375809
33311,VRTX,Q2744099,part_of,Q507306,Nasdaq-100,2026-04-10 08:14:08.375809
33315,VRSK,Q7921370,part_of,Q242345,S&P 500,2026-04-10 08:14:08.375809
33316,VRSK,Q7921370,part_of,Q507306,Nasdaq-100,2026-04-10 08:14:08.375809
33322,WDAY,Q8034666,part_of,Q507306,Nasdaq-100,2026-04-10 08:14:08.375809
33329,VTRS,Q101983981,part_of,Q242345,S&P 500,2026-04-10 08:14:08.375809
33330,WBD,Q107074885,part_of,Q507306,Nasdaq-100,2026-04-10 08:14:08.375809
33343,VUZI,Q7943726,owned_by,INTC,Intel,2026-04-10 08:14:08.375809
33507,XP,Q96186528,subsidiaries,XP,nan,2026-04-10 08:14:08.375809
33622,ZD,Q199296,products,Q7397,software,2026-04-10 08:14:08.375809
33623,WMT,Q483551,products,Q180846,supermarket,2026-04-10 08:14:08.375809
33626,WW,Q1929466,products,Q718113,weight loss,2026-04-10 08:14:08.375809
33627,WYNN,Q2274089,products,Q133215,casino,2026-04-10 08:14:08.375809
33629,WSFS,Q7955609,products,Q22687,bank,2026-04-10 08:14:08.375809
33632,WING,Q8025339,products,Q864693,chicken as food,2026-04-10 08:14:08.375809
33633,WWD,Q8033550,products,Q959968,control system,2026-04-10 08:14:08.375809
33640,WKHS,Q28406599,products,Q7205234,plug-in electric vehicle,2026-04-10 08:14:08.375809
33641,WKHS,Q28406599,products,Q55637913,Workhorse SureFly,2026-04-10 08:14:08.375809
33645,WRAP,Q106641474,products,Q1480972,law enforcement equipment,2026-04-10 08:14:08.375809
33697,WMG,Q21077,instance_of,Q18127,record label,2026-04-10 08:14:08.375809
33698,WMG,Q21077,instance_of,Q891723,public company,2026-04-10 08:14:08.375809
33699,WMG,Q21077,instance_of,Q2442401,record company,2026-04-10 08:14:08.375809
33700,ZD,Q199296,instance_of,Q2085381,publishing house,2026-04-10 08:14:08.375809
33701,ZD,Q199296,instance_of,Q4830453,business,2026-04-10 08:14:08.375809
33702,ZD,Q199296,instance_of,Q6881511,enterprise,2026-04-10 08:14:08.375809
33703,WMT,Q483551,instance_of,Q43229,organization,2026-04-10 08:14:08.375809
33704,WMT,Q483551,instance_of,Q507619,retail chain,2026-04-10 08:14:08.375809
33705,WMT,Q483551,instance_of,Q891723,public company,2026-04-10 08:14:08.375809
33706,WMT,Q483551,instance_of,Q4830453,business,2026-04-10 08:14:08.375809
33707,WMT,Q483551,instance_of,Q6881511,enterprise,2026-04-10 08:14:08.375809
33708,WMT,Q483551,instance_of,Q105615608,hypermarket chain,2026-04-10 08:14:08.375809
33709,XRAY,Q834888,instance_of,Q891723,public company,2026-04-10 08:14:08.375809
33710,XRAY,Q834888,instance_of,Q4830453,business,2026-04-10 08:14:08.375809
33711,XEL,Q1486956,instance_of,Q891723,public company,2026-04-10 08:14:08.375809
33712,XEL,Q1486956,instance_of,Q4830453,business,2026-04-10 08:14:08.375809
33713,WW,Q1929466,instance_of,Q891723,public company,2026-04-10 08:14:08.375809
33714,WW,Q1929466,instance_of,Q4830453,business,2026-04-10 08:14:08.375809
33715,WW,Q1929466,instance_of,Q6881511,enterprise,2026-04-10 08:14:08.375809
33716,WYNN,Q2274089,instance_of,Q43229,organization,2026-04-10 08:14:08.375809
33717,WYNN,Q2274089,instance_of,Q891723,public company,2026-04-10 08:14:08.375809
33718,WYNN,Q2274089,instance_of,Q4830453,business,2026-04-10 08:14:08.375809
33719,WYNN,Q2274089,instance_of,Q6881511,enterprise,2026-04-10 08:14:08.375809
33720,WOOF,Q7906620,instance_of,Q891723,public company,2026-04-10 08:14:08.375809
33721,WOOF,Q7906620,instance_of,Q30103124,hospital group,2026-04-10 08:14:08.375809
33722,WSFS,Q7955609,instance_of,Q22687,bank,2026-04-10 08:14:08.375809
33723,WSFS,Q7955609,instance_of,Q891723,public company,2026-04-10 08:14:08.375809
33724,WSFS,Q7955609,instance_of,Q4830453,business,2026-04-10 08:14:08.375809
33725,WSBC,Q7983629,instance_of,Q22687,bank,2026-04-10 08:14:08.375809
33726,WSBC,Q7983629,instance_of,Q219577,holding company,2026-04-10 08:14:08.375809
33727,WSBC,Q7983629,instance_of,Q650241,financial institution,2026-04-10 08:14:08.375809
33728,WSBC,Q7983629,instance_of,Q891723,public company,2026-04-10 08:14:08.375809
33729,WSBC,Q7983629,instance_of,Q4830453,business,2026-04-10 08:14:08.375809
33730,WVVI,Q8003328,instance_of,Q891723,public company,2026-04-10 08:14:08.375809
33731,WVVI,Q8003328,instance_of,Q4830453,business,2026-04-10 08:14:08.375809
33732,WING,Q8025339,instance_of,Q891723,public company,2026-04-10 08:14:08.375809
33733,WING,Q8025339,instance_of,Q4830453,business,2026-04-10 08:14:08.375809
33734,WING,Q8025339,instance_of,Q18509232,fast food restaurant chain,2026-04-10 08:14:08.375809
33735,WWD,Q8033550,instance_of,Q891723,public company,2026-04-10 08:14:08.375809
33736,WWD,Q8033550,instance_of,Q4830453,business,2026-04-10 08:14:08.375809
33737,ZG,Q8071921,instance_of,Q35127,website,2026-04-10 08:14:08.375809
33738,ZG,Q8071921,instance_of,Q891723,public company,2026-04-10 08:14:08.375809
33739,ZG,Q8071921,instance_of,Q4830453,business,2026-04-10 08:14:08.375809
33740,ZG,Q8071921,instance_of,Q6881511,enterprise,2026-04-10 08:14:08.375809
33741,ZG,Q8071921,instance_of,Q61061942,online real estate database,2026-04-10 08:14:08.375809
33742,XP,Q10394124,instance_of,Q891723,public company,2026-04-10 08:14:08.375809
33743,XP,Q10394124,instance_of,Q4830453,business,2026-04-10 08:14:08.375809
33744,WLDN,Q17087372,instance_of,Q891723,public company,2026-04-10 08:14:08.375809
33745,WLDN,Q17087372,instance_of,Q4830453,business,2026-04-10 08:14:08.375809
33746,WLTH,Q18394708,instance_of,Q4830453,business,2026-04-10 08:14:08.375809
33747,WLTH,Q18394708,instance_of,Q21096079,Robo-advisor,2026-04-10 08:14:08.375809
33748,XRAY,Q23781052,instance_of,Q891723,public company,2026-04-10 08:14:08.375809
33749,XRAY,Q23781052,instance_of,Q4830453,business,2026-04-10 08:14:08.375809
33750,WINA,Q28048853,instance_of,Q783794,company,2026-04-10 08:14:08.375809
33751,WINA,Q28048853,instance_of,Q891723,public company,2026-04-10 08:14:08.375809
33752,WINA,Q28048853,instance_of,Q4830453,business,2026-04-10 08:14:08.375809
33753,WKHS,Q28406599,instance_of,Q267558,original equipment manufacturer,2026-04-10 08:14:08.375809
33754,WKHS,Q28406599,instance_of,Q891723,public company,2026-04-10 08:14:08.375809
33755,WKHS,Q28406599,instance_of,Q4830453,business,2026-04-10 08:14:08.375809
33756,XP,Q96186528,instance_of,Q6881511,enterprise,2026-04-10 08:14:08.375809
33757,WSC,Q106301677,instance_of,Q891723,public company,2026-04-10 08:14:08.375809
33758,XGN,Q106435940,instance_of,Q891723,public company,2026-04-10 08:14:08.375809
33759,XGN,Q106435940,instance_of,Q4830453,business,2026-04-10 08:14:08.375809
33760,XGN,Q106435940,instance_of,Q6881511,enterprise,2026-04-10 08:14:08.375809
33761,WRAP,Q106641474,instance_of,Q783794,company,2026-04-10 08:14:08.375809
33762,WRAP,Q106641474,instance_of,Q891723,public company,2026-04-10 08:14:08.375809
33763,XOS,Q126325758,instance_of,Q891723,public company,2026-04-10 08:14:08.375809
33764,XOS,Q126325758,instance_of,Q6881511,enterprise,2026-04-10 08:14:08.375809
33765,WMG,Q21077,part_of,Q1660312,major label,2026-04-10 08:14:08.375809
33767,WMT,Q483551,part_of,Q180816,Dow Jones Industrial Average,2026-04-10 08:14:08.375809
33768,WMT,Q483551,part_of,Q242345,S&P 500,2026-04-10 08:14:08.375809
33769,WMT,Q483551,part_of,Q507306,Nasdaq-100,2026-04-10 08:14:08.375809
33770,WMT,Q483551,part_of,Q773026,Dow Jones Global Titans 50,2026-04-10 08:14:08.375809
33771,WMT,Q483551,part_of,Q1546793,S&P 100,2026-04-10 08:14:08.375809
33773,XEL,Q1486956,part_of,Q242345,S&P 500,2026-04-10 08:14:08.375809
33774,XEL,Q1486956,part_of,Q507306,Nasdaq-100,2026-04-10 08:14:08.375809
33776,WYNN,Q2274089,part_of,Q242345,S&P 500,2026-04-10 08:14:08.375809
33777,WYNN,Q2274089,part_of,Q507306,Nasdaq-100,2026-04-10 08:14:08.375809
33783,WWD,Q8033550,part_of,Q134661623,list of companies involved in the Gaza war,2026-04-10 08:14:08.375809
33788,XRAY,Q23781052,part_of,Q242345,S&P 500,2026-04-10 08:14:08.375809
33789,XRAY,Q23781052,part_of,Q507306,Nasdaq-100,2026-04-10 08:14:08.375809
33794,XGN,Q106435940,part_of,Q82059,Nasdaq,2026-04-10 08:14:08.375809
33801,WMT,Q483551,owned_by,BLK,BlackRock,2026-04-10 08:14:08.375809
33803,WMT,Q483551,owned_by,STT,State Street Corporation,2026-04-10 08:14:08.375809
33962,DNB.OL,Q80788,products,Q22687,bank,2026-04-10 08:14:08.375809
33968,ZBRA,Q2443609,products,Q82,printer,2026-04-10 08:14:08.375809
33969,ZBRA,Q2443609,products,Q807980,barcode reader,2026-04-10 08:14:08.375809
33983,AKRBP.OL,Q25434685,products,Q22656,petroleum,2026-04-10 08:14:08.375809
34038,DNB.OL,Q80788,instance_of,Q730038,credit institution,2026-04-10 08:14:08.375809
34039,DNB.OL,Q80788,instance_of,Q891723,public company,2026-04-10 08:14:08.375809
34040,DNB.OL,Q80788,instance_of,Q4830453,business,2026-04-10 08:14:08.375809
34041,DNB.OL,Q80788,instance_of,Q6881511,enterprise,2026-04-10 08:14:08.375809
34042,DNB.OL,Q80788,instance_of,Q15042660,aksjeselskap,2026-04-10 08:14:08.375809
34043,ZION,Q205378,instance_of,Q730038,credit institution,2026-04-10 08:14:08.375809
34044,ZION,Q205378,instance_of,Q891723,public company,2026-04-10 08:14:08.375809
34045,ZION,Q205378,instance_of,Q4830453,business,2026-04-10 08:14:08.375809
34046,AKER.OL,Q417391,instance_of,Q891723,public company,2026-04-10 08:14:08.375809
34047,AKER.OL,Q417391,instance_of,Q4830453,business,2026-04-10 08:14:08.375809
34048,AKSO.OL,Q417431,instance_of,Q891723,public company,2026-04-10 08:14:08.375809
34049,AKSO.OL,Q417431,instance_of,Q4830453,business,2026-04-10 08:14:08.375809
34050,AKSO.OL,Q417431,instance_of,Q6881511,enterprise,2026-04-10 08:14:08.375809
34051,AKSO.OL,Q417431,instance_of,Q94532151,oilfield service company,2026-04-10 08:14:08.375809
34052,DNO.OL,Q1154660,instance_of,Q891723,public company,2026-04-10 08:14:08.375809
34053,DNO.OL,Q1154660,instance_of,Q4830453,business,2026-04-10 08:14:08.375809
34054,ELK.OL,Q1331615,instance_of,Q4830453,business,2026-04-10 08:14:08.375809
34055,ZBRA,Q2443609,instance_of,Q891723,public company,2026-04-10 08:14:08.375809
34056,ZBRA,Q2443609,instance_of,Q4830453,business,2026-04-10 08:14:08.375809
34057,ZBRA,Q2443609,instance_of,Q21980538,commercial organization,2026-04-10 08:14:08.375809
34058,AFG.OL,Q3743456,instance_of,Q891723,public company,2026-04-10 08:14:08.375809
34059,AFG.OL,Q3743456,instance_of,Q4830453,business,2026-04-10 08:14:08.375809
34060,YORW,Q7776719,instance_of,Q891723,public company,2026-04-10 08:14:08.375809
34061,YORW,Q7776719,instance_of,Q4830453,business,2026-04-10 08:14:08.375809
34062,ZION,Q8072576,instance_of,Q891723,public company,2026-04-10 08:14:08.375809
34063,ZION,Q8072576,instance_of,Q4830453,business,2026-04-10 08:14:08.375809
34064,ZION,Q8072579,instance_of,Q891723,public company,2026-04-10 08:14:08.375809
34065,ZION,Q8072579,instance_of,Q4830453,business,2026-04-10 08:14:08.375809
34066,ZS,Q8074786,instance_of,Q891723,public company,2026-04-10 08:14:08.375809
34067,ZS,Q8074786,instance_of,Q4830453,business,2026-04-10 08:14:08.375809
34068,ZUMZ,Q8075252,instance_of,Q891723,public company,2026-04-10 08:14:08.375809
34069,ZUMZ,Q8075252,instance_of,Q4830453,business,2026-04-10 08:14:08.375809
34070,BAKKA.OL,Q10948835,instance_of,Q891723,public company,2026-04-10 08:14:08.375809
34071,BAKKA.OL,Q10948835,instance_of,Q4830453,business,2026-04-10 08:14:08.375809
34072,AUSS.OL,Q11959708,instance_of,Q891723,public company,2026-04-10 08:14:08.375809
34073,AUSS.OL,Q11959708,instance_of,Q4830453,business,2026-04-10 08:14:08.375809
34074,BNOR.OL,Q13653905,instance_of,Q891723,public company,2026-04-10 08:14:08.375809
34075,BNOR.OL,Q13653905,instance_of,Q4830453,business,2026-04-10 08:14:08.375809
34076,AURG.OL,Q16912009,instance_of,Q157963,savings bank,2026-04-10 08:14:08.375809
34077,AURG.OL,Q16912009,instance_of,Q891723,public company,2026-04-10 08:14:08.375809
34078,ZM,Q17460900,instance_of,Q891723,public company,2026-04-10 08:14:08.375809
34079,ZM,Q17460900,instance_of,Q3635085,communication software,2026-04-10 08:14:08.375809
34080,APR.OL,Q17748992,instance_of,Q5225895,public limited company,2026-04-10 08:14:08.375809
34081,BOUV.OL,Q19903186,instance_of,Q4830453,business,2026-04-10 08:14:08.375809
34082,AKRBP.OL,Q25434685,instance_of,Q891723,public company,2026-04-10 08:14:08.375809
34083,AKRBP.OL,Q25434685,instance_of,Q4830453,business,2026-04-10 08:14:08.375809
34084,AKAST.OL,Q30299579,instance_of,Q4830453,business,2026-04-10 08:14:08.375809
34085,AUTO.OL,Q106457791,instance_of,Q891723,public company,2026-04-10 08:14:08.375809
34086,AUTO.OL,Q106457791,instance_of,Q4830453,business,2026-04-10 08:14:08.375809
34088,CAVEN.OL,Q127847510,instance_of,Q4830453,business,2026-04-10 08:14:08.375809
34090,ZION,Q205378,part_of,Q242345,S&P 500,2026-04-10 08:14:08.375809
34095,ZBRA,Q2443609,part_of,Q242345,S&P 500,2026-04-10 08:14:08.375809
34100,ZS,Q8074786,part_of,Q507306,Nasdaq-100,2026-04-10 08:14:08.375809
34117,AKSO.OL,Q417431,owned_by,AKER.OL,Aker,2026-04-10 08:14:08.375809
34274,KOA.OL,Q182197,products,Q1786258,drivetrain,2026-04-10 08:14:08.375809
34275,KOA.OL,Q182197,products,Q6405028,automotive part,2026-04-10 08:14:08.375809
34279,EQNR.OL,Q1776022,products,Q137724230,,2026-04-10 08:14:08.375809
34280,GJF.OL,Q3108236,products,Q43183,insurance,2026-04-10 08:14:08.375809
34282,BWO.OL,Q4836857,products,Q15252,floating production storage and offloading,2026-04-10 08:14:08.375809
34283,GSF.OL,Q5608696,products,Q2796766,salmon,2026-04-10 08:14:08.375809
34284,KIT.OL,Q10545906,products,Q2858615,electronic device,2026-04-10 08:14:08.375809
34298,HYPRO.OL,Q123997993,products,Q125256161,high-pressure alkaline electrolyzer,2026-04-10 08:14:08.375809
34350,KOA.OL,Q182197,instance_of,Q891723,public company,2026-04-10 08:14:08.375809
34351,KOA.OL,Q182197,instance_of,Q3477381,automotive supplier,2026-04-10 08:14:08.375809
34352,KOA.OL,Q182197,instance_of,Q4830453,business,2026-04-10 08:14:08.375809
34353,KOA.OL,Q182197,instance_of,Q6881511,enterprise,2026-04-10 08:14:08.375809
34354,FRO.OL,Q529157,instance_of,Q891723,public company,2026-04-10 08:14:08.375809
34355,FRO.OL,Q529157,instance_of,Q19363981,tanker shipping company,2026-04-10 08:14:08.375809
34356,MOWI.OL,Q776750,instance_of,Q891723,public company,2026-04-10 08:14:08.375809
34357,MOWI.OL,Q776750,instance_of,Q4830453,business,2026-04-10 08:14:08.375809
34358,ELO.OL,Q819899,instance_of,Q167270,trademark,2026-04-10 08:14:08.375809
34359,ELO.OL,Q819899,instance_of,Q4830453,business,2026-04-10 08:14:08.375809
34360,ELO.OL,Q819899,instance_of,Q6881511,enterprise,2026-04-10 08:14:08.375809
34361,EQNR.OL,Q1776022,instance_of,Q270791,state-owned enterprise,2026-04-10 08:14:08.375809
34362,EQNR.OL,Q1776022,instance_of,Q891723,public company,2026-04-10 08:14:08.375809
34363,EQNR.OL,Q1776022,instance_of,Q14941854,oil company,2026-04-10 08:14:08.375809
34364,EQNR.OL,Q1776022,instance_of,Q21980538,commercial organization,2026-04-10 08:14:08.375809
34365,GJF.OL,Q3108236,instance_of,Q891723,public company,2026-04-10 08:14:08.375809
34366,GJF.OL,Q3108236,instance_of,Q2143354,insurance company,2026-04-10 08:14:08.375809
34367,BRG.OL,Q4402290,instance_of,Q891723,public company,2026-04-10 08:14:08.375809
34368,BRG.OL,Q4402290,instance_of,Q4830453,business,2026-04-10 08:14:08.375809
34369,BWO.OL,Q4836857,instance_of,Q891723,public company,2026-04-10 08:14:08.375809
34370,BWO.OL,Q4836857,instance_of,Q4830453,business,2026-04-10 08:14:08.375809
34371,GSF.OL,Q5608696,instance_of,Q891723,public company,2026-04-10 08:14:08.375809
34372,GSF.OL,Q5608696,instance_of,Q4830453,business,2026-04-10 08:14:08.375809
34373,KIT.OL,Q10545906,instance_of,Q4830453,business,2026-04-10 08:14:08.375809
34374,HAUTO.OL,Q15966759,instance_of,Q1807108,shipping line,2026-04-10 08:14:08.375809
34375,HAUTO.OL,Q15966759,instance_of,Q4830453,business,2026-04-10 08:14:08.375809
34376,HSPG.OL,Q16984566,instance_of,Q157963,savings bank,2026-04-10 08:14:08.375809
34377,HSPG.OL,Q16984566,instance_of,Q891723,public company,2026-04-10 08:14:08.375809
34378,EPR.OL,Q17770215,instance_of,Q4830453,business,2026-04-10 08:14:08.375809
34379,LSG.OL,Q19379243,instance_of,Q891723,public company,2026-04-10 08:14:08.375809
34380,LSG.OL,Q19379243,instance_of,Q4830453,business,2026-04-10 08:14:08.375809
34381,MELG.OL,Q19381319,instance_of,Q157963,savings bank,2026-04-10 08:14:08.375809
34382,MELG.OL,Q19381319,instance_of,Q891723,public company,2026-04-10 08:14:08.375809
34383,ELABS.OL,Q30299748,instance_of,Q4830453,business,2026-04-10 08:14:08.375809
34384,HEX.OL,Q30339125,instance_of,Q891723,public company,2026-04-10 08:14:08.375809
34385,HEX.OL,Q30339125,instance_of,Q4830453,business,2026-04-10 08:14:08.375809
34386,HAFNI.OL,Q110856284,instance_of,Q1807108,shipping line,2026-04-10 08:14:08.375809
34390,MPCC.OL,Q115212149,instance_of,Q891723,public company,2026-04-10 08:14:08.375809
34391,MGN.OL,Q120706154,instance_of,Q4830453,business,2026-04-10 08:14:08.375809
34392,HYPRO.OL,Q123997993,instance_of,Q783794,company,2026-04-10 08:14:08.375809
34393,CADLR.OL,Q130348728,instance_of,Q4830453,business,2026-04-10 08:14:08.375809
34411,HAFNI.OL,Q110856284,part_of,Q4836856,BW Group,2026-04-10 08:14:08.375809
34524,NHY.OL,Q511031,subsidiaries,YAR.OL,nan,2026-04-10 08:14:08.375809
34624,ORK.OL,Q60003,products,Q2095,food,2026-04-10 08:14:08.375809
34625,ORK.OL,Q60003,products,Q1681365,non-durable goods,2026-04-10 08:14:08.375809
34627,OTEC.OL,Q215639,products,Q7397,software,2026-04-10 08:14:08.375809
34628,OTEC.OL,Q215639,products,Q41242,,2026-04-10 08:14:08.375809
34629,OTEC.OL,Q215639,products,Q644610,Opera Mail,2026-04-10 08:14:08.375809
34630,OTEC.OL,Q215639,products,Q819079,Opera Mini,2026-04-10 08:14:08.375809
34631,OTEC.OL,Q215639,products,Q868865,Opera Mobile,2026-04-10 08:14:08.375809
34632,OTEC.OL,Q215639,products,Q17051048,Opera Coast,2026-04-10 08:14:08.375809
34633,OTEC.OL,Q215639,products,Q65041106,,2026-04-10 08:14:08.375809
34634,NHY.OL,Q511031,products,Q663,aluminium,2026-04-10 08:14:08.375809
34635,NHY.OL,Q511031,products,Q12705,renewable energy,2026-04-10 08:14:08.375809
34636,NHY.OL,Q511031,products,Q447725,aluminium alloy,2026-04-10 08:14:08.375809
34641,SNI.OL,Q3179970,products,Q177777,logistics,2026-04-10 08:14:08.375809
34642,NOD.OL,Q3425637,products,Q249,wireless communication,2026-04-10 08:14:08.375809
34643,NOD.OL,Q3425637,products,Q80831,integrated circuit,2026-04-10 08:14:08.375809
34654,PROT.OL,Q18888623,products,Q2868302,property insurance,2026-04-10 08:14:08.375809
34709,ORK.OL,Q60003,instance_of,Q891723,public company,2026-04-10 08:14:08.375809
34710,ORK.OL,Q60003,instance_of,Q4830453,business,2026-04-10 08:14:08.375809
34711,NAS.OL,Q215392,instance_of,Q46970,airline,2026-04-10 08:14:08.375809
34712,OTEC.OL,Q215639,instance_of,Q891723,public company,2026-04-10 08:14:08.375809
34713,OTEC.OL,Q215639,instance_of,Q1058914,software company,2026-04-10 08:14:08.375809
34714,OTEC.OL,Q215639,instance_of,Q4830453,business,2026-04-10 08:14:08.375809
34715,NHY.OL,Q511031,instance_of,Q206361,concern,2026-04-10 08:14:08.375809
34716,NHY.OL,Q511031,instance_of,Q891723,public company,2026-04-10 08:14:08.375809
34717,NHY.OL,Q511031,instance_of,Q4830453,business,2026-04-10 08:14:08.375809
34718,ODF.OL,Q1060378,instance_of,Q891723,public company,2026-04-10 08:14:08.375809
34719,ODF.OL,Q1060378,instance_of,Q4830453,business,2026-04-10 08:14:08.375809
34720,ODF.OL,Q1060378,instance_of,Q6881511,enterprise,2026-04-10 08:14:08.375809
34721,SUBC.OL,Q1476368,instance_of,Q4830453,business,2026-04-10 08:14:08.375809
34722,SUBC.OL,Q1476368,instance_of,Q6881511,enterprise,2026-04-10 08:14:08.375809
34723,SUBC.OL,Q1476368,instance_of,Q15893266,former entity,2026-04-10 08:14:08.375809
34724,SUBC.OL,Q1476377,instance_of,Q891723,public company,2026-04-10 08:14:08.375809
34725,SUBC.OL,Q1476377,instance_of,Q4830453,business,2026-04-10 08:14:08.375809
34726,STB.OL,Q1783279,instance_of,Q891723,public company,2026-04-10 08:14:08.375809
34727,STB.OL,Q1783279,instance_of,Q4830453,business,2026-04-10 08:14:08.375809
34728,STB.OL,Q1783279,instance_of,Q6881511,enterprise,2026-04-10 08:14:08.375809
34729,SNI.OL,Q3179970,instance_of,Q891723,public company,2026-04-10 08:14:08.375809
34730,SNI.OL,Q3179970,instance_of,Q4830453,business,2026-04-10 08:14:08.375809
34731,NOD.OL,Q3425637,instance_of,Q891723,public company,2026-04-10 08:14:08.375809
34732,NOD.OL,Q3425637,instance_of,Q4830453,business,2026-04-10 08:14:08.375809
34733,ODL.OL,Q7077768,instance_of,Q891723,public company,2026-04-10 08:14:08.375809
34734,ODL.OL,Q7077768,instance_of,Q4830453,business,2026-04-10 08:14:08.375809
34735,SALM.OL,Q7403259,instance_of,Q891723,public company,2026-04-10 08:14:08.375809
34736,SALM.OL,Q7403259,instance_of,Q4830453,business,2026-04-10 08:14:08.375809
34737,NONG.OL,Q7573578,instance_of,Q157963,savings bank,2026-04-10 08:14:08.375809
34738,NONG.OL,Q7573578,instance_of,Q891723,public company,2026-04-10 08:14:08.375809
34739,NKR.OL,Q7671964,instance_of,Q891723,public company,2026-04-10 08:14:08.375809
34740,NKR.OL,Q7671964,instance_of,Q4830453,business,2026-04-10 08:14:08.375809
34741,HELG.OL,Q11974822,instance_of,Q157963,savings bank,2026-04-10 08:14:08.375809
34742,HELG.OL,Q11974822,instance_of,Q891723,public company,2026-04-10 08:14:08.375809
34743,NORBT.OL,Q11991693,instance_of,Q4830453,business,2026-04-10 08:14:08.375809
34744,ROGS.OL,Q16886830,instance_of,Q157963,savings bank,2026-04-10 08:14:08.375809
34745,ROGS.OL,Q16886830,instance_of,Q891723,public company,2026-04-10 08:14:08.375809
34746,SKUE.OL,Q17081155,instance_of,Q157963,savings bank,2026-04-10 08:14:08.375809
34747,SKUE.OL,Q17081155,instance_of,Q891723,public company,2026-04-10 08:14:08.375809
34748,SOAG.OL,Q17082626,instance_of,Q157963,savings bank,2026-04-10 08:14:08.375809
34749,SOAG.OL,Q17082626,instance_of,Q891723,public company,2026-04-10 08:14:08.375809
34750,SWON.OL,Q17093186,instance_of,Q43229,organization,2026-04-10 08:14:08.375809
34751,SWON.OL,Q17093186,instance_of,Q4830453,business,2026-04-10 08:14:08.375809
34752,PROT.OL,Q18888623,instance_of,Q4830453,business,2026-04-10 08:14:08.375809
34753,RECSI.OL,Q21950804,instance_of,Q4830453,business,2026-04-10 08:14:08.375809
34754,NEL.OL,Q30259493,instance_of,Q4830453,business,2026-04-10 08:14:08.375809
34756,OTEC.OL,Q121576229,instance_of,Q783794,company,2026-04-10 08:14:08.375809
34982,TOM.OL,Q469732,products,Q1572205,reverse vending machine,2026-04-10 08:14:08.375809
34983,TEL.OL,Q845632,products,Q9158,email,2026-04-10 08:14:08.375809
34984,TEL.OL,Q845632,products,Q177518,IPTV,2026-04-10 08:14:08.375809
34985,TEL.OL,Q845632,products,Q640394,mobile broadband,2026-04-10 08:14:08.375809
34986,TEL.OL,Q845632,products,Q738621,landline telephone,2026-04-10 08:14:08.375809
34987,TEL.OL,Q845632,products,Q992968,mobile telephony,2026-04-10 08:14:08.375809
34988,TEL.OL,Q845632,products,Q1472399,internet access,2026-04-10 08:14:08.375809
34989,TEL.OL,Q845632,products,Q1529430,fiber-optic communication,2026-04-10 08:14:08.375809
34990,TEL.OL,Q845632,products,Q63241860,streaming service,2026-04-10 08:14:08.375809
34991,YAR.OL,Q901886,products,Q182168,nitrate ion,2026-04-10 08:14:08.375809
34992,YAR.OL,Q901886,products,Q3054313,mineral fertiliser,2026-04-10 08:14:08.375809
34998,ACE.MI,Q3604235,products,Q180388,waste management,2026-04-10 08:14:08.375809
34999,ACE.MI,Q3604235,products,Q1061108,water supply,2026-04-10 08:14:08.375809
35000,ACE.MI,Q3604235,products,Q1341477,energy supply,2026-04-10 08:14:08.375809
35001,ACE.MI,Q3604235,products,Q11813450,gas supplier,2026-04-10 08:14:08.375809
35003,AZM.MI,Q3631479,products,Q14864997,investment management,2026-04-10 08:14:08.375809
35014,ZAP.OL,Q30260160,products,Q2140665,charging station,2026-04-10 08:14:08.375809
35016,VAR.OL,Q104177614,products,Q40858,natural gas,2026-04-10 08:14:08.375809
35017,VAR.OL,Q104177614,products,Q42962,oil,2026-04-10 08:14:08.375809
35071,A2A.MI,Q279978,instance_of,Q4830453,business,2026-04-10 08:14:08.375809
35072,A2A.MI,Q279978,instance_of,Q6881511,enterprise,2026-04-10 08:14:08.375809
35073,TOM.OL,Q469732,instance_of,Q891723,public company,2026-04-10 08:14:08.375809
35074,TOM.OL,Q469732,instance_of,Q4830453,business,2026-04-10 08:14:08.375809
35075,TEL.OL,Q845632,instance_of,Q891723,public company,2026-04-10 08:14:08.375809
35076,TEL.OL,Q845632,instance_of,Q4830453,business,2026-04-10 08:14:08.375809
35077,YAR.OL,Q901886,instance_of,Q891723,public company,2026-04-10 08:14:08.375809
35078,YAR.OL,Q901886,instance_of,Q4830453,business,2026-04-10 08:14:08.375809
35079,WWI.OL,Q947372,instance_of,Q219577,holding company,2026-04-10 08:14:08.375809
35080,WWIB.OL,Q947372,instance_of,Q219577,holding company,2026-04-10 08:14:08.375809
35081,WWI.OL,Q947372,instance_of,Q891723,public company,2026-04-10 08:14:08.375809
35082,WWIB.OL,Q947372,instance_of,Q891723,public company,2026-04-10 08:14:08.375809
35083,TIETO.OL,Q1423707,instance_of,Q891723,public company,2026-04-10 08:14:08.375809
35084,TIETO.OL,Q1423707,instance_of,Q1058914,software company,2026-04-10 08:14:08.375809
35085,TIETO.OL,Q1423707,instance_of,Q4830453,business,2026-04-10 08:14:08.375809
35086,TGS.OL,Q1476386,instance_of,Q4830453,business,2026-04-10 08:14:08.375809
35087,WAWI.OL,Q2090767,instance_of,Q891723,public company,2026-04-10 08:14:08.375809
35088,WAWI.OL,Q2090767,instance_of,Q1807108,shipping line,2026-04-10 08:14:08.375809
35089,ACE.MI,Q3604235,instance_of,Q1951366,public utility,2026-04-10 08:14:08.375809
35090,ACE.MI,Q3604235,instance_of,Q2607729,multi-utility,2026-04-10 08:14:08.375809
35091,ACE.MI,Q3604235,instance_of,Q4830453,business,2026-04-10 08:14:08.375809
35092,ACE.MI,Q3604235,instance_of,Q6881511,enterprise,2026-04-10 08:14:08.375809
35093,AC5.MI,Q3604786,instance_of,Q4830453,business,2026-04-10 08:14:08.375809
35094,AC5.MI,Q3604786,instance_of,Q6881511,enterprise,2026-04-10 08:14:08.375809
35095,AZM.MI,Q3631479,instance_of,Q891723,public company,2026-04-10 08:14:08.375809
35096,AZM.MI,Q3631479,instance_of,Q4830453,business,2026-04-10 08:14:08.375809
35097,AZM.MI,Q3631479,instance_of,Q6881511,enterprise,2026-04-10 08:14:08.375809
35098,BGN.MI,Q3633705,instance_of,Q4830453,business,2026-04-10 08:14:08.375809
35099,BGN.MI,Q3633705,instance_of,Q6881511,enterprise,2026-04-10 08:14:08.375809
35100,SCATC.OL,Q7430576,instance_of,Q891723,public company,2026-04-10 08:14:08.375809
35101,SCATC.OL,Q7430576,instance_of,Q4830453,business,2026-04-10 08:14:08.375809
35102,SOFF.OL,Q7558873,instance_of,Q891723,public company,2026-04-10 08:14:08.375809
35103,SOFF.OL,Q7558873,instance_of,Q4830453,business,2026-04-10 08:14:08.375809
35104,SNOR.OL,Q7573577,instance_of,Q157963,savings bank,2026-04-10 08:14:08.375809
35105,SNOR.OL,Q7573577,instance_of,Q891723,public company,2026-04-10 08:14:08.375809
35106,MING.OL,Q7573579,instance_of,Q157963,savings bank,2026-04-10 08:14:08.375809
35107,MING.OL,Q7573579,instance_of,Q891723,public company,2026-04-10 08:14:08.375809
35108,SBNOR.OL,Q7573582,instance_of,Q157963,savings bank,2026-04-10 08:14:08.375809
35109,VEI.OL,Q7918631,instance_of,Q891723,public company,2026-04-10 08:14:08.375809
35110,VEI.OL,Q7918631,instance_of,Q4830453,business,2026-04-10 08:14:08.375809
35111,ZAL.OL,Q19903836,instance_of,Q4830453,business,2026-04-10 08:14:08.375809
35112,BAMI.MI,Q27331643,instance_of,Q22687,bank,2026-04-10 08:14:08.375809
35113,BAMI.MI,Q27331643,instance_of,Q730038,credit institution,2026-04-10 08:14:08.375809
35114,BAMI.MI,Q27331643,instance_of,Q4830453,business,2026-04-10 08:14:08.375809
35115,BAMI.MI,Q27331643,instance_of,Q6881511,enterprise,2026-04-10 08:14:08.375809
35116,TRMED.OL,Q29168295,instance_of,Q90298876,biotechnology company,2026-04-10 08:14:08.375809
35117,ZAP.OL,Q30260160,instance_of,Q891723,public company,2026-04-10 08:14:08.375809
35118,ZAP.OL,Q30260160,instance_of,Q4830453,business,2026-04-10 08:14:08.375809
35119,AEDES.MI,Q100922273,instance_of,Q891723,public company,2026-04-10 08:14:08.375809
35120,AEDES.MI,Q100922273,instance_of,Q1752459,investment company,2026-04-10 08:14:08.375809
35121,VAR.OL,Q104177614,instance_of,Q891723,public company,2026-04-10 08:14:08.375809
35122,VAR.OL,Q104177614,instance_of,Q4830453,business,2026-04-10 08:14:08.375809
35125,TOM.OL,Q469732,part_of,Q1969854,Natur-Aktien-Index,2026-04-10 08:14:08.375809
35166,BGN.MI,Q3633705,owned_by,G.MI,Assicurazioni Generali,2026-04-10 08:14:08.375809
35179,VAR.OL,Q104177614,owned_by,E,Eni,2026-04-10 08:14:08.375809
35350,AMP.MI,Q477222,products,Q323808,hearing aid,2026-04-10 08:14:08.375809
35351,ENEL.MI,Q651222,products,Q40858,natural gas,2026-04-10 08:14:08.375809
35352,ENEL.MI,Q651222,products,Q206799,electrical energy,2026-04-10 08:14:08.375809
35353,CPR.MI,Q753685,products,Q56139,liquor,2026-04-10 08:14:08.375809
35358,CED.MI,Q1027472,products,Q41298,magazine,2026-04-10 08:14:08.375809
35359,ARIS.MI,Q1059709,products,Q212920,home appliance,2026-04-10 08:14:08.375809
35360,ARIS.MI,Q1059709,products,Q1265533,air conditioner,2026-04-10 08:14:08.375809
35361,ARIS.MI,Q1059709,products,Q11880006,heating equipment,2026-04-10 08:14:08.375809
35362,DLG.MI,Q1207494,products,Q211841,coffeemaker,2026-04-10 08:14:08.375809
35363,DLG.MI,Q1207494,products,Q12069731,space heater,2026-04-10 08:14:08.375809
35366,IF.MI,Q2882022,products,Q1548025,retail banking,2026-04-10 08:14:08.375809
35372,DIA.MI,Q3706466,products,Q2671652,medical test,2026-04-10 08:14:08.375809
35376,CELL.MI,Q115168505,products,Q2858615,electronic device,2026-04-10 08:14:08.375809
35377,CELL.MI,Q115168505,products,Q6887188,mobile phone accessory,2026-04-10 08:14:08.375809
35432,DAN.MI,Q367162,instance_of,Q4830453,business,2026-04-10 08:14:08.375809
35433,DAN.MI,Q367162,instance_of,Q6881511,enterprise,2026-04-10 08:14:08.375809
35434,AMP.MI,Q477222,instance_of,Q891723,public company,2026-04-10 08:14:08.375809
35435,ENEL.MI,Q651222,instance_of,Q161726,multinational corporation,2026-04-10 08:14:08.375809
35436,ENEL.MI,Q651222,instance_of,Q1341478,energy company,2026-04-10 08:14:08.375809
35437,ENEL.MI,Q651222,instance_of,Q4830453,business,2026-04-10 08:14:08.375809
35438,ENEL.MI,Q651222,instance_of,Q6881511,enterprise,2026-04-10 08:14:08.375809
35439,CPR.MI,Q753685,instance_of,Q891723,public company,2026-04-10 08:14:08.375809
35440,CPR.MI,Q753685,instance_of,Q4830453,business,2026-04-10 08:14:08.375809
35441,CPR.MI,Q753685,instance_of,Q6881511,enterprise,2026-04-10 08:14:08.375809
35442,AVIO.MI,Q791069,instance_of,Q4830453,business,2026-04-10 08:14:08.375809
35443,AVIO.MI,Q791069,instance_of,Q6881511,enterprise,2026-04-10 08:14:08.375809
35444,BPE.MI,Q806167,instance_of,Q22687,bank,2026-04-10 08:14:08.375809
35445,BPE.MI,Q806167,instance_of,Q891723,public company,2026-04-10 08:14:08.375809
35446,BZU.MI,Q1018375,instance_of,Q891723,public company,2026-04-10 08:14:08.375809
35447,BZU.MI,Q1018375,instance_of,Q4830453,business,2026-04-10 08:14:08.375809
35448,BZU.MI,Q1018375,instance_of,Q6881511,enterprise,2026-04-10 08:14:08.375809
35449,CIR.MI,Q1023749,instance_of,Q4830453,business,2026-04-10 08:14:08.375809
35450,CIR.MI,Q1023749,instance_of,Q6881511,enterprise,2026-04-10 08:14:08.375809
35451,CED.MI,Q1027472,instance_of,Q4830453,business,2026-04-10 08:14:08.375809
35452,CED.MI,Q1027472,instance_of,Q6881511,enterprise,2026-04-10 08:14:08.375809
35453,ARIS.MI,Q1059709,instance_of,Q4830453,business,2026-04-10 08:14:08.375809
35454,ARIS.MI,Q1059709,instance_of,Q6881511,enterprise,2026-04-10 08:14:08.375809
35455,DLG.MI,Q1207494,instance_of,Q4830453,business,2026-04-10 08:14:08.375809
35456,DLG.MI,Q1207494,instance_of,Q6881511,enterprise,2026-04-10 08:14:08.375809
35457,ENAV.MI,Q1275301,instance_of,Q854272,area control center,2026-04-10 08:14:08.375809
35458,ENAV.MI,Q1275301,instance_of,Q918324,control tower,2026-04-10 08:14:08.375809
35459,ENAV.MI,Q1275301,instance_of,Q2828218,air navigation service provider,2026-04-10 08:14:08.375809
35460,ENAV.MI,Q1275301,instance_of,Q4830453,business,2026-04-10 08:14:08.375809
35461,ENAV.MI,Q1275301,instance_of,Q6881511,enterprise,2026-04-10 08:14:08.375809
35462,ANIM.MI,Q2849985,instance_of,Q4830453,business,2026-04-10 08:14:08.375809
35463,ANIM.MI,Q2849985,instance_of,Q6881511,enterprise,2026-04-10 08:14:08.375809
35464,IF.MI,Q2882022,instance_of,Q22687,bank,2026-04-10 08:14:08.375809
35465,IF.MI,Q2882022,instance_of,Q4830453,business,2026-04-10 08:14:08.375809
35466,IF.MI,Q2882022,instance_of,Q6881511,enterprise,2026-04-10 08:14:08.375809
35467,CEM.MI,Q2944193,instance_of,Q219577,holding company,2026-04-10 08:14:08.375809
35468,CEM.MI,Q2944193,instance_of,Q30765558,cement company,2026-04-10 08:14:08.375809
35469,ARN.MI,Q3609644,instance_of,Q3742388,società per azioni,2026-04-10 08:14:08.375809
35470,ARN.MI,Q3609644,instance_of,Q4830453,business,2026-04-10 08:14:08.375809
35471,ARN.MI,Q3609644,instance_of,Q6881511,enterprise,2026-04-10 08:14:08.375809
35472,BMED.MI,Q3633712,instance_of,Q22687,bank,2026-04-10 08:14:08.375809
35473,BMED.MI,Q3633712,instance_of,Q4830453,business,2026-04-10 08:14:08.375809
35474,BMED.MI,Q3633712,instance_of,Q6881511,enterprise,2026-04-10 08:14:08.375809
35475,BC.MI,Q3645582,instance_of,Q891723,public company,2026-04-10 08:14:08.375809
35476,BC.MI,Q3645582,instance_of,Q1941779,fashion house,2026-04-10 08:14:08.375809
35477,CAI.MI,Q3649899,instance_of,Q2085381,publishing house,2026-04-10 08:14:08.375809
35478,DIA.MI,Q3706466,instance_of,Q4830453,business,2026-04-10 08:14:08.375809
35479,DIA.MI,Q3706466,instance_of,Q6881511,enterprise,2026-04-10 08:14:08.375809
35480,BRI.MI,Q4968511,instance_of,Q4830453,business,2026-04-10 08:14:08.375809
35481,BRI.MI,Q4968511,instance_of,Q6881511,enterprise,2026-04-10 08:14:08.375809
35482,B.MI,Q22977817,instance_of,Q219577,holding company,2026-04-10 08:14:08.375809
35483,B.MI,Q22977817,instance_of,Q4830453,business,2026-04-10 08:14:08.375809
35484,BFF.MI,Q27313701,instance_of,Q730038,credit institution,2026-04-10 08:14:08.375809
35485,BFF.MI,Q27313701,instance_of,Q4830453,business,2026-04-10 08:14:08.375809
35486,BFF.MI,Q27313701,instance_of,Q6881511,enterprise,2026-04-10 08:14:08.375809
35487,CELL.MI,Q115168505,instance_of,Q4830453,business,2026-04-10 08:14:08.375809
35488,CELL.MI,Q115168505,instance_of,Q6881511,enterprise,2026-04-10 08:14:08.375809
35492,ENEL.MI,Q651222,part_of,Q981010,EURO STOXX 50,2026-04-10 08:14:08.375809
35493,ENEL.MI,Q651222,part_of,Q1389807,FTSE MIB,2026-04-10 08:14:08.375809
35520,AVIO.MI,Q791069,owned_by,LDO.MI,Leonardo,2026-04-10 08:14:08.375809
35537,BRI.MI,Q4968511,owned_by,B.MI,Bastogi,2026-04-10 08:14:08.375809
35541,CLI.MI,Q135922490,owned_by,NWL.MI,NewPrinces,2026-04-10 08:14:08.375809
35603,G.MI,Q670482,subsidiaries,BGN.MI,nan,2026-04-10 08:14:08.375809
35623,LDO.MI,Q910379,subsidiaries,DRS,nan,2026-04-10 08:14:08.375809
35664,G.MI,Q670482,investments,BGN.MI,nan,2026-04-10 08:14:08.375809
35709,LDO.MI,Q910379,investments,AVIO.MI,nan,2026-04-10 08:14:08.375809
35767,GEO.MI,Q588001,products,Q161928,footwear,2026-04-10 08:14:08.375809
35768,G.MI,Q670482,products,Q43183,insurance,2026-04-10 08:14:08.375809
35770,ERG.MI,Q739503,products,Q12705,renewable energy,2026-04-10 08:14:08.375809
35771,ERG.MI,Q739503,products,Q206799,electrical energy,2026-04-10 08:14:08.375809
35773,LDO.MI,Q910379,products,Q8421,aeronautics,2026-04-10 08:14:08.375809
35774,LDO.MI,Q910379,products,Q26540,artificial satellite,2026-04-10 08:14:08.375809
35775,LDO.MI,Q910379,products,Q34486,helicopter,2026-04-10 08:14:08.375809
35776,LDO.MI,Q910379,products,Q47528,radar,2026-04-10 08:14:08.375809
35777,LDO.MI,Q910379,products,Q165363,torpedo,2026-04-10 08:14:08.375809
35778,LDO.MI,Q910379,products,Q184199,automation,2026-04-10 08:14:08.375809
35779,LDO.MI,Q910379,products,Q185785,ammunition,2026-04-10 08:14:08.375809
35780,LDO.MI,Q910379,products,Q216916,military aircraft,2026-04-10 08:14:08.375809
35781,LDO.MI,Q910379,products,Q484000,unmanned aerial vehicle,2026-04-10 08:14:08.375809
35782,LDO.MI,Q910379,products,Q1155630,missile defense,2026-04-10 08:14:08.375809
35783,LDO.MI,Q910379,products,Q1433992,safety of air navigation,2026-04-10 08:14:08.375809
35784,LDO.MI,Q910379,products,Q2037215,rocket,2026-04-10 08:14:08.375809
35785,LDO.MI,Q910379,products,Q3510521,computer security,2026-04-10 08:14:08.375809
35786,EDNR.MI,Q912872,products,Q12725,electricity,2026-04-10 08:14:08.375809
35787,EDNR.MI,Q912872,products,Q40858,natural gas,2026-04-10 08:14:08.375809
35793,HER.MI,Q3785095,products,Q1061108,water supply,2026-04-10 08:14:08.375809
35794,HER.MI,Q3785095,products,Q1341477,energy supply,2026-04-10 08:14:08.375809
35795,HER.MI,Q3785095,products,Q11813450,gas supplier,2026-04-10 08:14:08.375809
35796,HER.MI,Q3785095,products,Q115753993,waste collection services,2026-04-10 08:14:08.375809
35800,INW.MI,Q20756653,products,Q11375,wireless network,2026-04-10 08:14:08.375809
35801,RACE.MI,Q22243729,products,Q274586,sports car,2026-04-10 08:14:08.375809
35802,RACE.MI,Q22243729,products,Q815679,supercar,2026-04-10 08:14:08.375809
35860,GEO.MI,Q588001,instance_of,Q134161,joint-stock company,2026-04-10 08:14:08.375809
35861,GEO.MI,Q588001,instance_of,Q891723,public company,2026-04-10 08:14:08.375809
35862,GEO.MI,Q588001,instance_of,Q76213285,clothing store chain,2026-04-10 08:14:08.375809
35863,GEO.MI,Q588001,instance_of,Q76216568,shoe store chain,2026-04-10 08:14:08.375809
35864,G.MI,Q670482,instance_of,Q891723,public company,2026-04-10 08:14:08.375809
35865,G.MI,Q670482,instance_of,Q4830453,business,2026-04-10 08:14:08.375809
35866,G.MI,Q670482,instance_of,Q6881511,enterprise,2026-04-10 08:14:08.375809
35867,FNM.MI,Q680558,instance_of,Q249556,railway company,2026-04-10 08:14:08.375809
35868,FNM.MI,Q680558,instance_of,Q891723,public company,2026-04-10 08:14:08.375809
35869,ERG.MI,Q739503,instance_of,Q1341478,energy company,2026-04-10 08:14:08.375809
35870,ERG.MI,Q739503,instance_of,Q4830453,business,2026-04-10 08:14:08.375809
35871,ERG.MI,Q739503,instance_of,Q6881511,enterprise,2026-04-10 08:14:08.375809
35872,ITM.MI,Q779182,instance_of,Q4830453,business,2026-04-10 08:14:08.375809
35873,ITM.MI,Q779182,instance_of,Q6881511,enterprise,2026-04-10 08:14:08.375809
35874,LDO.MI,Q910379,instance_of,Q206361,concern,2026-04-10 08:14:08.375809
35875,LDO.MI,Q910379,instance_of,Q891723,public company,2026-04-10 08:14:08.375809
35876,LDO.MI,Q910379,instance_of,Q1934969,defense contractor,2026-04-10 08:14:08.375809
35877,LDO.MI,Q910379,instance_of,Q4830453,business,2026-04-10 08:14:08.375809
35878,LDO.MI,Q910379,instance_of,Q6881511,enterprise,2026-04-10 08:14:08.375809
35879,EDNR.MI,Q912872,instance_of,Q219577,holding company,2026-04-10 08:14:08.375809
35880,EDNR.MI,Q912872,instance_of,Q1326624,electricity supply company,2026-04-10 08:14:08.375809
35881,EDNR.MI,Q912872,instance_of,Q4830453,business,2026-04-10 08:14:08.375809
35882,ISP.MI,Q1343118,instance_of,Q574050,bank group,2026-04-10 08:14:08.375809
35883,ISP.MI,Q1343118,instance_of,Q4830453,business,2026-04-10 08:14:08.375809
35884,ISP.MI,Q1343118,instance_of,Q6881511,enterprise,2026-04-10 08:14:08.375809
35885,YACHT.MI,Q1407872,instance_of,Q4830453,business,2026-04-10 08:14:08.375809
35886,YACHT.MI,Q1407872,instance_of,Q6881511,enterprise,2026-04-10 08:14:08.375809
35887,CE.MI,Q3696881,instance_of,Q22687,bank,2026-04-10 08:14:08.375809
35888,CE.MI,Q3696881,instance_of,Q650241,financial institution,2026-04-10 08:14:08.375809
35889,CE.MI,Q3696881,instance_of,Q891723,public company,2026-04-10 08:14:08.375809
35890,CE.MI,Q3696881,instance_of,Q4830453,business,2026-04-10 08:14:08.375809
35891,CE.MI,Q3696881,instance_of,Q6881511,enterprise,2026-04-10 08:14:08.375809
35892,FILA.MI,Q3737496,instance_of,Q4830453,business,2026-04-10 08:14:08.375809
35893,FILA.MI,Q3737496,instance_of,Q6881511,enterprise,2026-04-10 08:14:08.375809
35894,FBK.MI,Q3745690,instance_of,Q22687,bank,2026-04-10 08:14:08.375809
35895,FBK.MI,Q3745690,instance_of,Q4830453,business,2026-04-10 08:14:08.375809
35896,FBK.MI,Q3745690,instance_of,Q6881511,enterprise,2026-04-10 08:14:08.375809
35897,HER.MI,Q3785095,instance_of,Q1341478,energy company,2026-04-10 08:14:08.375809
35898,HER.MI,Q3785095,instance_of,Q2607729,multi-utility,2026-04-10 08:14:08.375809
35899,HER.MI,Q3785095,instance_of,Q4830453,business,2026-04-10 08:14:08.375809
35900,HER.MI,Q3785095,instance_of,Q6881511,enterprise,2026-04-10 08:14:08.375809
35901,IRE.MI,Q3801865,instance_of,Q4830453,business,2026-04-10 08:14:08.375809
35902,IRE.MI,Q3801865,instance_of,Q6881511,enterprise,2026-04-10 08:14:08.375809
35903,IG.MI,Q3804082,instance_of,Q219577,holding company,2026-04-10 08:14:08.375809
35904,IG.MI,Q3804082,instance_of,Q4830453,business,2026-04-10 08:14:08.375809
35905,IG.MI,Q3804082,instance_of,Q6881511,enterprise,2026-04-10 08:14:08.375809
35906,IP.MI,Q20191937,instance_of,Q4830453,business,2026-04-10 08:14:08.375809
35907,IP.MI,Q20191937,instance_of,Q6881511,enterprise,2026-04-10 08:14:08.375809
35908,INW.MI,Q20756653,instance_of,Q2401749,telecommunication company,2026-04-10 08:14:08.375809
35909,INW.MI,Q20756653,instance_of,Q4830453,business,2026-04-10 08:14:08.375809
35910,INW.MI,Q20756653,instance_of,Q6881511,enterprise,2026-04-10 08:14:08.375809
35911,RACE.MI,Q22243729,instance_of,Q219577,holding company,2026-04-10 08:14:08.375809
35912,RACE.MI,Q22243729,instance_of,Q786820,automobile manufacturer,2026-04-10 08:14:08.375809
35913,RACE.MI,Q22243729,instance_of,Q4830453,business,2026-04-10 08:14:08.375809
35914,RACE.MI,Q22243729,instance_of,Q6881511,enterprise,2026-04-10 08:14:08.375809
35915,DIS.MI,Q48803627,instance_of,Q4830453,business,2026-04-10 08:14:08.375809
35916,DIS.MI,Q48803627,instance_of,Q6881511,enterprise,2026-04-10 08:14:08.375809
35917,IVG.MI,Q110269968,instance_of,Q43229,organization,2026-04-10 08:14:08.375809
35918,IVG.MI,Q110269968,instance_of,Q4830453,business,2026-04-10 08:14:08.375809
35919,DNR.MI,Q111482806,instance_of,Q161726,multinational corporation,2026-04-10 08:14:08.375809
35920,DNR.MI,Q111482806,instance_of,Q891723,public company,2026-04-10 08:14:08.375809
35921,IEG.MI,Q115167409,instance_of,Q6881511,enterprise,2026-04-10 08:14:08.375809
35923,COM.MI,Q115973102,instance_of,Q6881511,enterprise,2026-04-10 08:14:08.375809
35924,LUVE.MI,Q132347563,instance_of,Q891723,public company,2026-04-10 08:14:08.375809
35925,LUVE.MI,Q132347563,instance_of,Q4830453,business,2026-04-10 08:14:08.375809
35931,LDO.MI,Q910379,part_of,Q1116000,Ministry of Economy and Finance,2026-04-10 08:14:08.375809
35932,LDO.MI,Q910379,part_of,Q134661623,list of companies involved in the Gaza war,2026-04-10 08:14:08.375809
35953,G.MI,Q670482,owned_by,MB.MI,Mediobanca,2026-04-10 08:14:08.375809
35971,IG.MI,Q3804082,owned_by,SRG.MI,Snam,2026-04-10 08:14:08.375809
35973,INW.MI,Q20756653,owned_by,TIT.MI,TIM Group,2026-04-10 08:14:08.375809
35976,RACE.MI,Q22243729,owned_by,EXO.AS,Exor,2026-04-10 08:14:08.375809
35979,IVG.MI,Q110269968,owned_by,EXO.AS,Exor,2026-04-10 08:14:08.375809
36083,PIRC.MI,Q207770,investments,MB.MI,nan,2026-04-10 08:14:08.375809
36104,SRG.MI,Q583247,investments,IG.MI,nan,2026-04-10 08:14:08.375809
36168,PIRC.MI,Q207770,products,Q11019,machine,2026-04-10 08:14:08.375809
36169,PIRC.MI,Q207770,products,Q11442,bicycle,2026-04-10 08:14:08.375809
36170,PIRC.MI,Q207770,products,Q34493,motorcycle,2026-04-10 08:14:08.375809
36171,PIRC.MI,Q207770,products,Q169545,tire,2026-04-10 08:14:08.375809
36172,PST.MI,Q495026,products,Q49845,mail,2026-04-10 08:14:08.375809
36174,MB.MI,Q749034,products,Q319845,investment bank,2026-04-10 08:14:08.375809
36175,PIA.MI,Q841263,products,Q193234,motor scooter,2026-04-10 08:14:08.375809
36176,PIA.MI,Q841263,products,Q201783,moped,2026-04-10 08:14:08.375809
36177,PIA.MI,Q841263,products,Q217673,Vespa,2026-04-10 08:14:08.375809
36184,SFT.MI,Q3604601,products,Q418,telecommunications,2026-04-10 08:14:08.375809
36189,SFER.MI,Q3946053,products,Q22676,shoe,2026-04-10 08:14:08.375809
36195,TNXT.MI,Q124662865,products,Q1273271,e-service,2026-04-10 08:14:08.375809
36247,SSL.MI,Q2609,instance_of,Q476028,association football club,2026-04-10 08:14:08.375809
36248,SSL.MI,Q2609,instance_of,Q103229495,men's association football team,2026-04-10 08:14:08.375809
36249,PIRC.MI,Q207770,instance_of,Q43229,organization,2026-04-10 08:14:08.375809
36250,PIRC.MI,Q207770,instance_of,Q891723,public company,2026-04-10 08:14:08.375809
36251,PIRC.MI,Q207770,instance_of,Q4830453,business,2026-04-10 08:14:08.375809
36252,PST.MI,Q495026,instance_of,Q1529128,postal service,2026-04-10 08:14:08.375809
36253,PST.MI,Q495026,instance_of,Q4830453,business,2026-04-10 08:14:08.375809
36254,PST.MI,Q495026,instance_of,Q6881511,enterprise,2026-04-10 08:14:08.375809
36255,SRG.MI,Q583247,instance_of,Q891723,public company,2026-04-10 08:14:08.375809
36256,SRG.MI,Q583247,instance_of,Q1341478,energy company,2026-04-10 08:14:08.375809
36257,SRG.MI,Q583247,instance_of,Q4830453,business,2026-04-10 08:14:08.375809
36258,SRG.MI,Q583247,instance_of,Q6881511,enterprise,2026-04-10 08:14:08.375809
36259,MB.MI,Q749034,instance_of,Q22687,bank,2026-04-10 08:14:08.375809
36260,MB.MI,Q749034,instance_of,Q319845,investment bank,2026-04-10 08:14:08.375809
36261,MB.MI,Q749034,instance_of,Q730038,credit institution,2026-04-10 08:14:08.375809
36262,MB.MI,Q749034,instance_of,Q891723,public company,2026-04-10 08:14:08.375809
36263,MB.MI,Q749034,instance_of,Q4830453,business,2026-04-10 08:14:08.375809
36264,MB.MI,Q749034,instance_of,Q6881511,enterprise,2026-04-10 08:14:08.375809
36265,PIA.MI,Q841263,instance_of,Q15081030,motorcycle manufacturer,2026-04-10 08:14:08.375809
36266,LTMC.MI,Q919970,instance_of,Q43229,organization,2026-04-10 08:14:08.375809
36267,LTMC.MI,Q919970,instance_of,Q4830453,business,2026-04-10 08:14:08.375809
36268,LTMC.MI,Q919970,instance_of,Q6881511,enterprise,2026-04-10 08:14:08.375809
36269,SFL.MI,Q950766,instance_of,Q4830453,business,2026-04-10 08:14:08.375809
36270,SFL.MI,Q950766,instance_of,Q6881511,enterprise,2026-04-10 08:14:08.375809
36271,REC.MI,Q1452068,instance_of,Q4830453,business,2026-04-10 08:14:08.375809
36272,REC.MI,Q1452068,instance_of,Q6881511,enterprise,2026-04-10 08:14:08.375809
36273,MONC.MI,Q1548951,instance_of,Q891723,public company,2026-04-10 08:14:08.375809
36274,MONC.MI,Q1548951,instance_of,Q4830453,business,2026-04-10 08:14:08.375809
36275,MONC.MI,Q1548951,instance_of,Q6545498,lifestyle brand,2026-04-10 08:14:08.375809
36276,MONC.MI,Q1548951,instance_of,Q6881511,enterprise,2026-04-10 08:14:08.375809
36277,PRY.MI,Q1964784,instance_of,Q891723,public company,2026-04-10 08:14:08.375809
36278,PRY.MI,Q1964784,instance_of,Q4830453,business,2026-04-10 08:14:08.375809
36279,OVS.MI,Q2042514,instance_of,Q4830453,business,2026-04-10 08:14:08.375809
36280,SFT.MI,Q3604601,instance_of,Q2401749,telecommunication company,2026-04-10 08:14:08.375809
36281,SFT.MI,Q3604601,instance_of,Q4830453,business,2026-04-10 08:14:08.375809
36282,SFT.MI,Q3604601,instance_of,Q6881511,enterprise,2026-04-10 08:14:08.375809
36283,NEXI.MI,Q3803598,instance_of,Q22687,bank,2026-04-10 08:14:08.375809
36284,NEXI.MI,Q3803598,instance_of,Q891723,public company,2026-04-10 08:14:08.375809
36285,NEXI.MI,Q3803598,instance_of,Q4830453,business,2026-04-10 08:14:08.375809
36286,NEXI.MI,Q3803598,instance_of,Q6881511,enterprise,2026-04-10 08:14:08.375809
36287,MOL.MI,Q3868774,instance_of,Q4830453,business,2026-04-10 08:14:08.375809
36288,MOL.MI,Q3868774,instance_of,Q6881511,enterprise,2026-04-10 08:14:08.375809
36289,PQ.MI,Q3905555,instance_of,Q4830453,business,2026-04-10 08:14:08.375809
36290,PQ.MI,Q3905555,instance_of,Q6881511,enterprise,2026-04-10 08:14:08.375809
36291,SGF.MI,Q3943802,instance_of,Q4830453,business,2026-04-10 08:14:08.375809
36292,SGF.MI,Q3943802,instance_of,Q6881511,enterprise,2026-04-10 08:14:08.375809
36293,SFER.MI,Q3946053,instance_of,Q4830453,business,2026-04-10 08:14:08.375809
36294,SFER.MI,Q3946053,instance_of,Q6881511,enterprise,2026-04-10 08:14:08.375809
36295,NWL.MI,Q16582206,instance_of,Q4830453,business,2026-04-10 08:14:08.375809
36296,NWL.MI,Q16582206,instance_of,Q6881511,enterprise,2026-04-10 08:14:08.375809
36297,SL.MI,Q27580296,instance_of,Q190928,shipyard,2026-04-10 08:14:08.375809
36298,SOL.MI,Q27926571,instance_of,Q4830453,business,2026-04-10 08:14:08.375809
36299,PHIL.MI,Q30284961,instance_of,Q4830453,business,2026-04-10 08:14:08.375809
36300,MN.MI,Q119942453,instance_of,Q1320047,book publisher,2026-04-10 08:14:08.375809
36301,MN.MI,Q119942453,instance_of,Q19720191,large publisher,2026-04-10 08:14:08.375809
36302,TNXT.MI,Q124662865,instance_of,Q4830453,business,2026-04-10 08:14:08.375809
36303,TNXT.MI,Q124662865,instance_of,Q6881511,enterprise,2026-04-10 08:14:08.375809
36304,IOT.MI,Q135258578,instance_of,Q206361,concern,2026-04-10 08:14:08.375809
36305,IOT.MI,Q135258578,instance_of,Q4830453,business,2026-04-10 08:14:08.375809
36306,IOT.MI,Q135258578,instance_of,Q6881511,enterprise,2026-04-10 08:14:08.375809
36307,SSL.MI,Q2609,part_of,Q3907390,SS Lazio (multisports club),2026-04-10 08:14:08.375809
36316,MONC.MI,Q1548951,part_of,Q1389807,FTSE MIB,2026-04-10 08:14:08.375809
36351,SGF.MI,Q3943802,owned_by,CIR.MI,CIR Group,2026-04-10 08:14:08.375809
36400,UCG.MI,Q45568,subsidiaries,FBK.MI,nan,2026-04-10 08:14:08.375809
36428,TIT.MI,Q144617,subsidiaries,INW.MI,nan,2026-04-10 08:14:08.375809
36429,TITR.MI,Q144617,subsidiaries,INW.MI,nan,2026-04-10 08:14:08.375809
36491,UCG.MI,Q45568,products,Q837171,financial services,2026-04-10 08:14:08.375809
36492,TIT.MI,Q144617,products,Q11371,internet service provider,2026-04-10 08:14:08.375809
36493,TITR.MI,Q144617,products,Q11371,internet service provider,2026-04-10 08:14:08.375809
36494,TIT.MI,Q144617,products,Q177518,IPTV,2026-04-10 08:14:08.375809
36495,TITR.MI,Q144617,products,Q177518,IPTV,2026-04-10 08:14:08.375809
36496,TIT.MI,Q144617,products,Q194163,broadband,2026-04-10 08:14:08.375809
36497,TITR.MI,Q144617,products,Q194163,broadband,2026-04-10 08:14:08.375809
36498,TIT.MI,Q144617,products,Q738621,landline telephone,2026-04-10 08:14:08.375809
36499,TITR.MI,Q144617,products,Q738621,landline telephone,2026-04-10 08:14:08.375809
36500,TIT.MI,Q144617,products,Q992968,mobile telephony,2026-04-10 08:14:08.375809
36501,TITR.MI,Q144617,products,Q992968,mobile telephony,2026-04-10 08:14:08.375809
36502,TIT.MI,Q144617,products,Q15057100,broadband Internet access,2026-04-10 08:14:08.375809
36503,TITR.MI,Q144617,products,Q15057100,broadband Internet access,2026-04-10 08:14:08.375809
36506,TGYM.MI,Q2461960,products,Q352222,exercise equipment,2026-04-10 08:14:08.375809
36507,WBD.MI,Q21693482,products,Q121359,infrastructure,2026-04-10 08:14:08.375809
36509,TPRO.MI,Q111142424,products,Q11456,semiconductor,2026-04-10 08:14:08.375809
36510,TPRO.MI,Q111142424,products,Q80831,integrated circuit,2026-04-10 08:14:08.375809
36511,TPRO.MI,Q111142424,products,Q126095,electronic engineering,2026-04-10 08:14:08.375809
36512,TPRO.MI,Q111142424,products,Q7246919,probe card,2026-04-10 08:14:08.375809
36515,UD.MI,Q132830159,products,Q3467747,telecommunications service,2026-04-10 08:14:08.375809
36540,UCG.MI,Q45568,instance_of,Q22687,bank,2026-04-10 08:14:08.375809
36541,UCG.MI,Q45568,instance_of,Q891723,public company,2026-04-10 08:14:08.375809
36542,UCG.MI,Q45568,instance_of,Q4830453,business,2026-04-10 08:14:08.375809
36543,UCG.MI,Q45568,instance_of,Q6881511,enterprise,2026-04-10 08:14:08.375809
36544,TIT.MI,Q144617,instance_of,Q2401749,telecommunication company,2026-04-10 08:14:08.375809
36545,TITR.MI,Q144617,instance_of,Q2401749,telecommunication company,2026-04-10 08:14:08.375809
36546,TIT.MI,Q144617,instance_of,Q4830453,business,2026-04-10 08:14:08.375809
36547,TITR.MI,Q144617,instance_of,Q4830453,business,2026-04-10 08:14:08.375809
36548,TIT.MI,Q144617,instance_of,Q6881511,enterprise,2026-04-10 08:14:08.375809
36549,TITR.MI,Q144617,instance_of,Q6881511,enterprise,2026-04-10 08:14:08.375809
36550,TRN.MI,Q936325,instance_of,Q112046,transmission system operator for electricity,2026-04-10 08:14:08.375809
36551,TRN.MI,Q936325,instance_of,Q891723,public company,2026-04-10 08:14:08.375809
36552,TRN.MI,Q936325,instance_of,Q4830453,business,2026-04-10 08:14:08.375809
36553,TRN.MI,Q936325,instance_of,Q6881511,enterprise,2026-04-10 08:14:08.375809
36554,UNI.MI,Q1503818,instance_of,Q4830453,business,2026-04-10 08:14:08.375809
36555,UNI.MI,Q1503818,instance_of,Q6881511,enterprise,2026-04-10 08:14:08.375809
36556,TGYM.MI,Q2461960,instance_of,Q4830453,business,2026-04-10 08:14:08.375809
36557,TGYM.MI,Q2461960,instance_of,Q6881511,enterprise,2026-04-10 08:14:08.375809
36558,WBD.MI,Q21693482,instance_of,Q891723,public company,2026-04-10 08:14:08.375809
36559,WBD.MI,Q21693482,instance_of,Q4830453,business,2026-04-10 08:14:08.375809
36560,ZEST.MI,Q93097534,instance_of,Q4830453,business,2026-04-10 08:14:08.375809
36561,ZEST.MI,Q93097534,instance_of,Q6881511,enterprise,2026-04-10 08:14:08.375809
36562,TPRO.MI,Q111142424,instance_of,Q43229,organization,2026-04-10 08:14:08.375809
36563,TPRO.MI,Q111142424,instance_of,Q431289,brand,2026-04-10 08:14:08.375809
36564,TPRO.MI,Q111142424,instance_of,Q4830453,business,2026-04-10 08:14:08.375809
36565,TPRO.MI,Q111142424,instance_of,Q6881511,enterprise,2026-04-10 08:14:08.375809
36566,TPRO.MI,Q111142424,instance_of,Q18388277,technology company,2026-04-10 08:14:08.375809
36568,TISG.MI,Q129823767,instance_of,Q197952,corporate group,2026-04-10 08:14:08.375809
36569,UD.MI,Q132830159,instance_of,Q2401749,telecommunication company,2026-04-10 08:14:08.375809
36570,UD.MI,Q132830159,instance_of,Q4830453,business,2026-04-10 08:14:08.375809
36571,UD.MI,Q132830159,instance_of,Q6881511,enterprise,2026-04-10 08:14:08.375809
36572,UCG.MI,Q45568,part_of,Q981010,EURO STOXX 50,2026-04-10 08:14:08.375809
36585,TIT.MI,Q144617,owned_by,PST.MI,Poste Italiane,2026-04-10 08:14:08.375809
36586,TITR.MI,Q144617,owned_by,PST.MI,Poste Italiane,2026-04-10 08:14:08.375809
36590,WBD.MI,Q21693482,owned_by,ISP.MI,Intesa Sanpaolo,2026-04-10 08:14:08.375809
